{"timestamp":"2025-10-16T14:54:44.444235Z","level":"info","event":"Filling up the DagBag from /opt/airflow/dags/salse2s3.py","logger":"airflow.models.dagbag.DagBag","filename":"dagbag.py","lineno":593}
{"timestamp":"2025-10-16T14:54:44.460923Z","level":"warning","event":"The `airflow.decorators.dag` attribute is deprecated. Please use `'airflow.sdk.dag'`.","category":"DeprecatedImportWarning","filename":"/opt/airflow/dags/salse2s3.py","lineno":7,"logger":"py.warnings"}
{"timestamp":"2025-10-16T14:54:44.460996Z","level":"warning","event":"The `airflow.decorators.task` attribute is deprecated. Please use `'airflow.sdk.task'`.","category":"DeprecatedImportWarning","filename":"/opt/airflow/dags/salse2s3.py","lineno":7,"logger":"py.warnings"}
{"timestamp":"2025-10-16T14:55:15.173751Z","level":"info","event":"Filling up the DagBag from /opt/airflow/dags/salse2s3.py","logger":"airflow.models.dagbag.DagBag","filename":"dagbag.py","lineno":593}
{"timestamp":"2025-10-16T14:55:15.190975Z","level":"warning","event":"The `airflow.decorators.dag` attribute is deprecated. Please use `'airflow.sdk.dag'`.","category":"DeprecatedImportWarning","filename":"/opt/airflow/dags/salse2s3.py","lineno":7,"logger":"py.warnings"}
{"timestamp":"2025-10-16T14:55:15.191220Z","level":"warning","event":"The `airflow.decorators.task` attribute is deprecated. Please use `'airflow.sdk.task'`.","category":"DeprecatedImportWarning","filename":"/opt/airflow/dags/salse2s3.py","lineno":7,"logger":"py.warnings"}
{"timestamp":"2025-10-16T14:55:45.508573Z","level":"info","event":"Filling up the DagBag from /opt/airflow/dags/salse2s3.py","logger":"airflow.models.dagbag.DagBag","filename":"dagbag.py","lineno":593}
{"timestamp":"2025-10-16T14:55:45.521972Z","level":"warning","event":"The `airflow.decorators.dag` attribute is deprecated. Please use `'airflow.sdk.dag'`.","category":"DeprecatedImportWarning","filename":"/opt/airflow/dags/salse2s3.py","lineno":7,"logger":"py.warnings"}
{"timestamp":"2025-10-16T14:55:45.522041Z","level":"warning","event":"The `airflow.decorators.task` attribute is deprecated. Please use `'airflow.sdk.task'`.","category":"DeprecatedImportWarning","filename":"/opt/airflow/dags/salse2s3.py","lineno":7,"logger":"py.warnings"}
{"timestamp":"2025-10-16T14:56:15.889287Z","level":"info","event":"Filling up the DagBag from /opt/airflow/dags/salse2s3.py","logger":"airflow.models.dagbag.DagBag","filename":"dagbag.py","lineno":593}
{"timestamp":"2025-10-16T14:56:15.904978Z","level":"warning","event":"The `airflow.decorators.dag` attribute is deprecated. Please use `'airflow.sdk.dag'`.","category":"DeprecatedImportWarning","filename":"/opt/airflow/dags/salse2s3.py","lineno":7,"logger":"py.warnings"}
{"timestamp":"2025-10-16T14:56:15.905156Z","level":"warning","event":"The `airflow.decorators.task` attribute is deprecated. Please use `'airflow.sdk.task'`.","category":"DeprecatedImportWarning","filename":"/opt/airflow/dags/salse2s3.py","lineno":7,"logger":"py.warnings"}
{"timestamp":"2025-10-16T14:56:46.285178Z","level":"info","event":"Filling up the DagBag from /opt/airflow/dags/salse2s3.py","logger":"airflow.models.dagbag.DagBag","filename":"dagbag.py","lineno":593}
{"timestamp":"2025-10-16T14:56:46.299101Z","level":"warning","event":"The `airflow.decorators.dag` attribute is deprecated. Please use `'airflow.sdk.dag'`.","category":"DeprecatedImportWarning","filename":"/opt/airflow/dags/salse2s3.py","lineno":7,"logger":"py.warnings"}
{"timestamp":"2025-10-16T14:56:46.299156Z","level":"warning","event":"The `airflow.decorators.task` attribute is deprecated. Please use `'airflow.sdk.task'`.","category":"DeprecatedImportWarning","filename":"/opt/airflow/dags/salse2s3.py","lineno":7,"logger":"py.warnings"}
{"timestamp":"2025-10-16T14:57:16.698793Z","level":"info","event":"Filling up the DagBag from /opt/airflow/dags/salse2s3.py","logger":"airflow.models.dagbag.DagBag","filename":"dagbag.py","lineno":593}
{"timestamp":"2025-10-16T14:57:16.714213Z","level":"warning","event":"The `airflow.decorators.dag` attribute is deprecated. Please use `'airflow.sdk.dag'`.","category":"DeprecatedImportWarning","filename":"/opt/airflow/dags/salse2s3.py","lineno":7,"logger":"py.warnings"}
{"timestamp":"2025-10-16T14:57:16.714293Z","level":"warning","event":"The `airflow.decorators.task` attribute is deprecated. Please use `'airflow.sdk.task'`.","category":"DeprecatedImportWarning","filename":"/opt/airflow/dags/salse2s3.py","lineno":7,"logger":"py.warnings"}
{"timestamp":"2025-10-16T14:57:47.156552Z","level":"info","event":"Filling up the DagBag from /opt/airflow/dags/salse2s3.py","logger":"airflow.models.dagbag.DagBag","filename":"dagbag.py","lineno":593}
{"timestamp":"2025-10-16T14:57:47.175086Z","level":"warning","event":"The `airflow.decorators.dag` attribute is deprecated. Please use `'airflow.sdk.dag'`.","category":"DeprecatedImportWarning","filename":"/opt/airflow/dags/salse2s3.py","lineno":7,"logger":"py.warnings"}
{"timestamp":"2025-10-16T14:57:47.175280Z","level":"warning","event":"The `airflow.decorators.task` attribute is deprecated. Please use `'airflow.sdk.task'`.","category":"DeprecatedImportWarning","filename":"/opt/airflow/dags/salse2s3.py","lineno":7,"logger":"py.warnings"}
{"timestamp":"2025-10-16T14:58:17.512666Z","level":"info","event":"Filling up the DagBag from /opt/airflow/dags/salse2s3.py","logger":"airflow.models.dagbag.DagBag","filename":"dagbag.py","lineno":593}
{"timestamp":"2025-10-16T14:58:17.523845Z","level":"warning","event":"The `airflow.decorators.dag` attribute is deprecated. Please use `'airflow.sdk.dag'`.","category":"DeprecatedImportWarning","filename":"/opt/airflow/dags/salse2s3.py","lineno":7,"logger":"py.warnings"}
{"timestamp":"2025-10-16T14:58:17.523903Z","level":"warning","event":"The `airflow.decorators.task` attribute is deprecated. Please use `'airflow.sdk.task'`.","category":"DeprecatedImportWarning","filename":"/opt/airflow/dags/salse2s3.py","lineno":7,"logger":"py.warnings"}
{"timestamp":"2025-10-16T14:58:47.940346Z","level":"info","event":"Filling up the DagBag from /opt/airflow/dags/salse2s3.py","logger":"airflow.models.dagbag.DagBag","filename":"dagbag.py","lineno":593}
{"timestamp":"2025-10-16T14:58:47.957969Z","level":"warning","event":"The `airflow.decorators.dag` attribute is deprecated. Please use `'airflow.sdk.dag'`.","category":"DeprecatedImportWarning","filename":"/opt/airflow/dags/salse2s3.py","lineno":7,"logger":"py.warnings"}
{"timestamp":"2025-10-16T14:58:47.958476Z","level":"warning","event":"The `airflow.decorators.task` attribute is deprecated. Please use `'airflow.sdk.task'`.","category":"DeprecatedImportWarning","filename":"/opt/airflow/dags/salse2s3.py","lineno":7,"logger":"py.warnings"}
{"timestamp":"2025-10-16T14:59:18.388515Z","level":"info","event":"Filling up the DagBag from /opt/airflow/dags/salse2s3.py","logger":"airflow.models.dagbag.DagBag","filename":"dagbag.py","lineno":593}
{"timestamp":"2025-10-16T14:59:18.400596Z","level":"warning","event":"The `airflow.decorators.dag` attribute is deprecated. Please use `'airflow.sdk.dag'`.","category":"DeprecatedImportWarning","filename":"/opt/airflow/dags/salse2s3.py","lineno":7,"logger":"py.warnings"}
{"timestamp":"2025-10-16T14:59:18.400658Z","level":"warning","event":"The `airflow.decorators.task` attribute is deprecated. Please use `'airflow.sdk.task'`.","category":"DeprecatedImportWarning","filename":"/opt/airflow/dags/salse2s3.py","lineno":7,"logger":"py.warnings"}
{"timestamp":"2025-10-16T14:59:48.812503Z","level":"info","event":"Filling up the DagBag from /opt/airflow/dags/salse2s3.py","logger":"airflow.models.dagbag.DagBag","filename":"dagbag.py","lineno":593}
{"timestamp":"2025-10-16T14:59:48.824851Z","level":"warning","event":"The `airflow.decorators.dag` attribute is deprecated. Please use `'airflow.sdk.dag'`.","category":"DeprecatedImportWarning","filename":"/opt/airflow/dags/salse2s3.py","lineno":7,"logger":"py.warnings"}
{"timestamp":"2025-10-16T14:59:48.824940Z","level":"warning","event":"The `airflow.decorators.task` attribute is deprecated. Please use `'airflow.sdk.task'`.","category":"DeprecatedImportWarning","filename":"/opt/airflow/dags/salse2s3.py","lineno":7,"logger":"py.warnings"}
{"timestamp":"2025-10-16T15:00:19.172758Z","level":"info","event":"Filling up the DagBag from /opt/airflow/dags/salse2s3.py","logger":"airflow.models.dagbag.DagBag","filename":"dagbag.py","lineno":593}
{"timestamp":"2025-10-16T15:00:19.186748Z","level":"warning","event":"The `airflow.decorators.dag` attribute is deprecated. Please use `'airflow.sdk.dag'`.","category":"DeprecatedImportWarning","filename":"/opt/airflow/dags/salse2s3.py","lineno":7,"logger":"py.warnings"}
{"timestamp":"2025-10-16T15:00:19.186966Z","level":"warning","event":"The `airflow.decorators.task` attribute is deprecated. Please use `'airflow.sdk.task'`.","category":"DeprecatedImportWarning","filename":"/opt/airflow/dags/salse2s3.py","lineno":7,"logger":"py.warnings"}
{"timestamp":"2025-10-16T15:00:49.609060Z","level":"info","event":"Filling up the DagBag from /opt/airflow/dags/salse2s3.py","logger":"airflow.models.dagbag.DagBag","filename":"dagbag.py","lineno":593}
{"timestamp":"2025-10-16T15:00:49.633200Z","level":"warning","event":"The `airflow.decorators.dag` attribute is deprecated. Please use `'airflow.sdk.dag'`.","category":"DeprecatedImportWarning","filename":"/opt/airflow/dags/salse2s3.py","lineno":7,"logger":"py.warnings"}
{"timestamp":"2025-10-16T15:00:49.633392Z","level":"warning","event":"The `airflow.decorators.task` attribute is deprecated. Please use `'airflow.sdk.task'`.","category":"DeprecatedImportWarning","filename":"/opt/airflow/dags/salse2s3.py","lineno":7,"logger":"py.warnings"}
{"timestamp":"2025-10-16T15:01:20.031421Z","level":"info","event":"Filling up the DagBag from /opt/airflow/dags/salse2s3.py","logger":"airflow.models.dagbag.DagBag","filename":"dagbag.py","lineno":593}
{"timestamp":"2025-10-16T15:01:20.043780Z","level":"warning","event":"The `airflow.decorators.dag` attribute is deprecated. Please use `'airflow.sdk.dag'`.","category":"DeprecatedImportWarning","filename":"/opt/airflow/dags/salse2s3.py","lineno":7,"logger":"py.warnings"}
{"timestamp":"2025-10-16T15:01:20.043852Z","level":"warning","event":"The `airflow.decorators.task` attribute is deprecated. Please use `'airflow.sdk.task'`.","category":"DeprecatedImportWarning","filename":"/opt/airflow/dags/salse2s3.py","lineno":7,"logger":"py.warnings"}
{"timestamp":"2025-10-16T15:01:50.476686Z","level":"info","event":"Filling up the DagBag from /opt/airflow/dags/salse2s3.py","logger":"airflow.models.dagbag.DagBag","filename":"dagbag.py","lineno":593}
{"timestamp":"2025-10-16T15:01:50.490805Z","level":"warning","event":"The `airflow.decorators.dag` attribute is deprecated. Please use `'airflow.sdk.dag'`.","category":"DeprecatedImportWarning","filename":"/opt/airflow/dags/salse2s3.py","lineno":7,"logger":"py.warnings"}
{"timestamp":"2025-10-16T15:01:50.490989Z","level":"warning","event":"The `airflow.decorators.task` attribute is deprecated. Please use `'airflow.sdk.task'`.","category":"DeprecatedImportWarning","filename":"/opt/airflow/dags/salse2s3.py","lineno":7,"logger":"py.warnings"}
{"timestamp":"2025-10-16T15:02:20.855676Z","level":"info","event":"Filling up the DagBag from /opt/airflow/dags/salse2s3.py","logger":"airflow.models.dagbag.DagBag","filename":"dagbag.py","lineno":593}
{"timestamp":"2025-10-16T15:02:20.867788Z","level":"warning","event":"The `airflow.decorators.dag` attribute is deprecated. Please use `'airflow.sdk.dag'`.","category":"DeprecatedImportWarning","filename":"/opt/airflow/dags/salse2s3.py","lineno":7,"logger":"py.warnings"}
{"timestamp":"2025-10-16T15:02:20.867842Z","level":"warning","event":"The `airflow.decorators.task` attribute is deprecated. Please use `'airflow.sdk.task'`.","category":"DeprecatedImportWarning","filename":"/opt/airflow/dags/salse2s3.py","lineno":7,"logger":"py.warnings"}
{"timestamp":"2025-10-16T15:02:51.256563Z","level":"info","event":"Filling up the DagBag from /opt/airflow/dags/salse2s3.py","logger":"airflow.models.dagbag.DagBag","filename":"dagbag.py","lineno":593}
{"timestamp":"2025-10-16T15:02:51.266761Z","level":"warning","event":"The `airflow.decorators.dag` attribute is deprecated. Please use `'airflow.sdk.dag'`.","category":"DeprecatedImportWarning","filename":"/opt/airflow/dags/salse2s3.py","lineno":7,"logger":"py.warnings"}
{"timestamp":"2025-10-16T15:02:51.266814Z","level":"warning","event":"The `airflow.decorators.task` attribute is deprecated. Please use `'airflow.sdk.task'`.","category":"DeprecatedImportWarning","filename":"/opt/airflow/dags/salse2s3.py","lineno":7,"logger":"py.warnings"}
{"timestamp":"2025-10-16T15:03:21.708312Z","level":"info","event":"Filling up the DagBag from /opt/airflow/dags/salse2s3.py","logger":"airflow.models.dagbag.DagBag","filename":"dagbag.py","lineno":593}
{"timestamp":"2025-10-16T15:03:21.724735Z","level":"warning","event":"The `airflow.decorators.dag` attribute is deprecated. Please use `'airflow.sdk.dag'`.","category":"DeprecatedImportWarning","filename":"/opt/airflow/dags/salse2s3.py","lineno":7,"logger":"py.warnings"}
{"timestamp":"2025-10-16T15:03:21.724822Z","level":"warning","event":"The `airflow.decorators.task` attribute is deprecated. Please use `'airflow.sdk.task'`.","category":"DeprecatedImportWarning","filename":"/opt/airflow/dags/salse2s3.py","lineno":7,"logger":"py.warnings"}
{"timestamp":"2025-10-16T15:03:52.151513Z","level":"info","event":"Filling up the DagBag from /opt/airflow/dags/salse2s3.py","logger":"airflow.models.dagbag.DagBag","filename":"dagbag.py","lineno":593}
{"timestamp":"2025-10-16T15:03:52.165926Z","level":"warning","event":"The `airflow.decorators.dag` attribute is deprecated. Please use `'airflow.sdk.dag'`.","category":"DeprecatedImportWarning","filename":"/opt/airflow/dags/salse2s3.py","lineno":7,"logger":"py.warnings"}
{"timestamp":"2025-10-16T15:03:52.166010Z","level":"warning","event":"The `airflow.decorators.task` attribute is deprecated. Please use `'airflow.sdk.task'`.","category":"DeprecatedImportWarning","filename":"/opt/airflow/dags/salse2s3.py","lineno":7,"logger":"py.warnings"}
{"timestamp":"2025-10-16T15:04:22.485261Z","level":"info","event":"Filling up the DagBag from /opt/airflow/dags/salse2s3.py","logger":"airflow.models.dagbag.DagBag","filename":"dagbag.py","lineno":593}
{"timestamp":"2025-10-16T15:04:22.498058Z","level":"warning","event":"The `airflow.decorators.dag` attribute is deprecated. Please use `'airflow.sdk.dag'`.","category":"DeprecatedImportWarning","filename":"/opt/airflow/dags/salse2s3.py","lineno":7,"logger":"py.warnings"}
{"timestamp":"2025-10-16T15:04:22.498480Z","level":"warning","event":"The `airflow.decorators.task` attribute is deprecated. Please use `'airflow.sdk.task'`.","category":"DeprecatedImportWarning","filename":"/opt/airflow/dags/salse2s3.py","lineno":7,"logger":"py.warnings"}
{"timestamp":"2025-10-16T15:04:26.592170Z","level":"info","event":"Filling up the DagBag from /opt/airflow/dags/salse2s3.py","logger":"airflow.models.dagbag.DagBag","filename":"dagbag.py","lineno":593}
{"timestamp":"2025-10-16T15:04:26.607790Z","level":"warning","event":"The `airflow.decorators.dag` attribute is deprecated. Please use `'airflow.sdk.dag'`.","category":"DeprecatedImportWarning","filename":"/opt/airflow/dags/salse2s3.py","lineno":7,"logger":"py.warnings"}
{"timestamp":"2025-10-16T15:04:26.608192Z","level":"warning","event":"The `airflow.decorators.task` attribute is deprecated. Please use `'airflow.sdk.task'`.","category":"DeprecatedImportWarning","filename":"/opt/airflow/dags/salse2s3.py","lineno":7,"logger":"py.warnings"}
{"timestamp":"2025-10-16T15:04:56.962219Z","level":"info","event":"Filling up the DagBag from /opt/airflow/dags/salse2s3.py","logger":"airflow.models.dagbag.DagBag","filename":"dagbag.py","lineno":593}
{"timestamp":"2025-10-16T15:04:56.973654Z","level":"warning","event":"The `airflow.decorators.dag` attribute is deprecated. Please use `'airflow.sdk.dag'`.","category":"DeprecatedImportWarning","filename":"/opt/airflow/dags/salse2s3.py","lineno":7,"logger":"py.warnings"}
{"timestamp":"2025-10-16T15:04:56.973965Z","level":"warning","event":"The `airflow.decorators.task` attribute is deprecated. Please use `'airflow.sdk.task'`.","category":"DeprecatedImportWarning","filename":"/opt/airflow/dags/salse2s3.py","lineno":7,"logger":"py.warnings"}
{"timestamp":"2025-10-16T15:05:27.373283Z","level":"info","event":"Filling up the DagBag from /opt/airflow/dags/salse2s3.py","logger":"airflow.models.dagbag.DagBag","filename":"dagbag.py","lineno":593}
{"timestamp":"2025-10-16T15:05:27.384316Z","level":"warning","event":"The `airflow.decorators.dag` attribute is deprecated. Please use `'airflow.sdk.dag'`.","category":"DeprecatedImportWarning","filename":"/opt/airflow/dags/salse2s3.py","lineno":7,"logger":"py.warnings"}
{"timestamp":"2025-10-16T15:05:27.384385Z","level":"warning","event":"The `airflow.decorators.task` attribute is deprecated. Please use `'airflow.sdk.task'`.","category":"DeprecatedImportWarning","filename":"/opt/airflow/dags/salse2s3.py","lineno":7,"logger":"py.warnings"}
{"timestamp":"2025-10-16T15:05:57.821158Z","level":"info","event":"Filling up the DagBag from /opt/airflow/dags/salse2s3.py","logger":"airflow.models.dagbag.DagBag","filename":"dagbag.py","lineno":593}
{"timestamp":"2025-10-16T15:05:57.834668Z","level":"warning","event":"The `airflow.decorators.dag` attribute is deprecated. Please use `'airflow.sdk.dag'`.","category":"DeprecatedImportWarning","filename":"/opt/airflow/dags/salse2s3.py","lineno":7,"logger":"py.warnings"}
{"timestamp":"2025-10-16T15:05:57.834730Z","level":"warning","event":"The `airflow.decorators.task` attribute is deprecated. Please use `'airflow.sdk.task'`.","category":"DeprecatedImportWarning","filename":"/opt/airflow/dags/salse2s3.py","lineno":7,"logger":"py.warnings"}
{"timestamp":"2025-10-16T15:06:28.145608Z","level":"info","event":"Filling up the DagBag from /opt/airflow/dags/salse2s3.py","logger":"airflow.models.dagbag.DagBag","filename":"dagbag.py","lineno":593}
{"timestamp":"2025-10-16T15:06:28.156474Z","level":"warning","event":"The `airflow.decorators.dag` attribute is deprecated. Please use `'airflow.sdk.dag'`.","category":"DeprecatedImportWarning","filename":"/opt/airflow/dags/salse2s3.py","lineno":7,"logger":"py.warnings"}
{"timestamp":"2025-10-16T15:06:28.156862Z","level":"warning","event":"The `airflow.decorators.task` attribute is deprecated. Please use `'airflow.sdk.task'`.","category":"DeprecatedImportWarning","filename":"/opt/airflow/dags/salse2s3.py","lineno":7,"logger":"py.warnings"}
{"timestamp":"2025-10-16T15:06:58.540138Z","level":"info","event":"Filling up the DagBag from /opt/airflow/dags/salse2s3.py","logger":"airflow.models.dagbag.DagBag","filename":"dagbag.py","lineno":593}
{"timestamp":"2025-10-16T15:06:58.555287Z","level":"warning","event":"The `airflow.decorators.dag` attribute is deprecated. Please use `'airflow.sdk.dag'`.","category":"DeprecatedImportWarning","filename":"/opt/airflow/dags/salse2s3.py","lineno":7,"logger":"py.warnings"}
{"timestamp":"2025-10-16T15:06:58.555375Z","level":"warning","event":"The `airflow.decorators.task` attribute is deprecated. Please use `'airflow.sdk.task'`.","category":"DeprecatedImportWarning","filename":"/opt/airflow/dags/salse2s3.py","lineno":7,"logger":"py.warnings"}
{"timestamp":"2025-10-16T15:07:23.962189Z","level":"info","event":"Filling up the DagBag from /opt/airflow/dags/salse2s3.py","logger":"airflow.models.dagbag.DagBag","filename":"dagbag.py","lineno":593}
{"timestamp":"2025-10-16T15:07:23.980711Z","level":"warning","event":"The `airflow.decorators.dag` attribute is deprecated. Please use `'airflow.sdk.dag'`.","category":"DeprecatedImportWarning","filename":"/opt/airflow/dags/salse2s3.py","lineno":7,"logger":"py.warnings"}
{"timestamp":"2025-10-16T15:07:23.980787Z","level":"warning","event":"The `airflow.decorators.task` attribute is deprecated. Please use `'airflow.sdk.task'`.","category":"DeprecatedImportWarning","filename":"/opt/airflow/dags/salse2s3.py","lineno":7,"logger":"py.warnings"}
{"timestamp":"2025-10-16T15:07:35.150688Z","level":"info","event":"Filling up the DagBag from /opt/airflow/dags/salse2s3.py","logger":"airflow.models.dagbag.DagBag","filename":"dagbag.py","lineno":593}
{"timestamp":"2025-10-16T15:07:35.164650Z","level":"warning","event":"The `airflow.decorators.dag` attribute is deprecated. Please use `'airflow.sdk.dag'`.","category":"DeprecatedImportWarning","filename":"/opt/airflow/dags/salse2s3.py","lineno":7,"logger":"py.warnings"}
{"timestamp":"2025-10-16T15:07:35.164719Z","level":"warning","event":"The `airflow.decorators.task` attribute is deprecated. Please use `'airflow.sdk.task'`.","category":"DeprecatedImportWarning","filename":"/opt/airflow/dags/salse2s3.py","lineno":7,"logger":"py.warnings"}
{"timestamp":"2025-10-16T15:07:46.353167Z","level":"info","event":"Filling up the DagBag from /opt/airflow/dags/salse2s3.py","logger":"airflow.models.dagbag.DagBag","filename":"dagbag.py","lineno":593}
{"timestamp":"2025-10-16T15:07:46.367969Z","level":"warning","event":"The `airflow.decorators.dag` attribute is deprecated. Please use `'airflow.sdk.dag'`.","category":"DeprecatedImportWarning","filename":"/opt/airflow/dags/salse2s3.py","lineno":7,"logger":"py.warnings"}
{"timestamp":"2025-10-16T15:07:46.368034Z","level":"warning","event":"The `airflow.decorators.task` attribute is deprecated. Please use `'airflow.sdk.task'`.","category":"DeprecatedImportWarning","filename":"/opt/airflow/dags/salse2s3.py","lineno":7,"logger":"py.warnings"}
{"timestamp":"2025-10-16T15:08:16.732110Z","level":"info","event":"Filling up the DagBag from /opt/airflow/dags/salse2s3.py","logger":"airflow.models.dagbag.DagBag","filename":"dagbag.py","lineno":593}
{"timestamp":"2025-10-16T15:08:16.745485Z","level":"warning","event":"The `airflow.decorators.dag` attribute is deprecated. Please use `'airflow.sdk.dag'`.","category":"DeprecatedImportWarning","filename":"/opt/airflow/dags/salse2s3.py","lineno":7,"logger":"py.warnings"}
{"timestamp":"2025-10-16T15:08:16.745807Z","level":"warning","event":"The `airflow.decorators.task` attribute is deprecated. Please use `'airflow.sdk.task'`.","category":"DeprecatedImportWarning","filename":"/opt/airflow/dags/salse2s3.py","lineno":7,"logger":"py.warnings"}
{"timestamp":"2025-10-16T15:08:47.130927Z","level":"info","event":"Filling up the DagBag from /opt/airflow/dags/salse2s3.py","logger":"airflow.models.dagbag.DagBag","filename":"dagbag.py","lineno":593}
{"timestamp":"2025-10-16T15:08:47.143152Z","level":"warning","event":"The `airflow.decorators.dag` attribute is deprecated. Please use `'airflow.sdk.dag'`.","category":"DeprecatedImportWarning","filename":"/opt/airflow/dags/salse2s3.py","lineno":7,"logger":"py.warnings"}
{"timestamp":"2025-10-16T15:08:47.143217Z","level":"warning","event":"The `airflow.decorators.task` attribute is deprecated. Please use `'airflow.sdk.task'`.","category":"DeprecatedImportWarning","filename":"/opt/airflow/dags/salse2s3.py","lineno":7,"logger":"py.warnings"}
{"timestamp":"2025-10-16T15:09:06.396973Z","level":"info","event":"Filling up the DagBag from /opt/airflow/dags/salse2s3.py","logger":"airflow.models.dagbag.DagBag","filename":"dagbag.py","lineno":593}
{"timestamp":"2025-10-16T15:09:06.414348Z","level":"warning","event":"The `airflow.decorators.dag` attribute is deprecated. Please use `'airflow.sdk.dag'`.","category":"DeprecatedImportWarning","filename":"/opt/airflow/dags/salse2s3.py","lineno":7,"logger":"py.warnings"}
{"timestamp":"2025-10-16T15:09:06.414424Z","level":"warning","event":"The `airflow.decorators.task` attribute is deprecated. Please use `'airflow.sdk.task'`.","category":"DeprecatedImportWarning","filename":"/opt/airflow/dags/salse2s3.py","lineno":7,"logger":"py.warnings"}
{"timestamp":"2025-10-16T15:09:20.628399Z","level":"info","event":"Filling up the DagBag from /opt/airflow/dags/salse2s3.py","logger":"airflow.models.dagbag.DagBag","filename":"dagbag.py","lineno":593}
{"timestamp":"2025-10-16T15:09:20.643770Z","level":"warning","event":"The `airflow.decorators.dag` attribute is deprecated. Please use `'airflow.sdk.dag'`.","category":"DeprecatedImportWarning","filename":"/opt/airflow/dags/salse2s3.py","lineno":7,"logger":"py.warnings"}
{"timestamp":"2025-10-16T15:09:20.643834Z","level":"warning","event":"The `airflow.decorators.task` attribute is deprecated. Please use `'airflow.sdk.task'`.","category":"DeprecatedImportWarning","filename":"/opt/airflow/dags/salse2s3.py","lineno":7,"logger":"py.warnings"}
{"timestamp":"2025-10-16T15:09:51.053156Z","level":"info","event":"Filling up the DagBag from /opt/airflow/dags/salse2s3.py","logger":"airflow.models.dagbag.DagBag","filename":"dagbag.py","lineno":593}
{"timestamp":"2025-10-16T15:09:51.066380Z","level":"warning","event":"The `airflow.decorators.dag` attribute is deprecated. Please use `'airflow.sdk.dag'`.","category":"DeprecatedImportWarning","filename":"/opt/airflow/dags/salse2s3.py","lineno":7,"logger":"py.warnings"}
{"timestamp":"2025-10-16T15:09:51.066453Z","level":"warning","event":"The `airflow.decorators.task` attribute is deprecated. Please use `'airflow.sdk.task'`.","category":"DeprecatedImportWarning","filename":"/opt/airflow/dags/salse2s3.py","lineno":7,"logger":"py.warnings"}
{"timestamp":"2025-10-16T15:10:21.447900Z","level":"info","event":"Filling up the DagBag from /opt/airflow/dags/salse2s3.py","logger":"airflow.models.dagbag.DagBag","filename":"dagbag.py","lineno":593}
{"timestamp":"2025-10-16T15:10:21.461992Z","level":"warning","event":"The `airflow.decorators.dag` attribute is deprecated. Please use `'airflow.sdk.dag'`.","category":"DeprecatedImportWarning","filename":"/opt/airflow/dags/salse2s3.py","lineno":7,"logger":"py.warnings"}
{"timestamp":"2025-10-16T15:10:21.462053Z","level":"warning","event":"The `airflow.decorators.task` attribute is deprecated. Please use `'airflow.sdk.task'`.","category":"DeprecatedImportWarning","filename":"/opt/airflow/dags/salse2s3.py","lineno":7,"logger":"py.warnings"}
{"timestamp":"2025-10-16T15:10:51.862894Z","level":"info","event":"Filling up the DagBag from /opt/airflow/dags/salse2s3.py","logger":"airflow.models.dagbag.DagBag","filename":"dagbag.py","lineno":593}
{"timestamp":"2025-10-16T15:10:51.877583Z","level":"warning","event":"The `airflow.decorators.dag` attribute is deprecated. Please use `'airflow.sdk.dag'`.","category":"DeprecatedImportWarning","filename":"/opt/airflow/dags/salse2s3.py","lineno":7,"logger":"py.warnings"}
{"timestamp":"2025-10-16T15:10:51.877644Z","level":"warning","event":"The `airflow.decorators.task` attribute is deprecated. Please use `'airflow.sdk.task'`.","category":"DeprecatedImportWarning","filename":"/opt/airflow/dags/salse2s3.py","lineno":7,"logger":"py.warnings"}
{"timestamp":"2025-10-16T15:11:22.282017Z","level":"info","event":"Filling up the DagBag from /opt/airflow/dags/salse2s3.py","logger":"airflow.models.dagbag.DagBag","filename":"dagbag.py","lineno":593}
{"timestamp":"2025-10-16T15:11:22.298717Z","level":"warning","event":"The `airflow.decorators.dag` attribute is deprecated. Please use `'airflow.sdk.dag'`.","category":"DeprecatedImportWarning","filename":"/opt/airflow/dags/salse2s3.py","lineno":7,"logger":"py.warnings"}
{"timestamp":"2025-10-16T15:11:22.298797Z","level":"warning","event":"The `airflow.decorators.task` attribute is deprecated. Please use `'airflow.sdk.task'`.","category":"DeprecatedImportWarning","filename":"/opt/airflow/dags/salse2s3.py","lineno":7,"logger":"py.warnings"}
{"timestamp":"2025-10-16T15:11:52.696016Z","level":"info","event":"Filling up the DagBag from /opt/airflow/dags/salse2s3.py","logger":"airflow.models.dagbag.DagBag","filename":"dagbag.py","lineno":593}
{"timestamp":"2025-10-16T15:11:52.710789Z","level":"warning","event":"The `airflow.decorators.dag` attribute is deprecated. Please use `'airflow.sdk.dag'`.","category":"DeprecatedImportWarning","filename":"/opt/airflow/dags/salse2s3.py","lineno":7,"logger":"py.warnings"}
{"timestamp":"2025-10-16T15:11:52.710863Z","level":"warning","event":"The `airflow.decorators.task` attribute is deprecated. Please use `'airflow.sdk.task'`.","category":"DeprecatedImportWarning","filename":"/opt/airflow/dags/salse2s3.py","lineno":7,"logger":"py.warnings"}
{"timestamp":"2025-10-16T15:12:23.052523Z","level":"info","event":"Filling up the DagBag from /opt/airflow/dags/salse2s3.py","logger":"airflow.models.dagbag.DagBag","filename":"dagbag.py","lineno":593}
{"timestamp":"2025-10-16T15:12:23.063867Z","level":"warning","event":"The `airflow.decorators.dag` attribute is deprecated. Please use `'airflow.sdk.dag'`.","category":"DeprecatedImportWarning","filename":"/opt/airflow/dags/salse2s3.py","lineno":7,"logger":"py.warnings"}
{"timestamp":"2025-10-16T15:12:23.063932Z","level":"warning","event":"The `airflow.decorators.task` attribute is deprecated. Please use `'airflow.sdk.task'`.","category":"DeprecatedImportWarning","filename":"/opt/airflow/dags/salse2s3.py","lineno":7,"logger":"py.warnings"}
{"timestamp":"2025-10-16T15:12:53.477251Z","level":"info","event":"Filling up the DagBag from /opt/airflow/dags/salse2s3.py","logger":"airflow.models.dagbag.DagBag","filename":"dagbag.py","lineno":593}
{"timestamp":"2025-10-16T15:12:53.490126Z","level":"warning","event":"The `airflow.decorators.dag` attribute is deprecated. Please use `'airflow.sdk.dag'`.","category":"DeprecatedImportWarning","filename":"/opt/airflow/dags/salse2s3.py","lineno":7,"logger":"py.warnings"}
{"timestamp":"2025-10-16T15:12:53.490198Z","level":"warning","event":"The `airflow.decorators.task` attribute is deprecated. Please use `'airflow.sdk.task'`.","category":"DeprecatedImportWarning","filename":"/opt/airflow/dags/salse2s3.py","lineno":7,"logger":"py.warnings"}
{"timestamp":"2025-10-16T15:13:23.895453Z","level":"info","event":"Filling up the DagBag from /opt/airflow/dags/salse2s3.py","logger":"airflow.models.dagbag.DagBag","filename":"dagbag.py","lineno":593}
{"timestamp":"2025-10-16T15:13:23.914073Z","level":"warning","event":"The `airflow.decorators.dag` attribute is deprecated. Please use `'airflow.sdk.dag'`.","category":"DeprecatedImportWarning","filename":"/opt/airflow/dags/salse2s3.py","lineno":7,"logger":"py.warnings"}
{"timestamp":"2025-10-16T15:13:23.914149Z","level":"warning","event":"The `airflow.decorators.task` attribute is deprecated. Please use `'airflow.sdk.task'`.","category":"DeprecatedImportWarning","filename":"/opt/airflow/dags/salse2s3.py","lineno":7,"logger":"py.warnings"}
{"timestamp":"2025-10-16T15:13:40.138851Z","level":"info","event":"Filling up the DagBag from /opt/airflow/dags/salse2s3.py","logger":"airflow.models.dagbag.DagBag","filename":"dagbag.py","lineno":593}
{"timestamp":"2025-10-16T15:13:40.155930Z","level":"error","event":"Failed to import: /opt/airflow/dags/salse2s3.py","logger":"airflow.models.dagbag.DagBag","filename":"dagbag.py","lineno":415,"error_detail":[{"exc_type":"ModuleNotFoundError","exc_value":"No module named 'airflow.hooks.base_hook'","exc_notes":[],"syntax_error":null,"is_cause":false,"frames":[{"filename":"/home/airflow/.local/lib/python3.12/site-packages/airflow/models/dagbag.py","lineno":405,"name":"parse"},{"filename":"<frozen importlib._bootstrap_external>","lineno":999,"name":"exec_module"},{"filename":"<frozen importlib._bootstrap>","lineno":488,"name":"_call_with_frames_removed"},{"filename":"/opt/airflow/dags/salse2s3.py","lineno":13,"name":"<module>"},{"filename":"/opt/airflow/dags/utilities/conections.py","lineno":4,"name":"<module>"}],"is_group":false,"exceptions":[]}]}
{"timestamp":"2025-10-16T15:13:40.157344Z","level":"warning","event":"The `airflow.decorators.dag` attribute is deprecated. Please use `'airflow.sdk.dag'`.","category":"DeprecatedImportWarning","filename":"/opt/airflow/dags/salse2s3.py","lineno":7,"logger":"py.warnings"}
{"timestamp":"2025-10-16T15:13:40.157399Z","level":"warning","event":"The `airflow.decorators.task` attribute is deprecated. Please use `'airflow.sdk.task'`.","category":"DeprecatedImportWarning","filename":"/opt/airflow/dags/salse2s3.py","lineno":7,"logger":"py.warnings"}
{"timestamp":"2025-10-16T15:14:08.537197Z","level":"info","event":"Filling up the DagBag from /opt/airflow/dags/salse2s3.py","logger":"airflow.models.dagbag.DagBag","filename":"dagbag.py","lineno":593}
{"timestamp":"2025-10-16T15:14:08.552156Z","level":"error","event":"Failed to import: /opt/airflow/dags/salse2s3.py","logger":"airflow.models.dagbag.DagBag","filename":"dagbag.py","lineno":415,"error_detail":[{"exc_type":"ModuleNotFoundError","exc_value":"No module named 'airflow.hooks.base_hook'","exc_notes":[],"syntax_error":null,"is_cause":false,"frames":[{"filename":"/home/airflow/.local/lib/python3.12/site-packages/airflow/models/dagbag.py","lineno":405,"name":"parse"},{"filename":"<frozen importlib._bootstrap_external>","lineno":999,"name":"exec_module"},{"filename":"<frozen importlib._bootstrap>","lineno":488,"name":"_call_with_frames_removed"},{"filename":"/opt/airflow/dags/salse2s3.py","lineno":13,"name":"<module>"},{"filename":"/opt/airflow/dags/utilities/conections.py","lineno":4,"name":"<module>"}],"is_group":false,"exceptions":[]}]}
{"timestamp":"2025-10-16T15:14:08.553514Z","level":"warning","event":"The `airflow.decorators.dag` attribute is deprecated. Please use `'airflow.sdk.dag'`.","category":"DeprecatedImportWarning","filename":"/opt/airflow/dags/salse2s3.py","lineno":7,"logger":"py.warnings"}
{"timestamp":"2025-10-16T15:14:08.553565Z","level":"warning","event":"The `airflow.decorators.task` attribute is deprecated. Please use `'airflow.sdk.task'`.","category":"DeprecatedImportWarning","filename":"/opt/airflow/dags/salse2s3.py","lineno":7,"logger":"py.warnings"}
{"timestamp":"2025-10-16T15:14:19.689777Z","level":"info","event":"Filling up the DagBag from /opt/airflow/dags/salse2s3.py","logger":"airflow.models.dagbag.DagBag","filename":"dagbag.py","lineno":593}
{"timestamp":"2025-10-16T15:14:19.701410Z","level":"error","event":"Failed to import: /opt/airflow/dags/salse2s3.py","logger":"airflow.models.dagbag.DagBag","filename":"dagbag.py","lineno":415,"error_detail":[{"exc_type":"ModuleNotFoundError","exc_value":"No module named 'airflow.hooks.base_hook'","exc_notes":[],"syntax_error":null,"is_cause":false,"frames":[{"filename":"/home/airflow/.local/lib/python3.12/site-packages/airflow/models/dagbag.py","lineno":405,"name":"parse"},{"filename":"<frozen importlib._bootstrap_external>","lineno":999,"name":"exec_module"},{"filename":"<frozen importlib._bootstrap>","lineno":488,"name":"_call_with_frames_removed"},{"filename":"/opt/airflow/dags/salse2s3.py","lineno":13,"name":"<module>"},{"filename":"/opt/airflow/dags/utilities/conections.py","lineno":4,"name":"<module>"}],"is_group":false,"exceptions":[]}]}
{"timestamp":"2025-10-16T15:14:19.702709Z","level":"warning","event":"The `airflow.decorators.dag` attribute is deprecated. Please use `'airflow.sdk.dag'`.","category":"DeprecatedImportWarning","filename":"/opt/airflow/dags/salse2s3.py","lineno":7,"logger":"py.warnings"}
{"timestamp":"2025-10-16T15:14:19.702763Z","level":"warning","event":"The `airflow.decorators.task` attribute is deprecated. Please use `'airflow.sdk.task'`.","category":"DeprecatedImportWarning","filename":"/opt/airflow/dags/salse2s3.py","lineno":7,"logger":"py.warnings"}
{"timestamp":"2025-10-16T15:14:50.180188Z","level":"info","event":"Filling up the DagBag from /opt/airflow/dags/salse2s3.py","logger":"airflow.models.dagbag.DagBag","filename":"dagbag.py","lineno":593}
{"timestamp":"2025-10-16T15:14:50.194344Z","level":"error","event":"Failed to import: /opt/airflow/dags/salse2s3.py","logger":"airflow.models.dagbag.DagBag","filename":"dagbag.py","lineno":415,"error_detail":[{"exc_type":"ModuleNotFoundError","exc_value":"No module named 'airflow.hooks.base_hook'","exc_notes":[],"syntax_error":null,"is_cause":false,"frames":[{"filename":"/home/airflow/.local/lib/python3.12/site-packages/airflow/models/dagbag.py","lineno":405,"name":"parse"},{"filename":"<frozen importlib._bootstrap_external>","lineno":999,"name":"exec_module"},{"filename":"<frozen importlib._bootstrap>","lineno":488,"name":"_call_with_frames_removed"},{"filename":"/opt/airflow/dags/salse2s3.py","lineno":13,"name":"<module>"},{"filename":"/opt/airflow/dags/utilities/conections.py","lineno":4,"name":"<module>"}],"is_group":false,"exceptions":[]}]}
{"timestamp":"2025-10-16T15:14:50.195984Z","level":"warning","event":"The `airflow.decorators.dag` attribute is deprecated. Please use `'airflow.sdk.dag'`.","category":"DeprecatedImportWarning","filename":"/opt/airflow/dags/salse2s3.py","lineno":7,"logger":"py.warnings"}
{"timestamp":"2025-10-16T15:14:50.196042Z","level":"warning","event":"The `airflow.decorators.task` attribute is deprecated. Please use `'airflow.sdk.task'`.","category":"DeprecatedImportWarning","filename":"/opt/airflow/dags/salse2s3.py","lineno":7,"logger":"py.warnings"}
{"timestamp":"2025-10-16T15:15:20.571740Z","level":"info","event":"Filling up the DagBag from /opt/airflow/dags/salse2s3.py","logger":"airflow.models.dagbag.DagBag","filename":"dagbag.py","lineno":593}
{"timestamp":"2025-10-16T15:15:20.586401Z","level":"error","event":"Failed to import: /opt/airflow/dags/salse2s3.py","logger":"airflow.models.dagbag.DagBag","filename":"dagbag.py","lineno":415,"error_detail":[{"exc_type":"ModuleNotFoundError","exc_value":"No module named 'airflow.hooks.base_hook'","exc_notes":[],"syntax_error":null,"is_cause":false,"frames":[{"filename":"/home/airflow/.local/lib/python3.12/site-packages/airflow/models/dagbag.py","lineno":405,"name":"parse"},{"filename":"<frozen importlib._bootstrap_external>","lineno":999,"name":"exec_module"},{"filename":"<frozen importlib._bootstrap>","lineno":488,"name":"_call_with_frames_removed"},{"filename":"/opt/airflow/dags/salse2s3.py","lineno":13,"name":"<module>"},{"filename":"/opt/airflow/dags/utilities/conections.py","lineno":4,"name":"<module>"}],"is_group":false,"exceptions":[]}]}
{"timestamp":"2025-10-16T15:15:20.587981Z","level":"warning","event":"The `airflow.decorators.dag` attribute is deprecated. Please use `'airflow.sdk.dag'`.","category":"DeprecatedImportWarning","filename":"/opt/airflow/dags/salse2s3.py","lineno":7,"logger":"py.warnings"}
{"timestamp":"2025-10-16T15:15:20.588035Z","level":"warning","event":"The `airflow.decorators.task` attribute is deprecated. Please use `'airflow.sdk.task'`.","category":"DeprecatedImportWarning","filename":"/opt/airflow/dags/salse2s3.py","lineno":7,"logger":"py.warnings"}
{"timestamp":"2025-10-16T15:15:51.031912Z","level":"info","event":"Filling up the DagBag from /opt/airflow/dags/salse2s3.py","logger":"airflow.models.dagbag.DagBag","filename":"dagbag.py","lineno":593}
{"timestamp":"2025-10-16T15:15:51.048648Z","level":"error","event":"Failed to import: /opt/airflow/dags/salse2s3.py","logger":"airflow.models.dagbag.DagBag","filename":"dagbag.py","lineno":415,"error_detail":[{"exc_type":"ModuleNotFoundError","exc_value":"No module named 'airflow.hooks.base_hook'","exc_notes":[],"syntax_error":null,"is_cause":false,"frames":[{"filename":"/home/airflow/.local/lib/python3.12/site-packages/airflow/models/dagbag.py","lineno":405,"name":"parse"},{"filename":"<frozen importlib._bootstrap_external>","lineno":999,"name":"exec_module"},{"filename":"<frozen importlib._bootstrap>","lineno":488,"name":"_call_with_frames_removed"},{"filename":"/opt/airflow/dags/salse2s3.py","lineno":13,"name":"<module>"},{"filename":"/opt/airflow/dags/utilities/conections.py","lineno":4,"name":"<module>"}],"is_group":false,"exceptions":[]}]}
{"timestamp":"2025-10-16T15:15:51.050684Z","level":"warning","event":"The `airflow.decorators.dag` attribute is deprecated. Please use `'airflow.sdk.dag'`.","category":"DeprecatedImportWarning","filename":"/opt/airflow/dags/salse2s3.py","lineno":7,"logger":"py.warnings"}
{"timestamp":"2025-10-16T15:15:51.050735Z","level":"warning","event":"The `airflow.decorators.task` attribute is deprecated. Please use `'airflow.sdk.task'`.","category":"DeprecatedImportWarning","filename":"/opt/airflow/dags/salse2s3.py","lineno":7,"logger":"py.warnings"}
{"timestamp":"2025-10-16T15:16:21.384759Z","level":"info","event":"Filling up the DagBag from /opt/airflow/dags/salse2s3.py","logger":"airflow.models.dagbag.DagBag","filename":"dagbag.py","lineno":593}
{"timestamp":"2025-10-16T15:16:21.396102Z","level":"error","event":"Failed to import: /opt/airflow/dags/salse2s3.py","logger":"airflow.models.dagbag.DagBag","filename":"dagbag.py","lineno":415,"error_detail":[{"exc_type":"ModuleNotFoundError","exc_value":"No module named 'airflow.hooks.base_hook'","exc_notes":[],"syntax_error":null,"is_cause":false,"frames":[{"filename":"/home/airflow/.local/lib/python3.12/site-packages/airflow/models/dagbag.py","lineno":405,"name":"parse"},{"filename":"<frozen importlib._bootstrap_external>","lineno":999,"name":"exec_module"},{"filename":"<frozen importlib._bootstrap>","lineno":488,"name":"_call_with_frames_removed"},{"filename":"/opt/airflow/dags/salse2s3.py","lineno":13,"name":"<module>"},{"filename":"/opt/airflow/dags/utilities/conections.py","lineno":4,"name":"<module>"}],"is_group":false,"exceptions":[]}]}
{"timestamp":"2025-10-16T15:16:21.397577Z","level":"warning","event":"The `airflow.decorators.dag` attribute is deprecated. Please use `'airflow.sdk.dag'`.","category":"DeprecatedImportWarning","filename":"/opt/airflow/dags/salse2s3.py","lineno":7,"logger":"py.warnings"}
{"timestamp":"2025-10-16T15:16:21.397637Z","level":"warning","event":"The `airflow.decorators.task` attribute is deprecated. Please use `'airflow.sdk.task'`.","category":"DeprecatedImportWarning","filename":"/opt/airflow/dags/salse2s3.py","lineno":7,"logger":"py.warnings"}
{"timestamp":"2025-10-16T15:16:30.294441Z","level":"info","event":"Filling up the DagBag from /opt/airflow/dags/salse2s3.py","logger":"airflow.models.dagbag.DagBag","filename":"dagbag.py","lineno":593}
{"timestamp":"2025-10-16T15:16:30.313237Z","level":"error","event":"Failed to import: /opt/airflow/dags/salse2s3.py","logger":"airflow.models.dagbag.DagBag","filename":"dagbag.py","lineno":415,"error_detail":[{"exc_type":"ModuleNotFoundError","exc_value":"No module named 'airflow.hooks.base_hook'","exc_notes":[],"syntax_error":null,"is_cause":false,"frames":[{"filename":"/home/airflow/.local/lib/python3.12/site-packages/airflow/models/dagbag.py","lineno":405,"name":"parse"},{"filename":"<frozen importlib._bootstrap_external>","lineno":999,"name":"exec_module"},{"filename":"<frozen importlib._bootstrap>","lineno":488,"name":"_call_with_frames_removed"},{"filename":"/opt/airflow/dags/salse2s3.py","lineno":13,"name":"<module>"},{"filename":"/opt/airflow/dags/utilities/conections.py","lineno":4,"name":"<module>"}],"is_group":false,"exceptions":[]}]}
{"timestamp":"2025-10-16T15:16:30.315310Z","level":"warning","event":"The `airflow.decorators.dag` attribute is deprecated. Please use `'airflow.sdk.dag'`.","category":"DeprecatedImportWarning","filename":"/opt/airflow/dags/salse2s3.py","lineno":7,"logger":"py.warnings"}
{"timestamp":"2025-10-16T15:16:30.315369Z","level":"warning","event":"The `airflow.decorators.task` attribute is deprecated. Please use `'airflow.sdk.task'`.","category":"DeprecatedImportWarning","filename":"/opt/airflow/dags/salse2s3.py","lineno":7,"logger":"py.warnings"}
{"timestamp":"2025-10-16T15:17:00.748251Z","level":"info","event":"Filling up the DagBag from /opt/airflow/dags/salse2s3.py","logger":"airflow.models.dagbag.DagBag","filename":"dagbag.py","lineno":593}
{"timestamp":"2025-10-16T15:17:00.759321Z","level":"error","event":"Failed to import: /opt/airflow/dags/salse2s3.py","logger":"airflow.models.dagbag.DagBag","filename":"dagbag.py","lineno":415,"error_detail":[{"exc_type":"ModuleNotFoundError","exc_value":"No module named 'airflow.hooks.base_hook'","exc_notes":[],"syntax_error":null,"is_cause":false,"frames":[{"filename":"/home/airflow/.local/lib/python3.12/site-packages/airflow/models/dagbag.py","lineno":405,"name":"parse"},{"filename":"<frozen importlib._bootstrap_external>","lineno":999,"name":"exec_module"},{"filename":"<frozen importlib._bootstrap>","lineno":488,"name":"_call_with_frames_removed"},{"filename":"/opt/airflow/dags/salse2s3.py","lineno":13,"name":"<module>"},{"filename":"/opt/airflow/dags/utilities/conections.py","lineno":4,"name":"<module>"}],"is_group":false,"exceptions":[]}]}
{"timestamp":"2025-10-16T15:17:00.760820Z","level":"warning","event":"The `airflow.decorators.dag` attribute is deprecated. Please use `'airflow.sdk.dag'`.","category":"DeprecatedImportWarning","filename":"/opt/airflow/dags/salse2s3.py","lineno":7,"logger":"py.warnings"}
{"timestamp":"2025-10-16T15:17:00.760868Z","level":"warning","event":"The `airflow.decorators.task` attribute is deprecated. Please use `'airflow.sdk.task'`.","category":"DeprecatedImportWarning","filename":"/opt/airflow/dags/salse2s3.py","lineno":7,"logger":"py.warnings"}
{"timestamp":"2025-10-16T15:17:31.218741Z","level":"info","event":"Filling up the DagBag from /opt/airflow/dags/salse2s3.py","logger":"airflow.models.dagbag.DagBag","filename":"dagbag.py","lineno":593}
{"timestamp":"2025-10-16T15:17:31.231930Z","level":"error","event":"Failed to import: /opt/airflow/dags/salse2s3.py","logger":"airflow.models.dagbag.DagBag","filename":"dagbag.py","lineno":415,"error_detail":[{"exc_type":"ModuleNotFoundError","exc_value":"No module named 'airflow.hooks.base_hook'","exc_notes":[],"syntax_error":null,"is_cause":false,"frames":[{"filename":"/home/airflow/.local/lib/python3.12/site-packages/airflow/models/dagbag.py","lineno":405,"name":"parse"},{"filename":"<frozen importlib._bootstrap_external>","lineno":999,"name":"exec_module"},{"filename":"<frozen importlib._bootstrap>","lineno":488,"name":"_call_with_frames_removed"},{"filename":"/opt/airflow/dags/salse2s3.py","lineno":13,"name":"<module>"},{"filename":"/opt/airflow/dags/utilities/conections.py","lineno":4,"name":"<module>"}],"is_group":false,"exceptions":[]}]}
{"timestamp":"2025-10-16T15:17:31.233612Z","level":"warning","event":"The `airflow.decorators.dag` attribute is deprecated. Please use `'airflow.sdk.dag'`.","category":"DeprecatedImportWarning","filename":"/opt/airflow/dags/salse2s3.py","lineno":7,"logger":"py.warnings"}
{"timestamp":"2025-10-16T15:17:31.233666Z","level":"warning","event":"The `airflow.decorators.task` attribute is deprecated. Please use `'airflow.sdk.task'`.","category":"DeprecatedImportWarning","filename":"/opt/airflow/dags/salse2s3.py","lineno":7,"logger":"py.warnings"}
{"timestamp":"2025-10-16T15:18:01.661015Z","level":"info","event":"Filling up the DagBag from /opt/airflow/dags/salse2s3.py","logger":"airflow.models.dagbag.DagBag","filename":"dagbag.py","lineno":593}
{"timestamp":"2025-10-16T15:18:01.689453Z","level":"warning","event":"The `airflow.decorators.dag` attribute is deprecated. Please use `'airflow.sdk.dag'`.","category":"DeprecatedImportWarning","filename":"/opt/airflow/dags/salse2s3.py","lineno":7,"logger":"py.warnings"}
{"timestamp":"2025-10-16T15:18:01.689556Z","level":"warning","event":"The `airflow.decorators.task` attribute is deprecated. Please use `'airflow.sdk.task'`.","category":"DeprecatedImportWarning","filename":"/opt/airflow/dags/salse2s3.py","lineno":7,"logger":"py.warnings"}
{"timestamp":"2025-10-16T15:18:01.689603Z","level":"warning","event":"The `airflow.hooks.base.BaseHook` attribute is deprecated. Please use `'airflow.sdk.bases.hook.BaseHook'`.","category":"DeprecatedImportWarning","filename":"/opt/airflow/dags/utilities/conections.py","lineno":4,"logger":"py.warnings"}
{"timestamp":"2025-10-16T15:18:32.068883Z","level":"info","event":"Filling up the DagBag from /opt/airflow/dags/salse2s3.py","logger":"airflow.models.dagbag.DagBag","filename":"dagbag.py","lineno":593}
{"timestamp":"2025-10-16T15:18:32.086150Z","level":"warning","event":"The `airflow.decorators.dag` attribute is deprecated. Please use `'airflow.sdk.dag'`.","category":"DeprecatedImportWarning","filename":"/opt/airflow/dags/salse2s3.py","lineno":7,"logger":"py.warnings"}
{"timestamp":"2025-10-16T15:18:32.086309Z","level":"warning","event":"The `airflow.decorators.task` attribute is deprecated. Please use `'airflow.sdk.task'`.","category":"DeprecatedImportWarning","filename":"/opt/airflow/dags/salse2s3.py","lineno":7,"logger":"py.warnings"}
{"timestamp":"2025-10-16T15:18:32.086346Z","level":"warning","event":"The `airflow.hooks.base.BaseHook` attribute is deprecated. Please use `'airflow.sdk.bases.hook.BaseHook'`.","category":"DeprecatedImportWarning","filename":"/opt/airflow/dags/utilities/conections.py","lineno":4,"logger":"py.warnings"}
{"timestamp":"2025-10-16T15:19:02.453626Z","level":"info","event":"Filling up the DagBag from /opt/airflow/dags/salse2s3.py","logger":"airflow.models.dagbag.DagBag","filename":"dagbag.py","lineno":593}
{"timestamp":"2025-10-16T15:19:02.471364Z","level":"warning","event":"The `airflow.decorators.dag` attribute is deprecated. Please use `'airflow.sdk.dag'`.","category":"DeprecatedImportWarning","filename":"/opt/airflow/dags/salse2s3.py","lineno":7,"logger":"py.warnings"}
{"timestamp":"2025-10-16T15:19:02.471437Z","level":"warning","event":"The `airflow.decorators.task` attribute is deprecated. Please use `'airflow.sdk.task'`.","category":"DeprecatedImportWarning","filename":"/opt/airflow/dags/salse2s3.py","lineno":7,"logger":"py.warnings"}
{"timestamp":"2025-10-16T15:19:02.471471Z","level":"warning","event":"The `airflow.hooks.base.BaseHook` attribute is deprecated. Please use `'airflow.sdk.bases.hook.BaseHook'`.","category":"DeprecatedImportWarning","filename":"/opt/airflow/dags/utilities/conections.py","lineno":4,"logger":"py.warnings"}
{"timestamp":"2025-10-16T15:19:32.867381Z","level":"info","event":"Filling up the DagBag from /opt/airflow/dags/salse2s3.py","logger":"airflow.models.dagbag.DagBag","filename":"dagbag.py","lineno":593}
{"timestamp":"2025-10-16T15:19:32.883533Z","level":"warning","event":"The `airflow.decorators.dag` attribute is deprecated. Please use `'airflow.sdk.dag'`.","category":"DeprecatedImportWarning","filename":"/opt/airflow/dags/salse2s3.py","lineno":7,"logger":"py.warnings"}
{"timestamp":"2025-10-16T15:19:32.883621Z","level":"warning","event":"The `airflow.decorators.task` attribute is deprecated. Please use `'airflow.sdk.task'`.","category":"DeprecatedImportWarning","filename":"/opt/airflow/dags/salse2s3.py","lineno":7,"logger":"py.warnings"}
{"timestamp":"2025-10-16T15:19:32.883674Z","level":"warning","event":"The `airflow.hooks.base.BaseHook` attribute is deprecated. Please use `'airflow.sdk.bases.hook.BaseHook'`.","category":"DeprecatedImportWarning","filename":"/opt/airflow/dags/utilities/conections.py","lineno":4,"logger":"py.warnings"}
{"timestamp":"2025-10-16T15:20:03.288330Z","level":"info","event":"Filling up the DagBag from /opt/airflow/dags/salse2s3.py","logger":"airflow.models.dagbag.DagBag","filename":"dagbag.py","lineno":593}
{"timestamp":"2025-10-16T15:20:03.306054Z","level":"warning","event":"The `airflow.decorators.dag` attribute is deprecated. Please use `'airflow.sdk.dag'`.","category":"DeprecatedImportWarning","filename":"/opt/airflow/dags/salse2s3.py","lineno":7,"logger":"py.warnings"}
{"timestamp":"2025-10-16T15:20:03.306119Z","level":"warning","event":"The `airflow.decorators.task` attribute is deprecated. Please use `'airflow.sdk.task'`.","category":"DeprecatedImportWarning","filename":"/opt/airflow/dags/salse2s3.py","lineno":7,"logger":"py.warnings"}
{"timestamp":"2025-10-16T15:20:03.306149Z","level":"warning","event":"The `airflow.hooks.base.BaseHook` attribute is deprecated. Please use `'airflow.sdk.bases.hook.BaseHook'`.","category":"DeprecatedImportWarning","filename":"/opt/airflow/dags/utilities/conections.py","lineno":4,"logger":"py.warnings"}
{"timestamp":"2025-10-16T15:20:08.429175Z","level":"info","event":"Filling up the DagBag from /opt/airflow/dags/salse2s3.py","logger":"airflow.models.dagbag.DagBag","filename":"dagbag.py","lineno":593}
{"timestamp":"2025-10-16T15:20:08.444256Z","level":"warning","event":"The `airflow.decorators.dag` attribute is deprecated. Please use `'airflow.sdk.dag'`.","category":"DeprecatedImportWarning","filename":"/opt/airflow/dags/salse2s3.py","lineno":7,"logger":"py.warnings"}
{"timestamp":"2025-10-16T15:20:08.444428Z","level":"warning","event":"The `airflow.decorators.task` attribute is deprecated. Please use `'airflow.sdk.task'`.","category":"DeprecatedImportWarning","filename":"/opt/airflow/dags/salse2s3.py","lineno":7,"logger":"py.warnings"}
{"timestamp":"2025-10-16T15:20:08.444466Z","level":"warning","event":"The `airflow.hooks.base.BaseHook` attribute is deprecated. Please use `'airflow.sdk.bases.hook.BaseHook'`.","category":"DeprecatedImportWarning","filename":"/opt/airflow/dags/utilities/conections.py","lineno":4,"logger":"py.warnings"}
{"timestamp":"2025-10-16T15:20:38.850514Z","level":"info","event":"Filling up the DagBag from /opt/airflow/dags/salse2s3.py","logger":"airflow.models.dagbag.DagBag","filename":"dagbag.py","lineno":593}
{"timestamp":"2025-10-16T15:20:38.869995Z","level":"warning","event":"The `airflow.decorators.dag` attribute is deprecated. Please use `'airflow.sdk.dag'`.","category":"DeprecatedImportWarning","filename":"/opt/airflow/dags/salse2s3.py","lineno":7,"logger":"py.warnings"}
{"timestamp":"2025-10-16T15:20:38.870071Z","level":"warning","event":"The `airflow.decorators.task` attribute is deprecated. Please use `'airflow.sdk.task'`.","category":"DeprecatedImportWarning","filename":"/opt/airflow/dags/salse2s3.py","lineno":7,"logger":"py.warnings"}
{"timestamp":"2025-10-16T15:20:38.870102Z","level":"warning","event":"The `airflow.hooks.base.BaseHook` attribute is deprecated. Please use `'airflow.sdk.bases.hook.BaseHook'`.","category":"DeprecatedImportWarning","filename":"/opt/airflow/dags/utilities/conections.py","lineno":4,"logger":"py.warnings"}
{"timestamp":"2025-10-16T15:21:09.308256Z","level":"info","event":"Filling up the DagBag from /opt/airflow/dags/salse2s3.py","logger":"airflow.models.dagbag.DagBag","filename":"dagbag.py","lineno":593}
{"timestamp":"2025-10-16T15:21:09.323319Z","level":"warning","event":"The `airflow.decorators.dag` attribute is deprecated. Please use `'airflow.sdk.dag'`.","category":"DeprecatedImportWarning","filename":"/opt/airflow/dags/salse2s3.py","lineno":7,"logger":"py.warnings"}
{"timestamp":"2025-10-16T15:21:09.323387Z","level":"warning","event":"The `airflow.decorators.task` attribute is deprecated. Please use `'airflow.sdk.task'`.","category":"DeprecatedImportWarning","filename":"/opt/airflow/dags/salse2s3.py","lineno":7,"logger":"py.warnings"}
{"timestamp":"2025-10-16T15:21:09.323418Z","level":"warning","event":"The `airflow.hooks.base.BaseHook` attribute is deprecated. Please use `'airflow.sdk.bases.hook.BaseHook'`.","category":"DeprecatedImportWarning","filename":"/opt/airflow/dags/utilities/conections.py","lineno":4,"logger":"py.warnings"}
{"timestamp":"2025-10-16T15:21:39.733863Z","level":"info","event":"Filling up the DagBag from /opt/airflow/dags/salse2s3.py","logger":"airflow.models.dagbag.DagBag","filename":"dagbag.py","lineno":593}
{"timestamp":"2025-10-16T15:21:39.749550Z","level":"warning","event":"The `airflow.decorators.dag` attribute is deprecated. Please use `'airflow.sdk.dag'`.","category":"DeprecatedImportWarning","filename":"/opt/airflow/dags/salse2s3.py","lineno":7,"logger":"py.warnings"}
{"timestamp":"2025-10-16T15:21:39.749621Z","level":"warning","event":"The `airflow.decorators.task` attribute is deprecated. Please use `'airflow.sdk.task'`.","category":"DeprecatedImportWarning","filename":"/opt/airflow/dags/salse2s3.py","lineno":7,"logger":"py.warnings"}
{"timestamp":"2025-10-16T15:21:39.749652Z","level":"warning","event":"The `airflow.hooks.base.BaseHook` attribute is deprecated. Please use `'airflow.sdk.bases.hook.BaseHook'`.","category":"DeprecatedImportWarning","filename":"/opt/airflow/dags/utilities/conections.py","lineno":4,"logger":"py.warnings"}
{"timestamp":"2025-10-16T15:22:10.164241Z","level":"info","event":"Filling up the DagBag from /opt/airflow/dags/salse2s3.py","logger":"airflow.models.dagbag.DagBag","filename":"dagbag.py","lineno":593}
{"timestamp":"2025-10-16T15:22:10.178376Z","level":"warning","event":"The `airflow.decorators.dag` attribute is deprecated. Please use `'airflow.sdk.dag'`.","category":"DeprecatedImportWarning","filename":"/opt/airflow/dags/salse2s3.py","lineno":7,"logger":"py.warnings"}
{"timestamp":"2025-10-16T15:22:10.178441Z","level":"warning","event":"The `airflow.decorators.task` attribute is deprecated. Please use `'airflow.sdk.task'`.","category":"DeprecatedImportWarning","filename":"/opt/airflow/dags/salse2s3.py","lineno":7,"logger":"py.warnings"}
{"timestamp":"2025-10-16T15:22:10.178475Z","level":"warning","event":"The `airflow.hooks.base.BaseHook` attribute is deprecated. Please use `'airflow.sdk.bases.hook.BaseHook'`.","category":"DeprecatedImportWarning","filename":"/opt/airflow/dags/utilities/conections.py","lineno":4,"logger":"py.warnings"}
{"timestamp":"2025-10-16T15:22:40.590333Z","level":"info","event":"Filling up the DagBag from /opt/airflow/dags/salse2s3.py","logger":"airflow.models.dagbag.DagBag","filename":"dagbag.py","lineno":593}
{"timestamp":"2025-10-16T15:22:40.607686Z","level":"warning","event":"The `airflow.decorators.dag` attribute is deprecated. Please use `'airflow.sdk.dag'`.","category":"DeprecatedImportWarning","filename":"/opt/airflow/dags/salse2s3.py","lineno":7,"logger":"py.warnings"}
{"timestamp":"2025-10-16T15:22:40.607753Z","level":"warning","event":"The `airflow.decorators.task` attribute is deprecated. Please use `'airflow.sdk.task'`.","category":"DeprecatedImportWarning","filename":"/opt/airflow/dags/salse2s3.py","lineno":7,"logger":"py.warnings"}
{"timestamp":"2025-10-16T15:22:40.607785Z","level":"warning","event":"The `airflow.hooks.base.BaseHook` attribute is deprecated. Please use `'airflow.sdk.bases.hook.BaseHook'`.","category":"DeprecatedImportWarning","filename":"/opt/airflow/dags/utilities/conections.py","lineno":4,"logger":"py.warnings"}
{"timestamp":"2025-10-16T15:23:11.000400Z","level":"info","event":"Filling up the DagBag from /opt/airflow/dags/salse2s3.py","logger":"airflow.models.dagbag.DagBag","filename":"dagbag.py","lineno":593}
{"timestamp":"2025-10-16T15:23:11.016700Z","level":"warning","event":"The `airflow.decorators.dag` attribute is deprecated. Please use `'airflow.sdk.dag'`.","category":"DeprecatedImportWarning","filename":"/opt/airflow/dags/salse2s3.py","lineno":7,"logger":"py.warnings"}
{"timestamp":"2025-10-16T15:23:11.016780Z","level":"warning","event":"The `airflow.decorators.task` attribute is deprecated. Please use `'airflow.sdk.task'`.","category":"DeprecatedImportWarning","filename":"/opt/airflow/dags/salse2s3.py","lineno":7,"logger":"py.warnings"}
{"timestamp":"2025-10-16T15:23:11.016810Z","level":"warning","event":"The `airflow.hooks.base.BaseHook` attribute is deprecated. Please use `'airflow.sdk.bases.hook.BaseHook'`.","category":"DeprecatedImportWarning","filename":"/opt/airflow/dags/utilities/conections.py","lineno":4,"logger":"py.warnings"}
{"timestamp":"2025-10-16T15:23:41.424787Z","level":"info","event":"Filling up the DagBag from /opt/airflow/dags/salse2s3.py","logger":"airflow.models.dagbag.DagBag","filename":"dagbag.py","lineno":593}
{"timestamp":"2025-10-16T15:23:41.437791Z","level":"warning","event":"The `airflow.decorators.dag` attribute is deprecated. Please use `'airflow.sdk.dag'`.","category":"DeprecatedImportWarning","filename":"/opt/airflow/dags/salse2s3.py","lineno":7,"logger":"py.warnings"}
{"timestamp":"2025-10-16T15:23:41.437866Z","level":"warning","event":"The `airflow.decorators.task` attribute is deprecated. Please use `'airflow.sdk.task'`.","category":"DeprecatedImportWarning","filename":"/opt/airflow/dags/salse2s3.py","lineno":7,"logger":"py.warnings"}
{"timestamp":"2025-10-16T15:23:41.437902Z","level":"warning","event":"The `airflow.hooks.base.BaseHook` attribute is deprecated. Please use `'airflow.sdk.bases.hook.BaseHook'`.","category":"DeprecatedImportWarning","filename":"/opt/airflow/dags/utilities/conections.py","lineno":4,"logger":"py.warnings"}
{"timestamp":"2025-10-16T15:24:11.870746Z","level":"info","event":"Filling up the DagBag from /opt/airflow/dags/salse2s3.py","logger":"airflow.models.dagbag.DagBag","filename":"dagbag.py","lineno":593}
{"timestamp":"2025-10-16T15:24:11.885713Z","level":"warning","event":"The `airflow.decorators.dag` attribute is deprecated. Please use `'airflow.sdk.dag'`.","category":"DeprecatedImportWarning","filename":"/opt/airflow/dags/salse2s3.py","lineno":7,"logger":"py.warnings"}
{"timestamp":"2025-10-16T15:24:11.885783Z","level":"warning","event":"The `airflow.decorators.task` attribute is deprecated. Please use `'airflow.sdk.task'`.","category":"DeprecatedImportWarning","filename":"/opt/airflow/dags/salse2s3.py","lineno":7,"logger":"py.warnings"}
{"timestamp":"2025-10-16T15:24:11.885813Z","level":"warning","event":"The `airflow.hooks.base.BaseHook` attribute is deprecated. Please use `'airflow.sdk.bases.hook.BaseHook'`.","category":"DeprecatedImportWarning","filename":"/opt/airflow/dags/utilities/conections.py","lineno":4,"logger":"py.warnings"}
{"timestamp":"2025-10-16T15:24:42.265788Z","level":"info","event":"Filling up the DagBag from /opt/airflow/dags/salse2s3.py","logger":"airflow.models.dagbag.DagBag","filename":"dagbag.py","lineno":593}
{"timestamp":"2025-10-16T15:24:42.282530Z","level":"warning","event":"The `airflow.decorators.dag` attribute is deprecated. Please use `'airflow.sdk.dag'`.","category":"DeprecatedImportWarning","filename":"/opt/airflow/dags/salse2s3.py","lineno":7,"logger":"py.warnings"}
{"timestamp":"2025-10-16T15:24:42.282594Z","level":"warning","event":"The `airflow.decorators.task` attribute is deprecated. Please use `'airflow.sdk.task'`.","category":"DeprecatedImportWarning","filename":"/opt/airflow/dags/salse2s3.py","lineno":7,"logger":"py.warnings"}
{"timestamp":"2025-10-16T15:24:42.282626Z","level":"warning","event":"The `airflow.hooks.base.BaseHook` attribute is deprecated. Please use `'airflow.sdk.bases.hook.BaseHook'`.","category":"DeprecatedImportWarning","filename":"/opt/airflow/dags/utilities/conections.py","lineno":4,"logger":"py.warnings"}
{"timestamp":"2025-10-16T15:25:12.680224Z","level":"info","event":"Filling up the DagBag from /opt/airflow/dags/salse2s3.py","logger":"airflow.models.dagbag.DagBag","filename":"dagbag.py","lineno":593}
{"timestamp":"2025-10-16T15:25:12.693912Z","level":"warning","event":"The `airflow.decorators.dag` attribute is deprecated. Please use `'airflow.sdk.dag'`.","category":"DeprecatedImportWarning","filename":"/opt/airflow/dags/salse2s3.py","lineno":7,"logger":"py.warnings"}
{"timestamp":"2025-10-16T15:25:12.693985Z","level":"warning","event":"The `airflow.decorators.task` attribute is deprecated. Please use `'airflow.sdk.task'`.","category":"DeprecatedImportWarning","filename":"/opt/airflow/dags/salse2s3.py","lineno":7,"logger":"py.warnings"}
{"timestamp":"2025-10-16T15:25:12.694021Z","level":"warning","event":"The `airflow.hooks.base.BaseHook` attribute is deprecated. Please use `'airflow.sdk.bases.hook.BaseHook'`.","category":"DeprecatedImportWarning","filename":"/opt/airflow/dags/utilities/conections.py","lineno":4,"logger":"py.warnings"}
{"timestamp":"2025-10-16T15:25:43.061203Z","level":"info","event":"Filling up the DagBag from /opt/airflow/dags/salse2s3.py","logger":"airflow.models.dagbag.DagBag","filename":"dagbag.py","lineno":593}
{"timestamp":"2025-10-16T15:25:43.072511Z","level":"warning","event":"The `airflow.decorators.dag` attribute is deprecated. Please use `'airflow.sdk.dag'`.","category":"DeprecatedImportWarning","filename":"/opt/airflow/dags/salse2s3.py","lineno":7,"logger":"py.warnings"}
{"timestamp":"2025-10-16T15:25:43.072585Z","level":"warning","event":"The `airflow.decorators.task` attribute is deprecated. Please use `'airflow.sdk.task'`.","category":"DeprecatedImportWarning","filename":"/opt/airflow/dags/salse2s3.py","lineno":7,"logger":"py.warnings"}
{"timestamp":"2025-10-16T15:25:43.072621Z","level":"warning","event":"The `airflow.hooks.base.BaseHook` attribute is deprecated. Please use `'airflow.sdk.bases.hook.BaseHook'`.","category":"DeprecatedImportWarning","filename":"/opt/airflow/dags/utilities/conections.py","lineno":4,"logger":"py.warnings"}
{"timestamp":"2025-10-16T15:26:13.486160Z","level":"info","event":"Filling up the DagBag from /opt/airflow/dags/salse2s3.py","logger":"airflow.models.dagbag.DagBag","filename":"dagbag.py","lineno":593}
{"timestamp":"2025-10-16T15:26:13.502170Z","level":"warning","event":"The `airflow.decorators.dag` attribute is deprecated. Please use `'airflow.sdk.dag'`.","category":"DeprecatedImportWarning","filename":"/opt/airflow/dags/salse2s3.py","lineno":7,"logger":"py.warnings"}
{"timestamp":"2025-10-16T15:26:13.502251Z","level":"warning","event":"The `airflow.decorators.task` attribute is deprecated. Please use `'airflow.sdk.task'`.","category":"DeprecatedImportWarning","filename":"/opt/airflow/dags/salse2s3.py","lineno":7,"logger":"py.warnings"}
{"timestamp":"2025-10-16T15:26:13.502294Z","level":"warning","event":"The `airflow.hooks.base.BaseHook` attribute is deprecated. Please use `'airflow.sdk.bases.hook.BaseHook'`.","category":"DeprecatedImportWarning","filename":"/opt/airflow/dags/utilities/conections.py","lineno":4,"logger":"py.warnings"}
{"timestamp":"2025-10-16T15:26:43.859349Z","level":"info","event":"Filling up the DagBag from /opt/airflow/dags/salse2s3.py","logger":"airflow.models.dagbag.DagBag","filename":"dagbag.py","lineno":593}
{"timestamp":"2025-10-16T15:26:43.872936Z","level":"warning","event":"The `airflow.decorators.dag` attribute is deprecated. Please use `'airflow.sdk.dag'`.","category":"DeprecatedImportWarning","filename":"/opt/airflow/dags/salse2s3.py","lineno":7,"logger":"py.warnings"}
{"timestamp":"2025-10-16T15:26:43.873017Z","level":"warning","event":"The `airflow.decorators.task` attribute is deprecated. Please use `'airflow.sdk.task'`.","category":"DeprecatedImportWarning","filename":"/opt/airflow/dags/salse2s3.py","lineno":7,"logger":"py.warnings"}
{"timestamp":"2025-10-16T15:26:43.873055Z","level":"warning","event":"The `airflow.hooks.base.BaseHook` attribute is deprecated. Please use `'airflow.sdk.bases.hook.BaseHook'`.","category":"DeprecatedImportWarning","filename":"/opt/airflow/dags/utilities/conections.py","lineno":4,"logger":"py.warnings"}
{"timestamp":"2025-10-16T15:27:14.297688Z","level":"info","event":"Filling up the DagBag from /opt/airflow/dags/salse2s3.py","logger":"airflow.models.dagbag.DagBag","filename":"dagbag.py","lineno":593}
{"timestamp":"2025-10-16T15:27:14.314910Z","level":"warning","event":"The `airflow.decorators.dag` attribute is deprecated. Please use `'airflow.sdk.dag'`.","category":"DeprecatedImportWarning","filename":"/opt/airflow/dags/salse2s3.py","lineno":7,"logger":"py.warnings"}
{"timestamp":"2025-10-16T15:27:14.315131Z","level":"warning","event":"The `airflow.decorators.task` attribute is deprecated. Please use `'airflow.sdk.task'`.","category":"DeprecatedImportWarning","filename":"/opt/airflow/dags/salse2s3.py","lineno":7,"logger":"py.warnings"}
{"timestamp":"2025-10-16T15:27:14.315167Z","level":"warning","event":"The `airflow.hooks.base.BaseHook` attribute is deprecated. Please use `'airflow.sdk.bases.hook.BaseHook'`.","category":"DeprecatedImportWarning","filename":"/opt/airflow/dags/utilities/conections.py","lineno":4,"logger":"py.warnings"}
{"timestamp":"2025-10-16T15:27:44.703471Z","level":"info","event":"Filling up the DagBag from /opt/airflow/dags/salse2s3.py","logger":"airflow.models.dagbag.DagBag","filename":"dagbag.py","lineno":593}
{"timestamp":"2025-10-16T15:27:44.724249Z","level":"warning","event":"The `airflow.decorators.dag` attribute is deprecated. Please use `'airflow.sdk.dag'`.","category":"DeprecatedImportWarning","filename":"/opt/airflow/dags/salse2s3.py","lineno":7,"logger":"py.warnings"}
{"timestamp":"2025-10-16T15:27:44.724326Z","level":"warning","event":"The `airflow.decorators.task` attribute is deprecated. Please use `'airflow.sdk.task'`.","category":"DeprecatedImportWarning","filename":"/opt/airflow/dags/salse2s3.py","lineno":7,"logger":"py.warnings"}
{"timestamp":"2025-10-16T15:27:44.724360Z","level":"warning","event":"The `airflow.hooks.base.BaseHook` attribute is deprecated. Please use `'airflow.sdk.bases.hook.BaseHook'`.","category":"DeprecatedImportWarning","filename":"/opt/airflow/dags/utilities/conections.py","lineno":4,"logger":"py.warnings"}
{"timestamp":"2025-10-16T15:28:15.144975Z","level":"info","event":"Filling up the DagBag from /opt/airflow/dags/salse2s3.py","logger":"airflow.models.dagbag.DagBag","filename":"dagbag.py","lineno":593}
{"timestamp":"2025-10-16T15:28:15.166389Z","level":"warning","event":"The `airflow.decorators.dag` attribute is deprecated. Please use `'airflow.sdk.dag'`.","category":"DeprecatedImportWarning","filename":"/opt/airflow/dags/salse2s3.py","lineno":7,"logger":"py.warnings"}
{"timestamp":"2025-10-16T15:28:15.166491Z","level":"warning","event":"The `airflow.decorators.task` attribute is deprecated. Please use `'airflow.sdk.task'`.","category":"DeprecatedImportWarning","filename":"/opt/airflow/dags/salse2s3.py","lineno":7,"logger":"py.warnings"}
{"timestamp":"2025-10-16T15:28:15.166523Z","level":"warning","event":"The `airflow.hooks.base.BaseHook` attribute is deprecated. Please use `'airflow.sdk.bases.hook.BaseHook'`.","category":"DeprecatedImportWarning","filename":"/opt/airflow/dags/utilities/conections.py","lineno":4,"logger":"py.warnings"}
{"timestamp":"2025-10-16T15:28:45.501223Z","level":"info","event":"Filling up the DagBag from /opt/airflow/dags/salse2s3.py","logger":"airflow.models.dagbag.DagBag","filename":"dagbag.py","lineno":593}
{"timestamp":"2025-10-16T15:28:45.515514Z","level":"warning","event":"The `airflow.decorators.dag` attribute is deprecated. Please use `'airflow.sdk.dag'`.","category":"DeprecatedImportWarning","filename":"/opt/airflow/dags/salse2s3.py","lineno":7,"logger":"py.warnings"}
{"timestamp":"2025-10-16T15:28:45.515585Z","level":"warning","event":"The `airflow.decorators.task` attribute is deprecated. Please use `'airflow.sdk.task'`.","category":"DeprecatedImportWarning","filename":"/opt/airflow/dags/salse2s3.py","lineno":7,"logger":"py.warnings"}
{"timestamp":"2025-10-16T15:28:45.515632Z","level":"warning","event":"The `airflow.hooks.base.BaseHook` attribute is deprecated. Please use `'airflow.sdk.bases.hook.BaseHook'`.","category":"DeprecatedImportWarning","filename":"/opt/airflow/dags/utilities/conections.py","lineno":4,"logger":"py.warnings"}
{"timestamp":"2025-10-16T15:29:15.914659Z","level":"info","event":"Filling up the DagBag from /opt/airflow/dags/salse2s3.py","logger":"airflow.models.dagbag.DagBag","filename":"dagbag.py","lineno":593}
{"timestamp":"2025-10-16T15:29:15.934503Z","level":"warning","event":"The `airflow.decorators.dag` attribute is deprecated. Please use `'airflow.sdk.dag'`.","category":"DeprecatedImportWarning","filename":"/opt/airflow/dags/salse2s3.py","lineno":7,"logger":"py.warnings"}
{"timestamp":"2025-10-16T15:29:15.934589Z","level":"warning","event":"The `airflow.decorators.task` attribute is deprecated. Please use `'airflow.sdk.task'`.","category":"DeprecatedImportWarning","filename":"/opt/airflow/dags/salse2s3.py","lineno":7,"logger":"py.warnings"}
{"timestamp":"2025-10-16T15:29:15.934630Z","level":"warning","event":"The `airflow.hooks.base.BaseHook` attribute is deprecated. Please use `'airflow.sdk.bases.hook.BaseHook'`.","category":"DeprecatedImportWarning","filename":"/opt/airflow/dags/utilities/conections.py","lineno":4,"logger":"py.warnings"}
{"timestamp":"2025-10-16T15:29:46.426638Z","level":"info","event":"Filling up the DagBag from /opt/airflow/dags/salse2s3.py","logger":"airflow.models.dagbag.DagBag","filename":"dagbag.py","lineno":593}
{"timestamp":"2025-10-16T15:29:46.456738Z","level":"warning","event":"The `airflow.decorators.dag` attribute is deprecated. Please use `'airflow.sdk.dag'`.","category":"DeprecatedImportWarning","filename":"/opt/airflow/dags/salse2s3.py","lineno":7,"logger":"py.warnings"}
{"timestamp":"2025-10-16T15:29:46.456834Z","level":"warning","event":"The `airflow.decorators.task` attribute is deprecated. Please use `'airflow.sdk.task'`.","category":"DeprecatedImportWarning","filename":"/opt/airflow/dags/salse2s3.py","lineno":7,"logger":"py.warnings"}
{"timestamp":"2025-10-16T15:29:46.456866Z","level":"warning","event":"The `airflow.hooks.base.BaseHook` attribute is deprecated. Please use `'airflow.sdk.bases.hook.BaseHook'`.","category":"DeprecatedImportWarning","filename":"/opt/airflow/dags/utilities/conections.py","lineno":4,"logger":"py.warnings"}
{"timestamp":"2025-10-16T16:13:04.052972Z","level":"info","event":"Filling up the DagBag from /opt/airflow/dags/salse2s3.py","logger":"airflow.models.dagbag.DagBag","filename":"dagbag.py","lineno":593}
{"timestamp":"2025-10-16T16:13:04.074636Z","level":"warning","event":"The `airflow.decorators.dag` attribute is deprecated. Please use `'airflow.sdk.dag'`.","category":"DeprecatedImportWarning","filename":"/opt/airflow/dags/salse2s3.py","lineno":7,"logger":"py.warnings"}
{"timestamp":"2025-10-16T16:13:04.074717Z","level":"warning","event":"The `airflow.decorators.task` attribute is deprecated. Please use `'airflow.sdk.task'`.","category":"DeprecatedImportWarning","filename":"/opt/airflow/dags/salse2s3.py","lineno":7,"logger":"py.warnings"}
{"timestamp":"2025-10-16T16:13:04.074749Z","level":"warning","event":"The `airflow.hooks.base.BaseHook` attribute is deprecated. Please use `'airflow.sdk.bases.hook.BaseHook'`.","category":"DeprecatedImportWarning","filename":"/opt/airflow/dags/utilities/conections.py","lineno":4,"logger":"py.warnings"}
{"timestamp":"2025-10-16T16:13:34.499561Z","level":"info","event":"Filling up the DagBag from /opt/airflow/dags/salse2s3.py","logger":"airflow.models.dagbag.DagBag","filename":"dagbag.py","lineno":593}
{"timestamp":"2025-10-16T16:13:34.518583Z","level":"warning","event":"The `airflow.decorators.dag` attribute is deprecated. Please use `'airflow.sdk.dag'`.","category":"DeprecatedImportWarning","filename":"/opt/airflow/dags/salse2s3.py","lineno":7,"logger":"py.warnings"}
{"timestamp":"2025-10-16T16:13:34.518650Z","level":"warning","event":"The `airflow.decorators.task` attribute is deprecated. Please use `'airflow.sdk.task'`.","category":"DeprecatedImportWarning","filename":"/opt/airflow/dags/salse2s3.py","lineno":7,"logger":"py.warnings"}
{"timestamp":"2025-10-16T16:13:34.518682Z","level":"warning","event":"The `airflow.hooks.base.BaseHook` attribute is deprecated. Please use `'airflow.sdk.bases.hook.BaseHook'`.","category":"DeprecatedImportWarning","filename":"/opt/airflow/dags/utilities/conections.py","lineno":4,"logger":"py.warnings"}
{"timestamp":"2025-10-16T16:24:54.676244Z","level":"info","event":"Filling up the DagBag from /opt/airflow/dags/salse2s3.py","logger":"airflow.models.dagbag.DagBag","filename":"dagbag.py","lineno":593}
{"timestamp":"2025-10-16T16:24:54.690537Z","level":"warning","event":"The `airflow.decorators.dag` attribute is deprecated. Please use `'airflow.sdk.dag'`.","category":"DeprecatedImportWarning","filename":"/opt/airflow/dags/salse2s3.py","lineno":7,"logger":"py.warnings"}
{"timestamp":"2025-10-16T16:24:54.690595Z","level":"warning","event":"The `airflow.decorators.task` attribute is deprecated. Please use `'airflow.sdk.task'`.","category":"DeprecatedImportWarning","filename":"/opt/airflow/dags/salse2s3.py","lineno":7,"logger":"py.warnings"}
{"timestamp":"2025-10-16T16:24:54.690641Z","level":"warning","event":"The `airflow.hooks.base.BaseHook` attribute is deprecated. Please use `'airflow.sdk.bases.hook.BaseHook'`.","category":"DeprecatedImportWarning","filename":"/opt/airflow/dags/utilities/conections.py","lineno":4,"logger":"py.warnings"}
{"timestamp":"2025-10-16T16:25:25.060984Z","level":"info","event":"Filling up the DagBag from /opt/airflow/dags/salse2s3.py","logger":"airflow.models.dagbag.DagBag","filename":"dagbag.py","lineno":593}
{"timestamp":"2025-10-16T16:25:25.072036Z","level":"warning","event":"The `airflow.decorators.dag` attribute is deprecated. Please use `'airflow.sdk.dag'`.","category":"DeprecatedImportWarning","filename":"/opt/airflow/dags/salse2s3.py","lineno":7,"logger":"py.warnings"}
{"timestamp":"2025-10-16T16:25:25.072104Z","level":"warning","event":"The `airflow.decorators.task` attribute is deprecated. Please use `'airflow.sdk.task'`.","category":"DeprecatedImportWarning","filename":"/opt/airflow/dags/salse2s3.py","lineno":7,"logger":"py.warnings"}
{"timestamp":"2025-10-16T16:25:25.072133Z","level":"warning","event":"The `airflow.hooks.base.BaseHook` attribute is deprecated. Please use `'airflow.sdk.bases.hook.BaseHook'`.","category":"DeprecatedImportWarning","filename":"/opt/airflow/dags/utilities/conections.py","lineno":4,"logger":"py.warnings"}
{"timestamp":"2025-10-16T16:25:55.494475Z","level":"info","event":"Filling up the DagBag from /opt/airflow/dags/salse2s3.py","logger":"airflow.models.dagbag.DagBag","filename":"dagbag.py","lineno":593}
{"timestamp":"2025-10-16T16:25:55.511380Z","level":"warning","event":"The `airflow.decorators.dag` attribute is deprecated. Please use `'airflow.sdk.dag'`.","category":"DeprecatedImportWarning","filename":"/opt/airflow/dags/salse2s3.py","lineno":7,"logger":"py.warnings"}
{"timestamp":"2025-10-16T16:25:55.511443Z","level":"warning","event":"The `airflow.decorators.task` attribute is deprecated. Please use `'airflow.sdk.task'`.","category":"DeprecatedImportWarning","filename":"/opt/airflow/dags/salse2s3.py","lineno":7,"logger":"py.warnings"}
{"timestamp":"2025-10-16T16:25:55.511482Z","level":"warning","event":"The `airflow.hooks.base.BaseHook` attribute is deprecated. Please use `'airflow.sdk.bases.hook.BaseHook'`.","category":"DeprecatedImportWarning","filename":"/opt/airflow/dags/utilities/conections.py","lineno":4,"logger":"py.warnings"}
{"timestamp":"2025-10-16T16:26:25.878135Z","level":"info","event":"Filling up the DagBag from /opt/airflow/dags/salse2s3.py","logger":"airflow.models.dagbag.DagBag","filename":"dagbag.py","lineno":593}
{"timestamp":"2025-10-16T16:26:25.897206Z","level":"warning","event":"The `airflow.decorators.dag` attribute is deprecated. Please use `'airflow.sdk.dag'`.","category":"DeprecatedImportWarning","filename":"/opt/airflow/dags/salse2s3.py","lineno":7,"logger":"py.warnings"}
{"timestamp":"2025-10-16T16:26:25.897279Z","level":"warning","event":"The `airflow.decorators.task` attribute is deprecated. Please use `'airflow.sdk.task'`.","category":"DeprecatedImportWarning","filename":"/opt/airflow/dags/salse2s3.py","lineno":7,"logger":"py.warnings"}
{"timestamp":"2025-10-16T16:26:25.897309Z","level":"warning","event":"The `airflow.hooks.base.BaseHook` attribute is deprecated. Please use `'airflow.sdk.bases.hook.BaseHook'`.","category":"DeprecatedImportWarning","filename":"/opt/airflow/dags/utilities/conections.py","lineno":4,"logger":"py.warnings"}
{"timestamp":"2025-10-16T16:26:56.255752Z","level":"info","event":"Filling up the DagBag from /opt/airflow/dags/salse2s3.py","logger":"airflow.models.dagbag.DagBag","filename":"dagbag.py","lineno":593}
{"timestamp":"2025-10-16T16:26:56.277008Z","level":"warning","event":"The `airflow.decorators.dag` attribute is deprecated. Please use `'airflow.sdk.dag'`.","category":"DeprecatedImportWarning","filename":"/opt/airflow/dags/salse2s3.py","lineno":7,"logger":"py.warnings"}
{"timestamp":"2025-10-16T16:26:56.277185Z","level":"warning","event":"The `airflow.decorators.task` attribute is deprecated. Please use `'airflow.sdk.task'`.","category":"DeprecatedImportWarning","filename":"/opt/airflow/dags/salse2s3.py","lineno":7,"logger":"py.warnings"}
{"timestamp":"2025-10-16T16:26:56.277219Z","level":"warning","event":"The `airflow.hooks.base.BaseHook` attribute is deprecated. Please use `'airflow.sdk.bases.hook.BaseHook'`.","category":"DeprecatedImportWarning","filename":"/opt/airflow/dags/utilities/conections.py","lineno":4,"logger":"py.warnings"}
{"timestamp":"2025-10-16T16:27:26.661745Z","level":"info","event":"Filling up the DagBag from /opt/airflow/dags/salse2s3.py","logger":"airflow.models.dagbag.DagBag","filename":"dagbag.py","lineno":593}
{"timestamp":"2025-10-16T16:27:26.676639Z","level":"warning","event":"The `airflow.decorators.dag` attribute is deprecated. Please use `'airflow.sdk.dag'`.","category":"DeprecatedImportWarning","filename":"/opt/airflow/dags/salse2s3.py","lineno":7,"logger":"py.warnings"}
{"timestamp":"2025-10-16T16:27:26.676734Z","level":"warning","event":"The `airflow.decorators.task` attribute is deprecated. Please use `'airflow.sdk.task'`.","category":"DeprecatedImportWarning","filename":"/opt/airflow/dags/salse2s3.py","lineno":7,"logger":"py.warnings"}
{"timestamp":"2025-10-16T16:27:26.676773Z","level":"warning","event":"The `airflow.hooks.base.BaseHook` attribute is deprecated. Please use `'airflow.sdk.bases.hook.BaseHook'`.","category":"DeprecatedImportWarning","filename":"/opt/airflow/dags/utilities/conections.py","lineno":4,"logger":"py.warnings"}
{"timestamp":"2025-10-16T16:27:57.099790Z","level":"info","event":"Filling up the DagBag from /opt/airflow/dags/salse2s3.py","logger":"airflow.models.dagbag.DagBag","filename":"dagbag.py","lineno":593}
{"timestamp":"2025-10-16T16:27:57.116151Z","level":"warning","event":"The `airflow.decorators.dag` attribute is deprecated. Please use `'airflow.sdk.dag'`.","category":"DeprecatedImportWarning","filename":"/opt/airflow/dags/salse2s3.py","lineno":7,"logger":"py.warnings"}
{"timestamp":"2025-10-16T16:27:57.116224Z","level":"warning","event":"The `airflow.decorators.task` attribute is deprecated. Please use `'airflow.sdk.task'`.","category":"DeprecatedImportWarning","filename":"/opt/airflow/dags/salse2s3.py","lineno":7,"logger":"py.warnings"}
{"timestamp":"2025-10-16T16:27:57.116254Z","level":"warning","event":"The `airflow.hooks.base.BaseHook` attribute is deprecated. Please use `'airflow.sdk.bases.hook.BaseHook'`.","category":"DeprecatedImportWarning","filename":"/opt/airflow/dags/utilities/conections.py","lineno":4,"logger":"py.warnings"}
{"timestamp":"2025-10-16T16:28:27.490152Z","level":"info","event":"Filling up the DagBag from /opt/airflow/dags/salse2s3.py","logger":"airflow.models.dagbag.DagBag","filename":"dagbag.py","lineno":593}
{"timestamp":"2025-10-16T16:28:27.501524Z","level":"warning","event":"The `airflow.decorators.dag` attribute is deprecated. Please use `'airflow.sdk.dag'`.","category":"DeprecatedImportWarning","filename":"/opt/airflow/dags/salse2s3.py","lineno":7,"logger":"py.warnings"}
{"timestamp":"2025-10-16T16:28:27.501590Z","level":"warning","event":"The `airflow.decorators.task` attribute is deprecated. Please use `'airflow.sdk.task'`.","category":"DeprecatedImportWarning","filename":"/opt/airflow/dags/salse2s3.py","lineno":7,"logger":"py.warnings"}
{"timestamp":"2025-10-16T16:28:27.501624Z","level":"warning","event":"The `airflow.hooks.base.BaseHook` attribute is deprecated. Please use `'airflow.sdk.bases.hook.BaseHook'`.","category":"DeprecatedImportWarning","filename":"/opt/airflow/dags/utilities/conections.py","lineno":4,"logger":"py.warnings"}
{"timestamp":"2025-10-16T16:28:57.864463Z","level":"info","event":"Filling up the DagBag from /opt/airflow/dags/salse2s3.py","logger":"airflow.models.dagbag.DagBag","filename":"dagbag.py","lineno":593}
{"timestamp":"2025-10-16T16:28:57.874754Z","level":"warning","event":"The `airflow.decorators.dag` attribute is deprecated. Please use `'airflow.sdk.dag'`.","category":"DeprecatedImportWarning","filename":"/opt/airflow/dags/salse2s3.py","lineno":7,"logger":"py.warnings"}
{"timestamp":"2025-10-16T16:28:57.874928Z","level":"warning","event":"The `airflow.decorators.task` attribute is deprecated. Please use `'airflow.sdk.task'`.","category":"DeprecatedImportWarning","filename":"/opt/airflow/dags/salse2s3.py","lineno":7,"logger":"py.warnings"}
{"timestamp":"2025-10-16T16:28:57.874960Z","level":"warning","event":"The `airflow.hooks.base.BaseHook` attribute is deprecated. Please use `'airflow.sdk.bases.hook.BaseHook'`.","category":"DeprecatedImportWarning","filename":"/opt/airflow/dags/utilities/conections.py","lineno":4,"logger":"py.warnings"}
{"timestamp":"2025-10-16T16:29:28.267156Z","level":"info","event":"Filling up the DagBag from /opt/airflow/dags/salse2s3.py","logger":"airflow.models.dagbag.DagBag","filename":"dagbag.py","lineno":593}
{"timestamp":"2025-10-16T16:29:28.279315Z","level":"warning","event":"The `airflow.decorators.dag` attribute is deprecated. Please use `'airflow.sdk.dag'`.","category":"DeprecatedImportWarning","filename":"/opt/airflow/dags/salse2s3.py","lineno":7,"logger":"py.warnings"}
{"timestamp":"2025-10-16T16:29:28.279507Z","level":"warning","event":"The `airflow.decorators.task` attribute is deprecated. Please use `'airflow.sdk.task'`.","category":"DeprecatedImportWarning","filename":"/opt/airflow/dags/salse2s3.py","lineno":7,"logger":"py.warnings"}
{"timestamp":"2025-10-16T16:29:28.279548Z","level":"warning","event":"The `airflow.hooks.base.BaseHook` attribute is deprecated. Please use `'airflow.sdk.bases.hook.BaseHook'`.","category":"DeprecatedImportWarning","filename":"/opt/airflow/dags/utilities/conections.py","lineno":4,"logger":"py.warnings"}
{"timestamp":"2025-10-16T16:29:58.722921Z","level":"info","event":"Filling up the DagBag from /opt/airflow/dags/salse2s3.py","logger":"airflow.models.dagbag.DagBag","filename":"dagbag.py","lineno":593}
{"timestamp":"2025-10-16T16:29:58.744533Z","level":"warning","event":"The `airflow.decorators.dag` attribute is deprecated. Please use `'airflow.sdk.dag'`.","category":"DeprecatedImportWarning","filename":"/opt/airflow/dags/salse2s3.py","lineno":7,"logger":"py.warnings"}
{"timestamp":"2025-10-16T16:29:58.744802Z","level":"warning","event":"The `airflow.decorators.task` attribute is deprecated. Please use `'airflow.sdk.task'`.","category":"DeprecatedImportWarning","filename":"/opt/airflow/dags/salse2s3.py","lineno":7,"logger":"py.warnings"}
{"timestamp":"2025-10-16T16:29:58.744878Z","level":"warning","event":"The `airflow.hooks.base.BaseHook` attribute is deprecated. Please use `'airflow.sdk.bases.hook.BaseHook'`.","category":"DeprecatedImportWarning","filename":"/opt/airflow/dags/utilities/conections.py","lineno":4,"logger":"py.warnings"}
{"timestamp":"2025-10-16T16:30:29.122810Z","level":"info","event":"Filling up the DagBag from /opt/airflow/dags/salse2s3.py","logger":"airflow.models.dagbag.DagBag","filename":"dagbag.py","lineno":593}
{"timestamp":"2025-10-16T16:30:29.140868Z","level":"warning","event":"The `airflow.decorators.dag` attribute is deprecated. Please use `'airflow.sdk.dag'`.","category":"DeprecatedImportWarning","filename":"/opt/airflow/dags/salse2s3.py","lineno":7,"logger":"py.warnings"}
{"timestamp":"2025-10-16T16:30:29.140954Z","level":"warning","event":"The `airflow.decorators.task` attribute is deprecated. Please use `'airflow.sdk.task'`.","category":"DeprecatedImportWarning","filename":"/opt/airflow/dags/salse2s3.py","lineno":7,"logger":"py.warnings"}
{"timestamp":"2025-10-16T16:30:29.140989Z","level":"warning","event":"The `airflow.hooks.base.BaseHook` attribute is deprecated. Please use `'airflow.sdk.bases.hook.BaseHook'`.","category":"DeprecatedImportWarning","filename":"/opt/airflow/dags/utilities/conections.py","lineno":4,"logger":"py.warnings"}
{"timestamp":"2025-10-16T16:30:59.580867Z","level":"info","event":"Filling up the DagBag from /opt/airflow/dags/salse2s3.py","logger":"airflow.models.dagbag.DagBag","filename":"dagbag.py","lineno":593}
{"timestamp":"2025-10-16T16:30:59.602816Z","level":"warning","event":"The `airflow.decorators.dag` attribute is deprecated. Please use `'airflow.sdk.dag'`.","category":"DeprecatedImportWarning","filename":"/opt/airflow/dags/salse2s3.py","lineno":7,"logger":"py.warnings"}
{"timestamp":"2025-10-16T16:30:59.602884Z","level":"warning","event":"The `airflow.decorators.task` attribute is deprecated. Please use `'airflow.sdk.task'`.","category":"DeprecatedImportWarning","filename":"/opt/airflow/dags/salse2s3.py","lineno":7,"logger":"py.warnings"}
{"timestamp":"2025-10-16T16:30:59.602915Z","level":"warning","event":"The `airflow.hooks.base.BaseHook` attribute is deprecated. Please use `'airflow.sdk.bases.hook.BaseHook'`.","category":"DeprecatedImportWarning","filename":"/opt/airflow/dags/utilities/conections.py","lineno":4,"logger":"py.warnings"}
{"timestamp":"2025-10-16T16:31:30.016955Z","level":"info","event":"Filling up the DagBag from /opt/airflow/dags/salse2s3.py","logger":"airflow.models.dagbag.DagBag","filename":"dagbag.py","lineno":593}
{"timestamp":"2025-10-16T16:31:30.033056Z","level":"warning","event":"The `airflow.decorators.dag` attribute is deprecated. Please use `'airflow.sdk.dag'`.","category":"DeprecatedImportWarning","filename":"/opt/airflow/dags/salse2s3.py","lineno":7,"logger":"py.warnings"}
{"timestamp":"2025-10-16T16:31:30.033229Z","level":"warning","event":"The `airflow.decorators.task` attribute is deprecated. Please use `'airflow.sdk.task'`.","category":"DeprecatedImportWarning","filename":"/opt/airflow/dags/salse2s3.py","lineno":7,"logger":"py.warnings"}
{"timestamp":"2025-10-16T16:31:30.033265Z","level":"warning","event":"The `airflow.hooks.base.BaseHook` attribute is deprecated. Please use `'airflow.sdk.bases.hook.BaseHook'`.","category":"DeprecatedImportWarning","filename":"/opt/airflow/dags/utilities/conections.py","lineno":4,"logger":"py.warnings"}
{"timestamp":"2025-10-16T16:32:00.476405Z","level":"info","event":"Filling up the DagBag from /opt/airflow/dags/salse2s3.py","logger":"airflow.models.dagbag.DagBag","filename":"dagbag.py","lineno":593}
{"timestamp":"2025-10-16T16:32:00.496928Z","level":"warning","event":"The `airflow.decorators.dag` attribute is deprecated. Please use `'airflow.sdk.dag'`.","category":"DeprecatedImportWarning","filename":"/opt/airflow/dags/salse2s3.py","lineno":7,"logger":"py.warnings"}
{"timestamp":"2025-10-16T16:32:00.496996Z","level":"warning","event":"The `airflow.decorators.task` attribute is deprecated. Please use `'airflow.sdk.task'`.","category":"DeprecatedImportWarning","filename":"/opt/airflow/dags/salse2s3.py","lineno":7,"logger":"py.warnings"}
{"timestamp":"2025-10-16T16:32:00.497025Z","level":"warning","event":"The `airflow.hooks.base.BaseHook` attribute is deprecated. Please use `'airflow.sdk.bases.hook.BaseHook'`.","category":"DeprecatedImportWarning","filename":"/opt/airflow/dags/utilities/conections.py","lineno":4,"logger":"py.warnings"}
{"timestamp":"2025-10-16T16:32:30.916861Z","level":"info","event":"Filling up the DagBag from /opt/airflow/dags/salse2s3.py","logger":"airflow.models.dagbag.DagBag","filename":"dagbag.py","lineno":593}
{"timestamp":"2025-10-16T16:32:30.932795Z","level":"warning","event":"The `airflow.decorators.dag` attribute is deprecated. Please use `'airflow.sdk.dag'`.","category":"DeprecatedImportWarning","filename":"/opt/airflow/dags/salse2s3.py","lineno":7,"logger":"py.warnings"}
{"timestamp":"2025-10-16T16:32:30.932989Z","level":"warning","event":"The `airflow.decorators.task` attribute is deprecated. Please use `'airflow.sdk.task'`.","category":"DeprecatedImportWarning","filename":"/opt/airflow/dags/salse2s3.py","lineno":7,"logger":"py.warnings"}
{"timestamp":"2025-10-16T16:32:30.933029Z","level":"warning","event":"The `airflow.hooks.base.BaseHook` attribute is deprecated. Please use `'airflow.sdk.bases.hook.BaseHook'`.","category":"DeprecatedImportWarning","filename":"/opt/airflow/dags/utilities/conections.py","lineno":4,"logger":"py.warnings"}
{"timestamp":"2025-10-16T16:33:01.355064Z","level":"info","event":"Filling up the DagBag from /opt/airflow/dags/salse2s3.py","logger":"airflow.models.dagbag.DagBag","filename":"dagbag.py","lineno":593}
{"timestamp":"2025-10-16T16:33:01.368385Z","level":"warning","event":"The `airflow.decorators.dag` attribute is deprecated. Please use `'airflow.sdk.dag'`.","category":"DeprecatedImportWarning","filename":"/opt/airflow/dags/salse2s3.py","lineno":7,"logger":"py.warnings"}
{"timestamp":"2025-10-16T16:33:01.368570Z","level":"warning","event":"The `airflow.decorators.task` attribute is deprecated. Please use `'airflow.sdk.task'`.","category":"DeprecatedImportWarning","filename":"/opt/airflow/dags/salse2s3.py","lineno":7,"logger":"py.warnings"}
{"timestamp":"2025-10-16T16:33:01.368612Z","level":"warning","event":"The `airflow.hooks.base.BaseHook` attribute is deprecated. Please use `'airflow.sdk.bases.hook.BaseHook'`.","category":"DeprecatedImportWarning","filename":"/opt/airflow/dags/utilities/conections.py","lineno":4,"logger":"py.warnings"}
{"timestamp":"2025-10-16T16:33:31.795904Z","level":"info","event":"Filling up the DagBag from /opt/airflow/dags/salse2s3.py","logger":"airflow.models.dagbag.DagBag","filename":"dagbag.py","lineno":593}
{"timestamp":"2025-10-16T16:33:31.811442Z","level":"warning","event":"The `airflow.decorators.dag` attribute is deprecated. Please use `'airflow.sdk.dag'`.","category":"DeprecatedImportWarning","filename":"/opt/airflow/dags/salse2s3.py","lineno":7,"logger":"py.warnings"}
{"timestamp":"2025-10-16T16:33:31.811631Z","level":"warning","event":"The `airflow.decorators.task` attribute is deprecated. Please use `'airflow.sdk.task'`.","category":"DeprecatedImportWarning","filename":"/opt/airflow/dags/salse2s3.py","lineno":7,"logger":"py.warnings"}
{"timestamp":"2025-10-16T16:33:31.811670Z","level":"warning","event":"The `airflow.hooks.base.BaseHook` attribute is deprecated. Please use `'airflow.sdk.bases.hook.BaseHook'`.","category":"DeprecatedImportWarning","filename":"/opt/airflow/dags/utilities/conections.py","lineno":4,"logger":"py.warnings"}
{"timestamp":"2025-10-16T16:34:02.195574Z","level":"info","event":"Filling up the DagBag from /opt/airflow/dags/salse2s3.py","logger":"airflow.models.dagbag.DagBag","filename":"dagbag.py","lineno":593}
{"timestamp":"2025-10-16T16:34:02.208953Z","level":"warning","event":"The `airflow.decorators.dag` attribute is deprecated. Please use `'airflow.sdk.dag'`.","category":"DeprecatedImportWarning","filename":"/opt/airflow/dags/salse2s3.py","lineno":7,"logger":"py.warnings"}
{"timestamp":"2025-10-16T16:34:02.209128Z","level":"warning","event":"The `airflow.decorators.task` attribute is deprecated. Please use `'airflow.sdk.task'`.","category":"DeprecatedImportWarning","filename":"/opt/airflow/dags/salse2s3.py","lineno":7,"logger":"py.warnings"}
{"timestamp":"2025-10-16T16:34:02.209161Z","level":"warning","event":"The `airflow.hooks.base.BaseHook` attribute is deprecated. Please use `'airflow.sdk.bases.hook.BaseHook'`.","category":"DeprecatedImportWarning","filename":"/opt/airflow/dags/utilities/conections.py","lineno":4,"logger":"py.warnings"}
{"timestamp":"2025-10-16T16:34:32.602763Z","level":"info","event":"Filling up the DagBag from /opt/airflow/dags/salse2s3.py","logger":"airflow.models.dagbag.DagBag","filename":"dagbag.py","lineno":593}
{"timestamp":"2025-10-16T16:34:32.621001Z","level":"warning","event":"The `airflow.decorators.dag` attribute is deprecated. Please use `'airflow.sdk.dag'`.","category":"DeprecatedImportWarning","filename":"/opt/airflow/dags/salse2s3.py","lineno":7,"logger":"py.warnings"}
{"timestamp":"2025-10-16T16:34:32.621207Z","level":"warning","event":"The `airflow.decorators.task` attribute is deprecated. Please use `'airflow.sdk.task'`.","category":"DeprecatedImportWarning","filename":"/opt/airflow/dags/salse2s3.py","lineno":7,"logger":"py.warnings"}
{"timestamp":"2025-10-16T16:34:32.621245Z","level":"warning","event":"The `airflow.hooks.base.BaseHook` attribute is deprecated. Please use `'airflow.sdk.bases.hook.BaseHook'`.","category":"DeprecatedImportWarning","filename":"/opt/airflow/dags/utilities/conections.py","lineno":4,"logger":"py.warnings"}
{"timestamp":"2025-10-16T16:35:03.065510Z","level":"info","event":"Filling up the DagBag from /opt/airflow/dags/salse2s3.py","logger":"airflow.models.dagbag.DagBag","filename":"dagbag.py","lineno":593}
{"timestamp":"2025-10-16T16:35:03.081985Z","level":"warning","event":"The `airflow.decorators.dag` attribute is deprecated. Please use `'airflow.sdk.dag'`.","category":"DeprecatedImportWarning","filename":"/opt/airflow/dags/salse2s3.py","lineno":7,"logger":"py.warnings"}
{"timestamp":"2025-10-16T16:35:03.082062Z","level":"warning","event":"The `airflow.decorators.task` attribute is deprecated. Please use `'airflow.sdk.task'`.","category":"DeprecatedImportWarning","filename":"/opt/airflow/dags/salse2s3.py","lineno":7,"logger":"py.warnings"}
{"timestamp":"2025-10-16T16:35:03.082094Z","level":"warning","event":"The `airflow.hooks.base.BaseHook` attribute is deprecated. Please use `'airflow.sdk.bases.hook.BaseHook'`.","category":"DeprecatedImportWarning","filename":"/opt/airflow/dags/utilities/conections.py","lineno":4,"logger":"py.warnings"}
{"timestamp":"2025-10-16T16:35:33.485134Z","level":"info","event":"Filling up the DagBag from /opt/airflow/dags/salse2s3.py","logger":"airflow.models.dagbag.DagBag","filename":"dagbag.py","lineno":593}
{"timestamp":"2025-10-16T16:35:33.500472Z","level":"warning","event":"The `airflow.decorators.dag` attribute is deprecated. Please use `'airflow.sdk.dag'`.","category":"DeprecatedImportWarning","filename":"/opt/airflow/dags/salse2s3.py","lineno":7,"logger":"py.warnings"}
{"timestamp":"2025-10-16T16:35:33.500554Z","level":"warning","event":"The `airflow.decorators.task` attribute is deprecated. Please use `'airflow.sdk.task'`.","category":"DeprecatedImportWarning","filename":"/opt/airflow/dags/salse2s3.py","lineno":7,"logger":"py.warnings"}
{"timestamp":"2025-10-16T16:35:33.500595Z","level":"warning","event":"The `airflow.hooks.base.BaseHook` attribute is deprecated. Please use `'airflow.sdk.bases.hook.BaseHook'`.","category":"DeprecatedImportWarning","filename":"/opt/airflow/dags/utilities/conections.py","lineno":4,"logger":"py.warnings"}
{"timestamp":"2025-10-16T16:36:03.889433Z","level":"info","event":"Filling up the DagBag from /opt/airflow/dags/salse2s3.py","logger":"airflow.models.dagbag.DagBag","filename":"dagbag.py","lineno":593}
{"timestamp":"2025-10-16T16:36:03.909793Z","level":"warning","event":"The `airflow.decorators.dag` attribute is deprecated. Please use `'airflow.sdk.dag'`.","category":"DeprecatedImportWarning","filename":"/opt/airflow/dags/salse2s3.py","lineno":7,"logger":"py.warnings"}
{"timestamp":"2025-10-16T16:36:03.909993Z","level":"warning","event":"The `airflow.decorators.task` attribute is deprecated. Please use `'airflow.sdk.task'`.","category":"DeprecatedImportWarning","filename":"/opt/airflow/dags/salse2s3.py","lineno":7,"logger":"py.warnings"}
{"timestamp":"2025-10-16T16:36:03.910040Z","level":"warning","event":"The `airflow.hooks.base.BaseHook` attribute is deprecated. Please use `'airflow.sdk.bases.hook.BaseHook'`.","category":"DeprecatedImportWarning","filename":"/opt/airflow/dags/utilities/conections.py","lineno":4,"logger":"py.warnings"}
{"timestamp":"2025-10-16T16:36:34.310514Z","level":"info","event":"Filling up the DagBag from /opt/airflow/dags/salse2s3.py","logger":"airflow.models.dagbag.DagBag","filename":"dagbag.py","lineno":593}
{"timestamp":"2025-10-16T16:36:34.325488Z","level":"warning","event":"The `airflow.decorators.dag` attribute is deprecated. Please use `'airflow.sdk.dag'`.","category":"DeprecatedImportWarning","filename":"/opt/airflow/dags/salse2s3.py","lineno":7,"logger":"py.warnings"}
{"timestamp":"2025-10-16T16:36:34.325697Z","level":"warning","event":"The `airflow.decorators.task` attribute is deprecated. Please use `'airflow.sdk.task'`.","category":"DeprecatedImportWarning","filename":"/opt/airflow/dags/salse2s3.py","lineno":7,"logger":"py.warnings"}
{"timestamp":"2025-10-16T16:36:34.325737Z","level":"warning","event":"The `airflow.hooks.base.BaseHook` attribute is deprecated. Please use `'airflow.sdk.bases.hook.BaseHook'`.","category":"DeprecatedImportWarning","filename":"/opt/airflow/dags/utilities/conections.py","lineno":4,"logger":"py.warnings"}
{"timestamp":"2025-10-16T16:37:04.708520Z","level":"info","event":"Filling up the DagBag from /opt/airflow/dags/salse2s3.py","logger":"airflow.models.dagbag.DagBag","filename":"dagbag.py","lineno":593}
{"timestamp":"2025-10-16T16:37:04.724256Z","level":"warning","event":"The `airflow.decorators.dag` attribute is deprecated. Please use `'airflow.sdk.dag'`.","category":"DeprecatedImportWarning","filename":"/opt/airflow/dags/salse2s3.py","lineno":7,"logger":"py.warnings"}
{"timestamp":"2025-10-16T16:37:04.724323Z","level":"warning","event":"The `airflow.decorators.task` attribute is deprecated. Please use `'airflow.sdk.task'`.","category":"DeprecatedImportWarning","filename":"/opt/airflow/dags/salse2s3.py","lineno":7,"logger":"py.warnings"}
{"timestamp":"2025-10-16T16:37:04.724357Z","level":"warning","event":"The `airflow.hooks.base.BaseHook` attribute is deprecated. Please use `'airflow.sdk.bases.hook.BaseHook'`.","category":"DeprecatedImportWarning","filename":"/opt/airflow/dags/utilities/conections.py","lineno":4,"logger":"py.warnings"}
{"timestamp":"2025-10-16T16:37:35.122114Z","level":"info","event":"Filling up the DagBag from /opt/airflow/dags/salse2s3.py","logger":"airflow.models.dagbag.DagBag","filename":"dagbag.py","lineno":593}
{"timestamp":"2025-10-16T16:37:35.138292Z","level":"warning","event":"The `airflow.decorators.dag` attribute is deprecated. Please use `'airflow.sdk.dag'`.","category":"DeprecatedImportWarning","filename":"/opt/airflow/dags/salse2s3.py","lineno":7,"logger":"py.warnings"}
{"timestamp":"2025-10-16T16:37:35.138542Z","level":"warning","event":"The `airflow.decorators.task` attribute is deprecated. Please use `'airflow.sdk.task'`.","category":"DeprecatedImportWarning","filename":"/opt/airflow/dags/salse2s3.py","lineno":7,"logger":"py.warnings"}
{"timestamp":"2025-10-16T16:37:35.138584Z","level":"warning","event":"The `airflow.hooks.base.BaseHook` attribute is deprecated. Please use `'airflow.sdk.bases.hook.BaseHook'`.","category":"DeprecatedImportWarning","filename":"/opt/airflow/dags/utilities/conections.py","lineno":4,"logger":"py.warnings"}
{"timestamp":"2025-10-16T16:38:05.501581Z","level":"info","event":"Filling up the DagBag from /opt/airflow/dags/salse2s3.py","logger":"airflow.models.dagbag.DagBag","filename":"dagbag.py","lineno":593}
{"timestamp":"2025-10-16T16:38:05.525693Z","level":"warning","event":"The `airflow.decorators.dag` attribute is deprecated. Please use `'airflow.sdk.dag'`.","category":"DeprecatedImportWarning","filename":"/opt/airflow/dags/salse2s3.py","lineno":7,"logger":"py.warnings"}
{"timestamp":"2025-10-16T16:38:05.525782Z","level":"warning","event":"The `airflow.decorators.task` attribute is deprecated. Please use `'airflow.sdk.task'`.","category":"DeprecatedImportWarning","filename":"/opt/airflow/dags/salse2s3.py","lineno":7,"logger":"py.warnings"}
{"timestamp":"2025-10-16T16:38:05.525819Z","level":"warning","event":"The `airflow.hooks.base.BaseHook` attribute is deprecated. Please use `'airflow.sdk.bases.hook.BaseHook'`.","category":"DeprecatedImportWarning","filename":"/opt/airflow/dags/utilities/conections.py","lineno":4,"logger":"py.warnings"}
{"timestamp":"2025-10-16T16:38:35.894951Z","level":"info","event":"Filling up the DagBag from /opt/airflow/dags/salse2s3.py","logger":"airflow.models.dagbag.DagBag","filename":"dagbag.py","lineno":593}
{"timestamp":"2025-10-16T16:38:35.909116Z","level":"warning","event":"The `airflow.decorators.dag` attribute is deprecated. Please use `'airflow.sdk.dag'`.","category":"DeprecatedImportWarning","filename":"/opt/airflow/dags/salse2s3.py","lineno":7,"logger":"py.warnings"}
{"timestamp":"2025-10-16T16:38:35.909181Z","level":"warning","event":"The `airflow.decorators.task` attribute is deprecated. Please use `'airflow.sdk.task'`.","category":"DeprecatedImportWarning","filename":"/opt/airflow/dags/salse2s3.py","lineno":7,"logger":"py.warnings"}
{"timestamp":"2025-10-16T16:38:35.909217Z","level":"warning","event":"The `airflow.hooks.base.BaseHook` attribute is deprecated. Please use `'airflow.sdk.bases.hook.BaseHook'`.","category":"DeprecatedImportWarning","filename":"/opt/airflow/dags/utilities/conections.py","lineno":4,"logger":"py.warnings"}
{"timestamp":"2025-10-16T16:39:06.251977Z","level":"info","event":"Filling up the DagBag from /opt/airflow/dags/salse2s3.py","logger":"airflow.models.dagbag.DagBag","filename":"dagbag.py","lineno":593}
{"timestamp":"2025-10-16T16:39:06.269135Z","level":"warning","event":"The `airflow.decorators.dag` attribute is deprecated. Please use `'airflow.sdk.dag'`.","category":"DeprecatedImportWarning","filename":"/opt/airflow/dags/salse2s3.py","lineno":7,"logger":"py.warnings"}
{"timestamp":"2025-10-16T16:39:06.269206Z","level":"warning","event":"The `airflow.decorators.task` attribute is deprecated. Please use `'airflow.sdk.task'`.","category":"DeprecatedImportWarning","filename":"/opt/airflow/dags/salse2s3.py","lineno":7,"logger":"py.warnings"}
{"timestamp":"2025-10-16T16:39:06.269236Z","level":"warning","event":"The `airflow.hooks.base.BaseHook` attribute is deprecated. Please use `'airflow.sdk.bases.hook.BaseHook'`.","category":"DeprecatedImportWarning","filename":"/opt/airflow/dags/utilities/conections.py","lineno":4,"logger":"py.warnings"}
{"timestamp":"2025-10-16T16:39:36.648357Z","level":"info","event":"Filling up the DagBag from /opt/airflow/dags/salse2s3.py","logger":"airflow.models.dagbag.DagBag","filename":"dagbag.py","lineno":593}
{"timestamp":"2025-10-16T16:39:36.667516Z","level":"warning","event":"The `airflow.decorators.dag` attribute is deprecated. Please use `'airflow.sdk.dag'`.","category":"DeprecatedImportWarning","filename":"/opt/airflow/dags/salse2s3.py","lineno":7,"logger":"py.warnings"}
{"timestamp":"2025-10-16T16:39:36.667592Z","level":"warning","event":"The `airflow.decorators.task` attribute is deprecated. Please use `'airflow.sdk.task'`.","category":"DeprecatedImportWarning","filename":"/opt/airflow/dags/salse2s3.py","lineno":7,"logger":"py.warnings"}
{"timestamp":"2025-10-16T16:39:36.667623Z","level":"warning","event":"The `airflow.hooks.base.BaseHook` attribute is deprecated. Please use `'airflow.sdk.bases.hook.BaseHook'`.","category":"DeprecatedImportWarning","filename":"/opt/airflow/dags/utilities/conections.py","lineno":4,"logger":"py.warnings"}
{"timestamp":"2025-10-16T16:40:07.096847Z","level":"info","event":"Filling up the DagBag from /opt/airflow/dags/salse2s3.py","logger":"airflow.models.dagbag.DagBag","filename":"dagbag.py","lineno":593}
{"timestamp":"2025-10-16T16:40:07.116466Z","level":"warning","event":"The `airflow.decorators.dag` attribute is deprecated. Please use `'airflow.sdk.dag'`.","category":"DeprecatedImportWarning","filename":"/opt/airflow/dags/salse2s3.py","lineno":7,"logger":"py.warnings"}
{"timestamp":"2025-10-16T16:40:07.116648Z","level":"warning","event":"The `airflow.decorators.task` attribute is deprecated. Please use `'airflow.sdk.task'`.","category":"DeprecatedImportWarning","filename":"/opt/airflow/dags/salse2s3.py","lineno":7,"logger":"py.warnings"}
{"timestamp":"2025-10-16T16:40:07.116683Z","level":"warning","event":"The `airflow.hooks.base.BaseHook` attribute is deprecated. Please use `'airflow.sdk.bases.hook.BaseHook'`.","category":"DeprecatedImportWarning","filename":"/opt/airflow/dags/utilities/conections.py","lineno":4,"logger":"py.warnings"}
{"timestamp":"2025-10-16T16:40:37.558179Z","level":"info","event":"Filling up the DagBag from /opt/airflow/dags/salse2s3.py","logger":"airflow.models.dagbag.DagBag","filename":"dagbag.py","lineno":593}
{"timestamp":"2025-10-16T16:40:37.584817Z","level":"warning","event":"The `airflow.decorators.dag` attribute is deprecated. Please use `'airflow.sdk.dag'`.","category":"DeprecatedImportWarning","filename":"/opt/airflow/dags/salse2s3.py","lineno":7,"logger":"py.warnings"}
{"timestamp":"2025-10-16T16:40:37.585199Z","level":"warning","event":"The `airflow.decorators.task` attribute is deprecated. Please use `'airflow.sdk.task'`.","category":"DeprecatedImportWarning","filename":"/opt/airflow/dags/salse2s3.py","lineno":7,"logger":"py.warnings"}
{"timestamp":"2025-10-16T16:40:37.585245Z","level":"warning","event":"The `airflow.hooks.base.BaseHook` attribute is deprecated. Please use `'airflow.sdk.bases.hook.BaseHook'`.","category":"DeprecatedImportWarning","filename":"/opt/airflow/dags/utilities/conections.py","lineno":4,"logger":"py.warnings"}
{"timestamp":"2025-10-16T16:41:08.018575Z","level":"info","event":"Filling up the DagBag from /opt/airflow/dags/salse2s3.py","logger":"airflow.models.dagbag.DagBag","filename":"dagbag.py","lineno":593}
{"timestamp":"2025-10-16T16:41:08.034885Z","level":"warning","event":"The `airflow.decorators.dag` attribute is deprecated. Please use `'airflow.sdk.dag'`.","category":"DeprecatedImportWarning","filename":"/opt/airflow/dags/salse2s3.py","lineno":7,"logger":"py.warnings"}
{"timestamp":"2025-10-16T16:41:08.035118Z","level":"warning","event":"The `airflow.decorators.task` attribute is deprecated. Please use `'airflow.sdk.task'`.","category":"DeprecatedImportWarning","filename":"/opt/airflow/dags/salse2s3.py","lineno":7,"logger":"py.warnings"}
{"timestamp":"2025-10-16T16:41:08.035162Z","level":"warning","event":"The `airflow.hooks.base.BaseHook` attribute is deprecated. Please use `'airflow.sdk.bases.hook.BaseHook'`.","category":"DeprecatedImportWarning","filename":"/opt/airflow/dags/utilities/conections.py","lineno":4,"logger":"py.warnings"}
{"timestamp":"2025-10-16T16:41:38.499317Z","level":"info","event":"Filling up the DagBag from /opt/airflow/dags/salse2s3.py","logger":"airflow.models.dagbag.DagBag","filename":"dagbag.py","lineno":593}
{"timestamp":"2025-10-16T16:41:38.515769Z","level":"warning","event":"The `airflow.decorators.dag` attribute is deprecated. Please use `'airflow.sdk.dag'`.","category":"DeprecatedImportWarning","filename":"/opt/airflow/dags/salse2s3.py","lineno":7,"logger":"py.warnings"}
{"timestamp":"2025-10-16T16:41:38.515831Z","level":"warning","event":"The `airflow.decorators.task` attribute is deprecated. Please use `'airflow.sdk.task'`.","category":"DeprecatedImportWarning","filename":"/opt/airflow/dags/salse2s3.py","lineno":7,"logger":"py.warnings"}
{"timestamp":"2025-10-16T16:41:38.515864Z","level":"warning","event":"The `airflow.hooks.base.BaseHook` attribute is deprecated. Please use `'airflow.sdk.bases.hook.BaseHook'`.","category":"DeprecatedImportWarning","filename":"/opt/airflow/dags/utilities/conections.py","lineno":4,"logger":"py.warnings"}
{"timestamp":"2025-10-16T16:42:08.810463Z","level":"info","event":"Filling up the DagBag from /opt/airflow/dags/salse2s3.py","logger":"airflow.models.dagbag.DagBag","filename":"dagbag.py","lineno":593}
{"timestamp":"2025-10-16T16:42:08.824527Z","level":"warning","event":"The `airflow.decorators.dag` attribute is deprecated. Please use `'airflow.sdk.dag'`.","category":"DeprecatedImportWarning","filename":"/opt/airflow/dags/salse2s3.py","lineno":7,"logger":"py.warnings"}
{"timestamp":"2025-10-16T16:42:08.824613Z","level":"warning","event":"The `airflow.decorators.task` attribute is deprecated. Please use `'airflow.sdk.task'`.","category":"DeprecatedImportWarning","filename":"/opt/airflow/dags/salse2s3.py","lineno":7,"logger":"py.warnings"}
{"timestamp":"2025-10-16T16:42:08.824649Z","level":"warning","event":"The `airflow.hooks.base.BaseHook` attribute is deprecated. Please use `'airflow.sdk.bases.hook.BaseHook'`.","category":"DeprecatedImportWarning","filename":"/opt/airflow/dags/utilities/conections.py","lineno":4,"logger":"py.warnings"}
{"timestamp":"2025-10-16T16:42:39.249266Z","level":"info","event":"Filling up the DagBag from /opt/airflow/dags/salse2s3.py","logger":"airflow.models.dagbag.DagBag","filename":"dagbag.py","lineno":593}
{"timestamp":"2025-10-16T16:42:39.264494Z","level":"warning","event":"The `airflow.decorators.dag` attribute is deprecated. Please use `'airflow.sdk.dag'`.","category":"DeprecatedImportWarning","filename":"/opt/airflow/dags/salse2s3.py","lineno":7,"logger":"py.warnings"}
{"timestamp":"2025-10-16T16:42:39.264562Z","level":"warning","event":"The `airflow.decorators.task` attribute is deprecated. Please use `'airflow.sdk.task'`.","category":"DeprecatedImportWarning","filename":"/opt/airflow/dags/salse2s3.py","lineno":7,"logger":"py.warnings"}
{"timestamp":"2025-10-16T16:42:39.264599Z","level":"warning","event":"The `airflow.hooks.base.BaseHook` attribute is deprecated. Please use `'airflow.sdk.bases.hook.BaseHook'`.","category":"DeprecatedImportWarning","filename":"/opt/airflow/dags/utilities/conections.py","lineno":4,"logger":"py.warnings"}
{"timestamp":"2025-10-16T16:43:10.111958Z","level":"info","event":"Filling up the DagBag from /opt/airflow/dags/salse2s3.py","logger":"airflow.models.dagbag.DagBag","filename":"dagbag.py","lineno":593}
{"timestamp":"2025-10-16T16:43:10.141890Z","level":"warning","event":"The `airflow.decorators.dag` attribute is deprecated. Please use `'airflow.sdk.dag'`.","category":"DeprecatedImportWarning","filename":"/opt/airflow/dags/salse2s3.py","lineno":7,"logger":"py.warnings"}
{"timestamp":"2025-10-16T16:43:10.142152Z","level":"warning","event":"The `airflow.decorators.task` attribute is deprecated. Please use `'airflow.sdk.task'`.","category":"DeprecatedImportWarning","filename":"/opt/airflow/dags/salse2s3.py","lineno":7,"logger":"py.warnings"}
{"timestamp":"2025-10-16T16:43:10.142188Z","level":"warning","event":"The `airflow.hooks.base.BaseHook` attribute is deprecated. Please use `'airflow.sdk.bases.hook.BaseHook'`.","category":"DeprecatedImportWarning","filename":"/opt/airflow/dags/utilities/conections.py","lineno":4,"logger":"py.warnings"}
{"timestamp":"2025-10-16T16:43:40.610523Z","level":"info","event":"Filling up the DagBag from /opt/airflow/dags/salse2s3.py","logger":"airflow.models.dagbag.DagBag","filename":"dagbag.py","lineno":593}
{"timestamp":"2025-10-16T16:43:40.629923Z","level":"warning","event":"The `airflow.decorators.dag` attribute is deprecated. Please use `'airflow.sdk.dag'`.","category":"DeprecatedImportWarning","filename":"/opt/airflow/dags/salse2s3.py","lineno":7,"logger":"py.warnings"}
{"timestamp":"2025-10-16T16:43:40.629992Z","level":"warning","event":"The `airflow.decorators.task` attribute is deprecated. Please use `'airflow.sdk.task'`.","category":"DeprecatedImportWarning","filename":"/opt/airflow/dags/salse2s3.py","lineno":7,"logger":"py.warnings"}
{"timestamp":"2025-10-16T16:43:40.630027Z","level":"warning","event":"The `airflow.hooks.base.BaseHook` attribute is deprecated. Please use `'airflow.sdk.bases.hook.BaseHook'`.","category":"DeprecatedImportWarning","filename":"/opt/airflow/dags/utilities/conections.py","lineno":4,"logger":"py.warnings"}
{"timestamp":"2025-10-16T16:44:11.087039Z","level":"info","event":"Filling up the DagBag from /opt/airflow/dags/salse2s3.py","logger":"airflow.models.dagbag.DagBag","filename":"dagbag.py","lineno":593}
{"timestamp":"2025-10-16T16:44:11.100525Z","level":"warning","event":"The `airflow.decorators.dag` attribute is deprecated. Please use `'airflow.sdk.dag'`.","category":"DeprecatedImportWarning","filename":"/opt/airflow/dags/salse2s3.py","lineno":7,"logger":"py.warnings"}
{"timestamp":"2025-10-16T16:44:11.100593Z","level":"warning","event":"The `airflow.decorators.task` attribute is deprecated. Please use `'airflow.sdk.task'`.","category":"DeprecatedImportWarning","filename":"/opt/airflow/dags/salse2s3.py","lineno":7,"logger":"py.warnings"}
{"timestamp":"2025-10-16T16:44:11.100628Z","level":"warning","event":"The `airflow.hooks.base.BaseHook` attribute is deprecated. Please use `'airflow.sdk.bases.hook.BaseHook'`.","category":"DeprecatedImportWarning","filename":"/opt/airflow/dags/utilities/conections.py","lineno":4,"logger":"py.warnings"}
{"timestamp":"2025-10-16T16:44:41.511282Z","level":"info","event":"Filling up the DagBag from /opt/airflow/dags/salse2s3.py","logger":"airflow.models.dagbag.DagBag","filename":"dagbag.py","lineno":593}
{"timestamp":"2025-10-16T16:44:41.525369Z","level":"warning","event":"The `airflow.decorators.dag` attribute is deprecated. Please use `'airflow.sdk.dag'`.","category":"DeprecatedImportWarning","filename":"/opt/airflow/dags/salse2s3.py","lineno":7,"logger":"py.warnings"}
{"timestamp":"2025-10-16T16:44:41.525557Z","level":"warning","event":"The `airflow.decorators.task` attribute is deprecated. Please use `'airflow.sdk.task'`.","category":"DeprecatedImportWarning","filename":"/opt/airflow/dags/salse2s3.py","lineno":7,"logger":"py.warnings"}
{"timestamp":"2025-10-16T16:44:41.525599Z","level":"warning","event":"The `airflow.hooks.base.BaseHook` attribute is deprecated. Please use `'airflow.sdk.bases.hook.BaseHook'`.","category":"DeprecatedImportWarning","filename":"/opt/airflow/dags/utilities/conections.py","lineno":4,"logger":"py.warnings"}
{"timestamp":"2025-10-16T16:45:11.941465Z","level":"info","event":"Filling up the DagBag from /opt/airflow/dags/salse2s3.py","logger":"airflow.models.dagbag.DagBag","filename":"dagbag.py","lineno":593}
{"timestamp":"2025-10-16T16:45:11.956065Z","level":"warning","event":"The `airflow.decorators.dag` attribute is deprecated. Please use `'airflow.sdk.dag'`.","category":"DeprecatedImportWarning","filename":"/opt/airflow/dags/salse2s3.py","lineno":7,"logger":"py.warnings"}
{"timestamp":"2025-10-16T16:45:11.956133Z","level":"warning","event":"The `airflow.decorators.task` attribute is deprecated. Please use `'airflow.sdk.task'`.","category":"DeprecatedImportWarning","filename":"/opt/airflow/dags/salse2s3.py","lineno":7,"logger":"py.warnings"}
{"timestamp":"2025-10-16T16:45:11.956168Z","level":"warning","event":"The `airflow.hooks.base.BaseHook` attribute is deprecated. Please use `'airflow.sdk.bases.hook.BaseHook'`.","category":"DeprecatedImportWarning","filename":"/opt/airflow/dags/utilities/conections.py","lineno":4,"logger":"py.warnings"}
{"timestamp":"2025-10-16T16:45:42.421759Z","level":"info","event":"Filling up the DagBag from /opt/airflow/dags/salse2s3.py","logger":"airflow.models.dagbag.DagBag","filename":"dagbag.py","lineno":593}
{"timestamp":"2025-10-16T16:45:42.439136Z","level":"warning","event":"The `airflow.decorators.dag` attribute is deprecated. Please use `'airflow.sdk.dag'`.","category":"DeprecatedImportWarning","filename":"/opt/airflow/dags/salse2s3.py","lineno":7,"logger":"py.warnings"}
{"timestamp":"2025-10-16T16:45:42.439200Z","level":"warning","event":"The `airflow.decorators.task` attribute is deprecated. Please use `'airflow.sdk.task'`.","category":"DeprecatedImportWarning","filename":"/opt/airflow/dags/salse2s3.py","lineno":7,"logger":"py.warnings"}
{"timestamp":"2025-10-16T16:45:42.439231Z","level":"warning","event":"The `airflow.hooks.base.BaseHook` attribute is deprecated. Please use `'airflow.sdk.bases.hook.BaseHook'`.","category":"DeprecatedImportWarning","filename":"/opt/airflow/dags/utilities/conections.py","lineno":4,"logger":"py.warnings"}
{"timestamp":"2025-10-16T16:46:12.860574Z","level":"info","event":"Filling up the DagBag from /opt/airflow/dags/salse2s3.py","logger":"airflow.models.dagbag.DagBag","filename":"dagbag.py","lineno":593}
{"timestamp":"2025-10-16T16:46:12.873203Z","level":"warning","event":"The `airflow.decorators.dag` attribute is deprecated. Please use `'airflow.sdk.dag'`.","category":"DeprecatedImportWarning","filename":"/opt/airflow/dags/salse2s3.py","lineno":7,"logger":"py.warnings"}
{"timestamp":"2025-10-16T16:46:12.873268Z","level":"warning","event":"The `airflow.decorators.task` attribute is deprecated. Please use `'airflow.sdk.task'`.","category":"DeprecatedImportWarning","filename":"/opt/airflow/dags/salse2s3.py","lineno":7,"logger":"py.warnings"}
{"timestamp":"2025-10-16T16:46:12.873302Z","level":"warning","event":"The `airflow.hooks.base.BaseHook` attribute is deprecated. Please use `'airflow.sdk.bases.hook.BaseHook'`.","category":"DeprecatedImportWarning","filename":"/opt/airflow/dags/utilities/conections.py","lineno":4,"logger":"py.warnings"}
{"timestamp":"2025-10-16T16:46:43.200114Z","level":"info","event":"Filling up the DagBag from /opt/airflow/dags/salse2s3.py","logger":"airflow.models.dagbag.DagBag","filename":"dagbag.py","lineno":593}
{"timestamp":"2025-10-16T16:46:43.212268Z","level":"warning","event":"The `airflow.decorators.dag` attribute is deprecated. Please use `'airflow.sdk.dag'`.","category":"DeprecatedImportWarning","filename":"/opt/airflow/dags/salse2s3.py","lineno":7,"logger":"py.warnings"}
{"timestamp":"2025-10-16T16:46:43.212334Z","level":"warning","event":"The `airflow.decorators.task` attribute is deprecated. Please use `'airflow.sdk.task'`.","category":"DeprecatedImportWarning","filename":"/opt/airflow/dags/salse2s3.py","lineno":7,"logger":"py.warnings"}
{"timestamp":"2025-10-16T16:46:43.212369Z","level":"warning","event":"The `airflow.hooks.base.BaseHook` attribute is deprecated. Please use `'airflow.sdk.bases.hook.BaseHook'`.","category":"DeprecatedImportWarning","filename":"/opt/airflow/dags/utilities/conections.py","lineno":4,"logger":"py.warnings"}
{"timestamp":"2025-10-16T16:47:13.640659Z","level":"info","event":"Filling up the DagBag from /opt/airflow/dags/salse2s3.py","logger":"airflow.models.dagbag.DagBag","filename":"dagbag.py","lineno":593}
{"timestamp":"2025-10-16T16:47:13.654508Z","level":"warning","event":"The `airflow.decorators.dag` attribute is deprecated. Please use `'airflow.sdk.dag'`.","category":"DeprecatedImportWarning","filename":"/opt/airflow/dags/salse2s3.py","lineno":7,"logger":"py.warnings"}
{"timestamp":"2025-10-16T16:47:13.654678Z","level":"warning","event":"The `airflow.decorators.task` attribute is deprecated. Please use `'airflow.sdk.task'`.","category":"DeprecatedImportWarning","filename":"/opt/airflow/dags/salse2s3.py","lineno":7,"logger":"py.warnings"}
{"timestamp":"2025-10-16T16:47:13.654713Z","level":"warning","event":"The `airflow.hooks.base.BaseHook` attribute is deprecated. Please use `'airflow.sdk.bases.hook.BaseHook'`.","category":"DeprecatedImportWarning","filename":"/opt/airflow/dags/utilities/conections.py","lineno":4,"logger":"py.warnings"}
{"timestamp":"2025-10-16T16:47:44.080396Z","level":"info","event":"Filling up the DagBag from /opt/airflow/dags/salse2s3.py","logger":"airflow.models.dagbag.DagBag","filename":"dagbag.py","lineno":593}
{"timestamp":"2025-10-16T16:47:44.094811Z","level":"warning","event":"The `airflow.decorators.dag` attribute is deprecated. Please use `'airflow.sdk.dag'`.","category":"DeprecatedImportWarning","filename":"/opt/airflow/dags/salse2s3.py","lineno":7,"logger":"py.warnings"}
{"timestamp":"2025-10-16T16:47:44.094875Z","level":"warning","event":"The `airflow.decorators.task` attribute is deprecated. Please use `'airflow.sdk.task'`.","category":"DeprecatedImportWarning","filename":"/opt/airflow/dags/salse2s3.py","lineno":7,"logger":"py.warnings"}
{"timestamp":"2025-10-16T16:47:44.094908Z","level":"warning","event":"The `airflow.hooks.base.BaseHook` attribute is deprecated. Please use `'airflow.sdk.bases.hook.BaseHook'`.","category":"DeprecatedImportWarning","filename":"/opt/airflow/dags/utilities/conections.py","lineno":4,"logger":"py.warnings"}
{"timestamp":"2025-10-16T16:48:14.521315Z","level":"info","event":"Filling up the DagBag from /opt/airflow/dags/salse2s3.py","logger":"airflow.models.dagbag.DagBag","filename":"dagbag.py","lineno":593}
{"timestamp":"2025-10-16T16:48:14.537963Z","level":"warning","event":"The `airflow.decorators.dag` attribute is deprecated. Please use `'airflow.sdk.dag'`.","category":"DeprecatedImportWarning","filename":"/opt/airflow/dags/salse2s3.py","lineno":7,"logger":"py.warnings"}
{"timestamp":"2025-10-16T16:48:14.538031Z","level":"warning","event":"The `airflow.decorators.task` attribute is deprecated. Please use `'airflow.sdk.task'`.","category":"DeprecatedImportWarning","filename":"/opt/airflow/dags/salse2s3.py","lineno":7,"logger":"py.warnings"}
{"timestamp":"2025-10-16T16:48:14.538065Z","level":"warning","event":"The `airflow.hooks.base.BaseHook` attribute is deprecated. Please use `'airflow.sdk.bases.hook.BaseHook'`.","category":"DeprecatedImportWarning","filename":"/opt/airflow/dags/utilities/conections.py","lineno":4,"logger":"py.warnings"}
{"timestamp":"2025-10-16T16:48:44.862486Z","level":"info","event":"Filling up the DagBag from /opt/airflow/dags/salse2s3.py","logger":"airflow.models.dagbag.DagBag","filename":"dagbag.py","lineno":593}
{"timestamp":"2025-10-16T16:48:44.878696Z","level":"warning","event":"The `airflow.decorators.dag` attribute is deprecated. Please use `'airflow.sdk.dag'`.","category":"DeprecatedImportWarning","filename":"/opt/airflow/dags/salse2s3.py","lineno":7,"logger":"py.warnings"}
{"timestamp":"2025-10-16T16:48:44.878763Z","level":"warning","event":"The `airflow.decorators.task` attribute is deprecated. Please use `'airflow.sdk.task'`.","category":"DeprecatedImportWarning","filename":"/opt/airflow/dags/salse2s3.py","lineno":7,"logger":"py.warnings"}
{"timestamp":"2025-10-16T16:48:44.878797Z","level":"warning","event":"The `airflow.hooks.base.BaseHook` attribute is deprecated. Please use `'airflow.sdk.bases.hook.BaseHook'`.","category":"DeprecatedImportWarning","filename":"/opt/airflow/dags/utilities/conections.py","lineno":4,"logger":"py.warnings"}
{"timestamp":"2025-10-16T16:49:15.281113Z","level":"info","event":"Filling up the DagBag from /opt/airflow/dags/salse2s3.py","logger":"airflow.models.dagbag.DagBag","filename":"dagbag.py","lineno":593}
{"timestamp":"2025-10-16T16:49:15.298469Z","level":"warning","event":"The `airflow.decorators.dag` attribute is deprecated. Please use `'airflow.sdk.dag'`.","category":"DeprecatedImportWarning","filename":"/opt/airflow/dags/salse2s3.py","lineno":7,"logger":"py.warnings"}
{"timestamp":"2025-10-16T16:49:15.298570Z","level":"warning","event":"The `airflow.decorators.task` attribute is deprecated. Please use `'airflow.sdk.task'`.","category":"DeprecatedImportWarning","filename":"/opt/airflow/dags/salse2s3.py","lineno":7,"logger":"py.warnings"}
{"timestamp":"2025-10-16T16:49:15.298603Z","level":"warning","event":"The `airflow.hooks.base.BaseHook` attribute is deprecated. Please use `'airflow.sdk.bases.hook.BaseHook'`.","category":"DeprecatedImportWarning","filename":"/opt/airflow/dags/utilities/conections.py","lineno":4,"logger":"py.warnings"}
{"timestamp":"2025-10-16T16:49:45.735332Z","level":"info","event":"Filling up the DagBag from /opt/airflow/dags/salse2s3.py","logger":"airflow.models.dagbag.DagBag","filename":"dagbag.py","lineno":593}
{"timestamp":"2025-10-16T16:49:45.751774Z","level":"warning","event":"The `airflow.decorators.dag` attribute is deprecated. Please use `'airflow.sdk.dag'`.","category":"DeprecatedImportWarning","filename":"/opt/airflow/dags/salse2s3.py","lineno":7,"logger":"py.warnings"}
{"timestamp":"2025-10-16T16:49:45.751832Z","level":"warning","event":"The `airflow.decorators.task` attribute is deprecated. Please use `'airflow.sdk.task'`.","category":"DeprecatedImportWarning","filename":"/opt/airflow/dags/salse2s3.py","lineno":7,"logger":"py.warnings"}
{"timestamp":"2025-10-16T16:49:45.751861Z","level":"warning","event":"The `airflow.hooks.base.BaseHook` attribute is deprecated. Please use `'airflow.sdk.bases.hook.BaseHook'`.","category":"DeprecatedImportWarning","filename":"/opt/airflow/dags/utilities/conections.py","lineno":4,"logger":"py.warnings"}
{"timestamp":"2025-10-16T16:50:16.196485Z","level":"info","event":"Filling up the DagBag from /opt/airflow/dags/salse2s3.py","logger":"airflow.models.dagbag.DagBag","filename":"dagbag.py","lineno":593}
{"timestamp":"2025-10-16T16:50:16.210264Z","level":"warning","event":"The `airflow.decorators.dag` attribute is deprecated. Please use `'airflow.sdk.dag'`.","category":"DeprecatedImportWarning","filename":"/opt/airflow/dags/salse2s3.py","lineno":7,"logger":"py.warnings"}
{"timestamp":"2025-10-16T16:50:16.210460Z","level":"warning","event":"The `airflow.decorators.task` attribute is deprecated. Please use `'airflow.sdk.task'`.","category":"DeprecatedImportWarning","filename":"/opt/airflow/dags/salse2s3.py","lineno":7,"logger":"py.warnings"}
{"timestamp":"2025-10-16T16:50:16.210504Z","level":"warning","event":"The `airflow.hooks.base.BaseHook` attribute is deprecated. Please use `'airflow.sdk.bases.hook.BaseHook'`.","category":"DeprecatedImportWarning","filename":"/opt/airflow/dags/utilities/conections.py","lineno":4,"logger":"py.warnings"}
{"timestamp":"2025-10-16T16:50:46.600667Z","level":"info","event":"Filling up the DagBag from /opt/airflow/dags/salse2s3.py","logger":"airflow.models.dagbag.DagBag","filename":"dagbag.py","lineno":593}
{"timestamp":"2025-10-16T16:50:46.624659Z","level":"warning","event":"The `airflow.decorators.dag` attribute is deprecated. Please use `'airflow.sdk.dag'`.","category":"DeprecatedImportWarning","filename":"/opt/airflow/dags/salse2s3.py","lineno":7,"logger":"py.warnings"}
{"timestamp":"2025-10-16T16:50:46.624722Z","level":"warning","event":"The `airflow.decorators.task` attribute is deprecated. Please use `'airflow.sdk.task'`.","category":"DeprecatedImportWarning","filename":"/opt/airflow/dags/salse2s3.py","lineno":7,"logger":"py.warnings"}
{"timestamp":"2025-10-16T16:50:46.624750Z","level":"warning","event":"The `airflow.hooks.base.BaseHook` attribute is deprecated. Please use `'airflow.sdk.bases.hook.BaseHook'`.","category":"DeprecatedImportWarning","filename":"/opt/airflow/dags/utilities/conections.py","lineno":4,"logger":"py.warnings"}
{"timestamp":"2025-10-16T16:51:17.071965Z","level":"info","event":"Filling up the DagBag from /opt/airflow/dags/salse2s3.py","logger":"airflow.models.dagbag.DagBag","filename":"dagbag.py","lineno":593}
{"timestamp":"2025-10-16T16:51:17.086203Z","level":"warning","event":"The `airflow.decorators.dag` attribute is deprecated. Please use `'airflow.sdk.dag'`.","category":"DeprecatedImportWarning","filename":"/opt/airflow/dags/salse2s3.py","lineno":7,"logger":"py.warnings"}
{"timestamp":"2025-10-16T16:51:17.086386Z","level":"warning","event":"The `airflow.decorators.task` attribute is deprecated. Please use `'airflow.sdk.task'`.","category":"DeprecatedImportWarning","filename":"/opt/airflow/dags/salse2s3.py","lineno":7,"logger":"py.warnings"}
{"timestamp":"2025-10-16T16:51:17.086424Z","level":"warning","event":"The `airflow.hooks.base.BaseHook` attribute is deprecated. Please use `'airflow.sdk.bases.hook.BaseHook'`.","category":"DeprecatedImportWarning","filename":"/opt/airflow/dags/utilities/conections.py","lineno":4,"logger":"py.warnings"}
{"timestamp":"2025-10-16T16:51:47.481106Z","level":"info","event":"Filling up the DagBag from /opt/airflow/dags/salse2s3.py","logger":"airflow.models.dagbag.DagBag","filename":"dagbag.py","lineno":593}
{"timestamp":"2025-10-16T16:51:47.495499Z","level":"warning","event":"The `airflow.decorators.dag` attribute is deprecated. Please use `'airflow.sdk.dag'`.","category":"DeprecatedImportWarning","filename":"/opt/airflow/dags/salse2s3.py","lineno":7,"logger":"py.warnings"}
{"timestamp":"2025-10-16T16:51:47.495696Z","level":"warning","event":"The `airflow.decorators.task` attribute is deprecated. Please use `'airflow.sdk.task'`.","category":"DeprecatedImportWarning","filename":"/opt/airflow/dags/salse2s3.py","lineno":7,"logger":"py.warnings"}
{"timestamp":"2025-10-16T16:51:47.495736Z","level":"warning","event":"The `airflow.hooks.base.BaseHook` attribute is deprecated. Please use `'airflow.sdk.bases.hook.BaseHook'`.","category":"DeprecatedImportWarning","filename":"/opt/airflow/dags/utilities/conections.py","lineno":4,"logger":"py.warnings"}
{"timestamp":"2025-10-16T16:52:17.923556Z","level":"info","event":"Filling up the DagBag from /opt/airflow/dags/salse2s3.py","logger":"airflow.models.dagbag.DagBag","filename":"dagbag.py","lineno":593}
{"timestamp":"2025-10-16T16:52:17.938966Z","level":"warning","event":"The `airflow.decorators.dag` attribute is deprecated. Please use `'airflow.sdk.dag'`.","category":"DeprecatedImportWarning","filename":"/opt/airflow/dags/salse2s3.py","lineno":7,"logger":"py.warnings"}
{"timestamp":"2025-10-16T16:52:17.939027Z","level":"warning","event":"The `airflow.decorators.task` attribute is deprecated. Please use `'airflow.sdk.task'`.","category":"DeprecatedImportWarning","filename":"/opt/airflow/dags/salse2s3.py","lineno":7,"logger":"py.warnings"}
{"timestamp":"2025-10-16T16:52:17.939054Z","level":"warning","event":"The `airflow.hooks.base.BaseHook` attribute is deprecated. Please use `'airflow.sdk.bases.hook.BaseHook'`.","category":"DeprecatedImportWarning","filename":"/opt/airflow/dags/utilities/conections.py","lineno":4,"logger":"py.warnings"}
{"timestamp":"2025-10-16T16:52:48.361112Z","level":"info","event":"Filling up the DagBag from /opt/airflow/dags/salse2s3.py","logger":"airflow.models.dagbag.DagBag","filename":"dagbag.py","lineno":593}
{"timestamp":"2025-10-16T16:52:48.374159Z","level":"warning","event":"The `airflow.decorators.dag` attribute is deprecated. Please use `'airflow.sdk.dag'`.","category":"DeprecatedImportWarning","filename":"/opt/airflow/dags/salse2s3.py","lineno":7,"logger":"py.warnings"}
{"timestamp":"2025-10-16T16:52:48.374335Z","level":"warning","event":"The `airflow.decorators.task` attribute is deprecated. Please use `'airflow.sdk.task'`.","category":"DeprecatedImportWarning","filename":"/opt/airflow/dags/salse2s3.py","lineno":7,"logger":"py.warnings"}
{"timestamp":"2025-10-16T16:52:48.374369Z","level":"warning","event":"The `airflow.hooks.base.BaseHook` attribute is deprecated. Please use `'airflow.sdk.bases.hook.BaseHook'`.","category":"DeprecatedImportWarning","filename":"/opt/airflow/dags/utilities/conections.py","lineno":4,"logger":"py.warnings"}
{"timestamp":"2025-10-16T16:53:18.781210Z","level":"info","event":"Filling up the DagBag from /opt/airflow/dags/salse2s3.py","logger":"airflow.models.dagbag.DagBag","filename":"dagbag.py","lineno":593}
{"timestamp":"2025-10-16T16:53:18.792953Z","level":"warning","event":"The `airflow.decorators.dag` attribute is deprecated. Please use `'airflow.sdk.dag'`.","category":"DeprecatedImportWarning","filename":"/opt/airflow/dags/salse2s3.py","lineno":7,"logger":"py.warnings"}
{"timestamp":"2025-10-16T16:53:18.793018Z","level":"warning","event":"The `airflow.decorators.task` attribute is deprecated. Please use `'airflow.sdk.task'`.","category":"DeprecatedImportWarning","filename":"/opt/airflow/dags/salse2s3.py","lineno":7,"logger":"py.warnings"}
{"timestamp":"2025-10-16T16:53:18.793054Z","level":"warning","event":"The `airflow.hooks.base.BaseHook` attribute is deprecated. Please use `'airflow.sdk.bases.hook.BaseHook'`.","category":"DeprecatedImportWarning","filename":"/opt/airflow/dags/utilities/conections.py","lineno":4,"logger":"py.warnings"}
{"timestamp":"2025-10-16T16:53:49.229554Z","level":"info","event":"Filling up the DagBag from /opt/airflow/dags/salse2s3.py","logger":"airflow.models.dagbag.DagBag","filename":"dagbag.py","lineno":593}
{"timestamp":"2025-10-16T16:53:49.247456Z","level":"warning","event":"The `airflow.decorators.dag` attribute is deprecated. Please use `'airflow.sdk.dag'`.","category":"DeprecatedImportWarning","filename":"/opt/airflow/dags/salse2s3.py","lineno":7,"logger":"py.warnings"}
{"timestamp":"2025-10-16T16:53:49.247548Z","level":"warning","event":"The `airflow.decorators.task` attribute is deprecated. Please use `'airflow.sdk.task'`.","category":"DeprecatedImportWarning","filename":"/opt/airflow/dags/salse2s3.py","lineno":7,"logger":"py.warnings"}
{"timestamp":"2025-10-16T16:53:49.247585Z","level":"warning","event":"The `airflow.hooks.base.BaseHook` attribute is deprecated. Please use `'airflow.sdk.bases.hook.BaseHook'`.","category":"DeprecatedImportWarning","filename":"/opt/airflow/dags/utilities/conections.py","lineno":4,"logger":"py.warnings"}
{"timestamp":"2025-10-16T16:54:19.642059Z","level":"info","event":"Filling up the DagBag from /opt/airflow/dags/salse2s3.py","logger":"airflow.models.dagbag.DagBag","filename":"dagbag.py","lineno":593}
{"timestamp":"2025-10-16T16:54:19.655596Z","level":"warning","event":"The `airflow.decorators.dag` attribute is deprecated. Please use `'airflow.sdk.dag'`.","category":"DeprecatedImportWarning","filename":"/opt/airflow/dags/salse2s3.py","lineno":7,"logger":"py.warnings"}
{"timestamp":"2025-10-16T16:54:19.655666Z","level":"warning","event":"The `airflow.decorators.task` attribute is deprecated. Please use `'airflow.sdk.task'`.","category":"DeprecatedImportWarning","filename":"/opt/airflow/dags/salse2s3.py","lineno":7,"logger":"py.warnings"}
{"timestamp":"2025-10-16T16:54:19.655701Z","level":"warning","event":"The `airflow.hooks.base.BaseHook` attribute is deprecated. Please use `'airflow.sdk.bases.hook.BaseHook'`.","category":"DeprecatedImportWarning","filename":"/opt/airflow/dags/utilities/conections.py","lineno":4,"logger":"py.warnings"}
{"timestamp":"2025-10-16T16:54:50.050666Z","level":"info","event":"Filling up the DagBag from /opt/airflow/dags/salse2s3.py","logger":"airflow.models.dagbag.DagBag","filename":"dagbag.py","lineno":593}
{"timestamp":"2025-10-16T16:54:50.064976Z","level":"warning","event":"The `airflow.decorators.dag` attribute is deprecated. Please use `'airflow.sdk.dag'`.","category":"DeprecatedImportWarning","filename":"/opt/airflow/dags/salse2s3.py","lineno":7,"logger":"py.warnings"}
{"timestamp":"2025-10-16T16:54:50.065157Z","level":"warning","event":"The `airflow.decorators.task` attribute is deprecated. Please use `'airflow.sdk.task'`.","category":"DeprecatedImportWarning","filename":"/opt/airflow/dags/salse2s3.py","lineno":7,"logger":"py.warnings"}
{"timestamp":"2025-10-16T16:54:50.065197Z","level":"warning","event":"The `airflow.hooks.base.BaseHook` attribute is deprecated. Please use `'airflow.sdk.bases.hook.BaseHook'`.","category":"DeprecatedImportWarning","filename":"/opt/airflow/dags/utilities/conections.py","lineno":4,"logger":"py.warnings"}
{"timestamp":"2025-10-16T16:55:20.491428Z","level":"info","event":"Filling up the DagBag from /opt/airflow/dags/salse2s3.py","logger":"airflow.models.dagbag.DagBag","filename":"dagbag.py","lineno":593}
{"timestamp":"2025-10-16T16:55:20.507347Z","level":"warning","event":"The `airflow.decorators.dag` attribute is deprecated. Please use `'airflow.sdk.dag'`.","category":"DeprecatedImportWarning","filename":"/opt/airflow/dags/salse2s3.py","lineno":7,"logger":"py.warnings"}
{"timestamp":"2025-10-16T16:55:20.507413Z","level":"warning","event":"The `airflow.decorators.task` attribute is deprecated. Please use `'airflow.sdk.task'`.","category":"DeprecatedImportWarning","filename":"/opt/airflow/dags/salse2s3.py","lineno":7,"logger":"py.warnings"}
{"timestamp":"2025-10-16T16:55:20.507448Z","level":"warning","event":"The `airflow.hooks.base.BaseHook` attribute is deprecated. Please use `'airflow.sdk.bases.hook.BaseHook'`.","category":"DeprecatedImportWarning","filename":"/opt/airflow/dags/utilities/conections.py","lineno":4,"logger":"py.warnings"}
{"timestamp":"2025-10-16T16:55:50.911602Z","level":"info","event":"Filling up the DagBag from /opt/airflow/dags/salse2s3.py","logger":"airflow.models.dagbag.DagBag","filename":"dagbag.py","lineno":593}
{"timestamp":"2025-10-16T16:55:50.930075Z","level":"warning","event":"The `airflow.decorators.dag` attribute is deprecated. Please use `'airflow.sdk.dag'`.","category":"DeprecatedImportWarning","filename":"/opt/airflow/dags/salse2s3.py","lineno":7,"logger":"py.warnings"}
{"timestamp":"2025-10-16T16:55:50.930139Z","level":"warning","event":"The `airflow.decorators.task` attribute is deprecated. Please use `'airflow.sdk.task'`.","category":"DeprecatedImportWarning","filename":"/opt/airflow/dags/salse2s3.py","lineno":7,"logger":"py.warnings"}
{"timestamp":"2025-10-16T16:55:50.930173Z","level":"warning","event":"The `airflow.hooks.base.BaseHook` attribute is deprecated. Please use `'airflow.sdk.bases.hook.BaseHook'`.","category":"DeprecatedImportWarning","filename":"/opt/airflow/dags/utilities/conections.py","lineno":4,"logger":"py.warnings"}
{"timestamp":"2025-10-16T16:56:21.262639Z","level":"info","event":"Filling up the DagBag from /opt/airflow/dags/salse2s3.py","logger":"airflow.models.dagbag.DagBag","filename":"dagbag.py","lineno":593}
{"timestamp":"2025-10-16T16:56:21.277855Z","level":"warning","event":"The `airflow.decorators.dag` attribute is deprecated. Please use `'airflow.sdk.dag'`.","category":"DeprecatedImportWarning","filename":"/opt/airflow/dags/salse2s3.py","lineno":7,"logger":"py.warnings"}
{"timestamp":"2025-10-16T16:56:21.278077Z","level":"warning","event":"The `airflow.decorators.task` attribute is deprecated. Please use `'airflow.sdk.task'`.","category":"DeprecatedImportWarning","filename":"/opt/airflow/dags/salse2s3.py","lineno":7,"logger":"py.warnings"}
{"timestamp":"2025-10-16T16:56:21.278121Z","level":"warning","event":"The `airflow.hooks.base.BaseHook` attribute is deprecated. Please use `'airflow.sdk.bases.hook.BaseHook'`.","category":"DeprecatedImportWarning","filename":"/opt/airflow/dags/utilities/conections.py","lineno":4,"logger":"py.warnings"}
{"timestamp":"2025-10-16T16:56:51.702858Z","level":"info","event":"Filling up the DagBag from /opt/airflow/dags/salse2s3.py","logger":"airflow.models.dagbag.DagBag","filename":"dagbag.py","lineno":593}
{"timestamp":"2025-10-16T16:56:51.719460Z","level":"warning","event":"The `airflow.decorators.dag` attribute is deprecated. Please use `'airflow.sdk.dag'`.","category":"DeprecatedImportWarning","filename":"/opt/airflow/dags/salse2s3.py","lineno":7,"logger":"py.warnings"}
{"timestamp":"2025-10-16T16:56:51.719527Z","level":"warning","event":"The `airflow.decorators.task` attribute is deprecated. Please use `'airflow.sdk.task'`.","category":"DeprecatedImportWarning","filename":"/opt/airflow/dags/salse2s3.py","lineno":7,"logger":"py.warnings"}
{"timestamp":"2025-10-16T16:56:51.719561Z","level":"warning","event":"The `airflow.hooks.base.BaseHook` attribute is deprecated. Please use `'airflow.sdk.bases.hook.BaseHook'`.","category":"DeprecatedImportWarning","filename":"/opt/airflow/dags/utilities/conections.py","lineno":4,"logger":"py.warnings"}
{"timestamp":"2025-10-16T16:57:22.179003Z","level":"info","event":"Filling up the DagBag from /opt/airflow/dags/salse2s3.py","logger":"airflow.models.dagbag.DagBag","filename":"dagbag.py","lineno":593}
{"timestamp":"2025-10-16T16:57:22.206665Z","level":"warning","event":"The `airflow.decorators.dag` attribute is deprecated. Please use `'airflow.sdk.dag'`.","category":"DeprecatedImportWarning","filename":"/opt/airflow/dags/salse2s3.py","lineno":7,"logger":"py.warnings"}
{"timestamp":"2025-10-16T16:57:22.206874Z","level":"warning","event":"The `airflow.decorators.task` attribute is deprecated. Please use `'airflow.sdk.task'`.","category":"DeprecatedImportWarning","filename":"/opt/airflow/dags/salse2s3.py","lineno":7,"logger":"py.warnings"}
{"timestamp":"2025-10-16T16:57:22.206919Z","level":"warning","event":"The `airflow.hooks.base.BaseHook` attribute is deprecated. Please use `'airflow.sdk.bases.hook.BaseHook'`.","category":"DeprecatedImportWarning","filename":"/opt/airflow/dags/utilities/conections.py","lineno":4,"logger":"py.warnings"}
{"timestamp":"2025-10-16T16:57:52.697941Z","level":"info","event":"Filling up the DagBag from /opt/airflow/dags/salse2s3.py","logger":"airflow.models.dagbag.DagBag","filename":"dagbag.py","lineno":593}
{"timestamp":"2025-10-16T16:57:52.724102Z","level":"warning","event":"The `airflow.decorators.dag` attribute is deprecated. Please use `'airflow.sdk.dag'`.","category":"DeprecatedImportWarning","filename":"/opt/airflow/dags/salse2s3.py","lineno":7,"logger":"py.warnings"}
{"timestamp":"2025-10-16T16:57:52.724357Z","level":"warning","event":"The `airflow.decorators.task` attribute is deprecated. Please use `'airflow.sdk.task'`.","category":"DeprecatedImportWarning","filename":"/opt/airflow/dags/salse2s3.py","lineno":7,"logger":"py.warnings"}
{"timestamp":"2025-10-16T16:57:52.724417Z","level":"warning","event":"The `airflow.hooks.base.BaseHook` attribute is deprecated. Please use `'airflow.sdk.bases.hook.BaseHook'`.","category":"DeprecatedImportWarning","filename":"/opt/airflow/dags/utilities/conections.py","lineno":4,"logger":"py.warnings"}
{"timestamp":"2025-10-16T16:58:23.188341Z","level":"info","event":"Filling up the DagBag from /opt/airflow/dags/salse2s3.py","logger":"airflow.models.dagbag.DagBag","filename":"dagbag.py","lineno":593}
{"timestamp":"2025-10-16T16:58:23.204656Z","level":"warning","event":"The `airflow.decorators.dag` attribute is deprecated. Please use `'airflow.sdk.dag'`.","category":"DeprecatedImportWarning","filename":"/opt/airflow/dags/salse2s3.py","lineno":7,"logger":"py.warnings"}
{"timestamp":"2025-10-16T16:58:23.204722Z","level":"warning","event":"The `airflow.decorators.task` attribute is deprecated. Please use `'airflow.sdk.task'`.","category":"DeprecatedImportWarning","filename":"/opt/airflow/dags/salse2s3.py","lineno":7,"logger":"py.warnings"}
{"timestamp":"2025-10-16T16:58:23.204755Z","level":"warning","event":"The `airflow.hooks.base.BaseHook` attribute is deprecated. Please use `'airflow.sdk.bases.hook.BaseHook'`.","category":"DeprecatedImportWarning","filename":"/opt/airflow/dags/utilities/conections.py","lineno":4,"logger":"py.warnings"}
{"timestamp":"2025-10-16T16:58:53.624141Z","level":"info","event":"Filling up the DagBag from /opt/airflow/dags/salse2s3.py","logger":"airflow.models.dagbag.DagBag","filename":"dagbag.py","lineno":593}
{"timestamp":"2025-10-16T16:58:53.657342Z","level":"warning","event":"The `airflow.decorators.dag` attribute is deprecated. Please use `'airflow.sdk.dag'`.","category":"DeprecatedImportWarning","filename":"/opt/airflow/dags/salse2s3.py","lineno":7,"logger":"py.warnings"}
{"timestamp":"2025-10-16T16:58:53.657489Z","level":"warning","event":"The `airflow.decorators.task` attribute is deprecated. Please use `'airflow.sdk.task'`.","category":"DeprecatedImportWarning","filename":"/opt/airflow/dags/salse2s3.py","lineno":7,"logger":"py.warnings"}
{"timestamp":"2025-10-16T16:58:53.657558Z","level":"warning","event":"The `airflow.hooks.base.BaseHook` attribute is deprecated. Please use `'airflow.sdk.bases.hook.BaseHook'`.","category":"DeprecatedImportWarning","filename":"/opt/airflow/dags/utilities/conections.py","lineno":4,"logger":"py.warnings"}
{"timestamp":"2025-10-16T16:59:24.177735Z","level":"info","event":"Filling up the DagBag from /opt/airflow/dags/salse2s3.py","logger":"airflow.models.dagbag.DagBag","filename":"dagbag.py","lineno":593}
{"timestamp":"2025-10-16T16:59:24.191632Z","level":"warning","event":"The `airflow.decorators.dag` attribute is deprecated. Please use `'airflow.sdk.dag'`.","category":"DeprecatedImportWarning","filename":"/opt/airflow/dags/salse2s3.py","lineno":7,"logger":"py.warnings"}
{"timestamp":"2025-10-16T16:59:24.191826Z","level":"warning","event":"The `airflow.decorators.task` attribute is deprecated. Please use `'airflow.sdk.task'`.","category":"DeprecatedImportWarning","filename":"/opt/airflow/dags/salse2s3.py","lineno":7,"logger":"py.warnings"}
{"timestamp":"2025-10-16T16:59:24.191867Z","level":"warning","event":"The `airflow.hooks.base.BaseHook` attribute is deprecated. Please use `'airflow.sdk.bases.hook.BaseHook'`.","category":"DeprecatedImportWarning","filename":"/opt/airflow/dags/utilities/conections.py","lineno":4,"logger":"py.warnings"}
{"timestamp":"2025-10-16T16:59:54.623177Z","level":"info","event":"Filling up the DagBag from /opt/airflow/dags/salse2s3.py","logger":"airflow.models.dagbag.DagBag","filename":"dagbag.py","lineno":593}
{"timestamp":"2025-10-16T16:59:54.646204Z","level":"warning","event":"The `airflow.decorators.dag` attribute is deprecated. Please use `'airflow.sdk.dag'`.","category":"DeprecatedImportWarning","filename":"/opt/airflow/dags/salse2s3.py","lineno":7,"logger":"py.warnings"}
{"timestamp":"2025-10-16T16:59:54.646381Z","level":"warning","event":"The `airflow.decorators.task` attribute is deprecated. Please use `'airflow.sdk.task'`.","category":"DeprecatedImportWarning","filename":"/opt/airflow/dags/salse2s3.py","lineno":7,"logger":"py.warnings"}
{"timestamp":"2025-10-16T16:59:54.646415Z","level":"warning","event":"The `airflow.hooks.base.BaseHook` attribute is deprecated. Please use `'airflow.sdk.bases.hook.BaseHook'`.","category":"DeprecatedImportWarning","filename":"/opt/airflow/dags/utilities/conections.py","lineno":4,"logger":"py.warnings"}
{"timestamp":"2025-10-16T17:00:25.076333Z","level":"info","event":"Filling up the DagBag from /opt/airflow/dags/salse2s3.py","logger":"airflow.models.dagbag.DagBag","filename":"dagbag.py","lineno":593}
{"timestamp":"2025-10-16T17:00:25.093920Z","level":"warning","event":"The `airflow.decorators.dag` attribute is deprecated. Please use `'airflow.sdk.dag'`.","category":"DeprecatedImportWarning","filename":"/opt/airflow/dags/salse2s3.py","lineno":7,"logger":"py.warnings"}
{"timestamp":"2025-10-16T17:00:25.093991Z","level":"warning","event":"The `airflow.decorators.task` attribute is deprecated. Please use `'airflow.sdk.task'`.","category":"DeprecatedImportWarning","filename":"/opt/airflow/dags/salse2s3.py","lineno":7,"logger":"py.warnings"}
{"timestamp":"2025-10-16T17:00:25.094020Z","level":"warning","event":"The `airflow.hooks.base.BaseHook` attribute is deprecated. Please use `'airflow.sdk.bases.hook.BaseHook'`.","category":"DeprecatedImportWarning","filename":"/opt/airflow/dags/utilities/conections.py","lineno":4,"logger":"py.warnings"}
{"timestamp":"2025-10-16T17:00:55.540905Z","level":"info","event":"Filling up the DagBag from /opt/airflow/dags/salse2s3.py","logger":"airflow.models.dagbag.DagBag","filename":"dagbag.py","lineno":593}
{"timestamp":"2025-10-16T17:00:55.552536Z","level":"warning","event":"The `airflow.decorators.dag` attribute is deprecated. Please use `'airflow.sdk.dag'`.","category":"DeprecatedImportWarning","filename":"/opt/airflow/dags/salse2s3.py","lineno":7,"logger":"py.warnings"}
{"timestamp":"2025-10-16T17:00:55.552608Z","level":"warning","event":"The `airflow.decorators.task` attribute is deprecated. Please use `'airflow.sdk.task'`.","category":"DeprecatedImportWarning","filename":"/opt/airflow/dags/salse2s3.py","lineno":7,"logger":"py.warnings"}
{"timestamp":"2025-10-16T17:00:55.552640Z","level":"warning","event":"The `airflow.hooks.base.BaseHook` attribute is deprecated. Please use `'airflow.sdk.bases.hook.BaseHook'`.","category":"DeprecatedImportWarning","filename":"/opt/airflow/dags/utilities/conections.py","lineno":4,"logger":"py.warnings"}
{"timestamp":"2025-10-16T17:01:25.956843Z","level":"info","event":"Filling up the DagBag from /opt/airflow/dags/salse2s3.py","logger":"airflow.models.dagbag.DagBag","filename":"dagbag.py","lineno":593}
{"timestamp":"2025-10-16T17:01:25.974595Z","level":"warning","event":"The `airflow.decorators.dag` attribute is deprecated. Please use `'airflow.sdk.dag'`.","category":"DeprecatedImportWarning","filename":"/opt/airflow/dags/salse2s3.py","lineno":7,"logger":"py.warnings"}
{"timestamp":"2025-10-16T17:01:25.974664Z","level":"warning","event":"The `airflow.decorators.task` attribute is deprecated. Please use `'airflow.sdk.task'`.","category":"DeprecatedImportWarning","filename":"/opt/airflow/dags/salse2s3.py","lineno":7,"logger":"py.warnings"}
{"timestamp":"2025-10-16T17:01:25.974693Z","level":"warning","event":"The `airflow.hooks.base.BaseHook` attribute is deprecated. Please use `'airflow.sdk.bases.hook.BaseHook'`.","category":"DeprecatedImportWarning","filename":"/opt/airflow/dags/utilities/conections.py","lineno":4,"logger":"py.warnings"}
{"timestamp":"2025-10-16T17:01:56.429066Z","level":"info","event":"Filling up the DagBag from /opt/airflow/dags/salse2s3.py","logger":"airflow.models.dagbag.DagBag","filename":"dagbag.py","lineno":593}
{"timestamp":"2025-10-16T17:01:56.453161Z","level":"warning","event":"The `airflow.decorators.dag` attribute is deprecated. Please use `'airflow.sdk.dag'`.","category":"DeprecatedImportWarning","filename":"/opt/airflow/dags/salse2s3.py","lineno":7,"logger":"py.warnings"}
{"timestamp":"2025-10-16T17:01:56.453363Z","level":"warning","event":"The `airflow.decorators.task` attribute is deprecated. Please use `'airflow.sdk.task'`.","category":"DeprecatedImportWarning","filename":"/opt/airflow/dags/salse2s3.py","lineno":7,"logger":"py.warnings"}
{"timestamp":"2025-10-16T17:01:56.453399Z","level":"warning","event":"The `airflow.hooks.base.BaseHook` attribute is deprecated. Please use `'airflow.sdk.bases.hook.BaseHook'`.","category":"DeprecatedImportWarning","filename":"/opt/airflow/dags/utilities/conections.py","lineno":4,"logger":"py.warnings"}
{"timestamp":"2025-10-16T17:02:26.995760Z","level":"info","event":"Filling up the DagBag from /opt/airflow/dags/salse2s3.py","logger":"airflow.models.dagbag.DagBag","filename":"dagbag.py","lineno":593}
{"timestamp":"2025-10-16T17:02:27.026236Z","level":"warning","event":"The `airflow.decorators.dag` attribute is deprecated. Please use `'airflow.sdk.dag'`.","category":"DeprecatedImportWarning","filename":"/opt/airflow/dags/salse2s3.py","lineno":7,"logger":"py.warnings"}
{"timestamp":"2025-10-16T17:02:27.026309Z","level":"warning","event":"The `airflow.decorators.task` attribute is deprecated. Please use `'airflow.sdk.task'`.","category":"DeprecatedImportWarning","filename":"/opt/airflow/dags/salse2s3.py","lineno":7,"logger":"py.warnings"}
{"timestamp":"2025-10-16T17:02:27.026338Z","level":"warning","event":"The `airflow.hooks.base.BaseHook` attribute is deprecated. Please use `'airflow.sdk.bases.hook.BaseHook'`.","category":"DeprecatedImportWarning","filename":"/opt/airflow/dags/utilities/conections.py","lineno":4,"logger":"py.warnings"}
{"timestamp":"2025-10-16T17:02:57.415331Z","level":"info","event":"Filling up the DagBag from /opt/airflow/dags/salse2s3.py","logger":"airflow.models.dagbag.DagBag","filename":"dagbag.py","lineno":593}
{"timestamp":"2025-10-16T17:02:57.432165Z","level":"warning","event":"The `airflow.decorators.dag` attribute is deprecated. Please use `'airflow.sdk.dag'`.","category":"DeprecatedImportWarning","filename":"/opt/airflow/dags/salse2s3.py","lineno":7,"logger":"py.warnings"}
{"timestamp":"2025-10-16T17:02:57.432262Z","level":"warning","event":"The `airflow.decorators.task` attribute is deprecated. Please use `'airflow.sdk.task'`.","category":"DeprecatedImportWarning","filename":"/opt/airflow/dags/salse2s3.py","lineno":7,"logger":"py.warnings"}
{"timestamp":"2025-10-16T17:02:57.432330Z","level":"warning","event":"The `airflow.hooks.base.BaseHook` attribute is deprecated. Please use `'airflow.sdk.bases.hook.BaseHook'`.","category":"DeprecatedImportWarning","filename":"/opt/airflow/dags/utilities/conections.py","lineno":4,"logger":"py.warnings"}
{"timestamp":"2025-10-16T17:03:27.859061Z","level":"info","event":"Filling up the DagBag from /opt/airflow/dags/salse2s3.py","logger":"airflow.models.dagbag.DagBag","filename":"dagbag.py","lineno":593}
{"timestamp":"2025-10-16T17:03:27.872746Z","level":"warning","event":"The `airflow.decorators.dag` attribute is deprecated. Please use `'airflow.sdk.dag'`.","category":"DeprecatedImportWarning","filename":"/opt/airflow/dags/salse2s3.py","lineno":7,"logger":"py.warnings"}
{"timestamp":"2025-10-16T17:03:27.872813Z","level":"warning","event":"The `airflow.decorators.task` attribute is deprecated. Please use `'airflow.sdk.task'`.","category":"DeprecatedImportWarning","filename":"/opt/airflow/dags/salse2s3.py","lineno":7,"logger":"py.warnings"}
{"timestamp":"2025-10-16T17:03:27.872849Z","level":"warning","event":"The `airflow.hooks.base.BaseHook` attribute is deprecated. Please use `'airflow.sdk.bases.hook.BaseHook'`.","category":"DeprecatedImportWarning","filename":"/opt/airflow/dags/utilities/conections.py","lineno":4,"logger":"py.warnings"}
{"timestamp":"2025-10-16T17:03:58.330040Z","level":"info","event":"Filling up the DagBag from /opt/airflow/dags/salse2s3.py","logger":"airflow.models.dagbag.DagBag","filename":"dagbag.py","lineno":593}
{"timestamp":"2025-10-16T17:03:58.344823Z","level":"warning","event":"The `airflow.decorators.dag` attribute is deprecated. Please use `'airflow.sdk.dag'`.","category":"DeprecatedImportWarning","filename":"/opt/airflow/dags/salse2s3.py","lineno":7,"logger":"py.warnings"}
{"timestamp":"2025-10-16T17:03:58.345038Z","level":"warning","event":"The `airflow.decorators.task` attribute is deprecated. Please use `'airflow.sdk.task'`.","category":"DeprecatedImportWarning","filename":"/opt/airflow/dags/salse2s3.py","lineno":7,"logger":"py.warnings"}
{"timestamp":"2025-10-16T17:03:58.345080Z","level":"warning","event":"The `airflow.hooks.base.BaseHook` attribute is deprecated. Please use `'airflow.sdk.bases.hook.BaseHook'`.","category":"DeprecatedImportWarning","filename":"/opt/airflow/dags/utilities/conections.py","lineno":4,"logger":"py.warnings"}
{"timestamp":"2025-10-16T17:04:28.792173Z","level":"info","event":"Filling up the DagBag from /opt/airflow/dags/salse2s3.py","logger":"airflow.models.dagbag.DagBag","filename":"dagbag.py","lineno":593}
{"timestamp":"2025-10-16T17:04:28.808610Z","level":"warning","event":"The `airflow.decorators.dag` attribute is deprecated. Please use `'airflow.sdk.dag'`.","category":"DeprecatedImportWarning","filename":"/opt/airflow/dags/salse2s3.py","lineno":7,"logger":"py.warnings"}
{"timestamp":"2025-10-16T17:04:28.808785Z","level":"warning","event":"The `airflow.decorators.task` attribute is deprecated. Please use `'airflow.sdk.task'`.","category":"DeprecatedImportWarning","filename":"/opt/airflow/dags/salse2s3.py","lineno":7,"logger":"py.warnings"}
{"timestamp":"2025-10-16T17:04:28.808816Z","level":"warning","event":"The `airflow.hooks.base.BaseHook` attribute is deprecated. Please use `'airflow.sdk.bases.hook.BaseHook'`.","category":"DeprecatedImportWarning","filename":"/opt/airflow/dags/utilities/conections.py","lineno":4,"logger":"py.warnings"}
{"timestamp":"2025-10-16T17:04:59.228854Z","level":"info","event":"Filling up the DagBag from /opt/airflow/dags/salse2s3.py","logger":"airflow.models.dagbag.DagBag","filename":"dagbag.py","lineno":593}
{"timestamp":"2025-10-16T17:04:59.242433Z","level":"warning","event":"The `airflow.decorators.dag` attribute is deprecated. Please use `'airflow.sdk.dag'`.","category":"DeprecatedImportWarning","filename":"/opt/airflow/dags/salse2s3.py","lineno":7,"logger":"py.warnings"}
{"timestamp":"2025-10-16T17:04:59.242615Z","level":"warning","event":"The `airflow.decorators.task` attribute is deprecated. Please use `'airflow.sdk.task'`.","category":"DeprecatedImportWarning","filename":"/opt/airflow/dags/salse2s3.py","lineno":7,"logger":"py.warnings"}
{"timestamp":"2025-10-16T17:04:59.242657Z","level":"warning","event":"The `airflow.hooks.base.BaseHook` attribute is deprecated. Please use `'airflow.sdk.bases.hook.BaseHook'`.","category":"DeprecatedImportWarning","filename":"/opt/airflow/dags/utilities/conections.py","lineno":4,"logger":"py.warnings"}
{"timestamp":"2025-10-16T17:05:29.674161Z","level":"info","event":"Filling up the DagBag from /opt/airflow/dags/salse2s3.py","logger":"airflow.models.dagbag.DagBag","filename":"dagbag.py","lineno":593}
{"timestamp":"2025-10-16T17:05:29.697647Z","level":"warning","event":"The `airflow.decorators.dag` attribute is deprecated. Please use `'airflow.sdk.dag'`.","category":"DeprecatedImportWarning","filename":"/opt/airflow/dags/salse2s3.py","lineno":7,"logger":"py.warnings"}
{"timestamp":"2025-10-16T17:05:29.697957Z","level":"warning","event":"The `airflow.decorators.task` attribute is deprecated. Please use `'airflow.sdk.task'`.","category":"DeprecatedImportWarning","filename":"/opt/airflow/dags/salse2s3.py","lineno":7,"logger":"py.warnings"}
{"timestamp":"2025-10-16T17:05:29.697998Z","level":"warning","event":"The `airflow.hooks.base.BaseHook` attribute is deprecated. Please use `'airflow.sdk.bases.hook.BaseHook'`.","category":"DeprecatedImportWarning","filename":"/opt/airflow/dags/utilities/conections.py","lineno":4,"logger":"py.warnings"}
{"timestamp":"2025-10-16T17:06:00.150059Z","level":"info","event":"Filling up the DagBag from /opt/airflow/dags/salse2s3.py","logger":"airflow.models.dagbag.DagBag","filename":"dagbag.py","lineno":593}
{"timestamp":"2025-10-16T17:06:00.182126Z","level":"warning","event":"The `airflow.decorators.dag` attribute is deprecated. Please use `'airflow.sdk.dag'`.","category":"DeprecatedImportWarning","filename":"/opt/airflow/dags/salse2s3.py","lineno":7,"logger":"py.warnings"}
{"timestamp":"2025-10-16T17:06:00.182247Z","level":"warning","event":"The `airflow.decorators.task` attribute is deprecated. Please use `'airflow.sdk.task'`.","category":"DeprecatedImportWarning","filename":"/opt/airflow/dags/salse2s3.py","lineno":7,"logger":"py.warnings"}
{"timestamp":"2025-10-16T17:06:00.182282Z","level":"warning","event":"The `airflow.hooks.base.BaseHook` attribute is deprecated. Please use `'airflow.sdk.bases.hook.BaseHook'`.","category":"DeprecatedImportWarning","filename":"/opt/airflow/dags/utilities/conections.py","lineno":4,"logger":"py.warnings"}
{"timestamp":"2025-10-16T17:06:30.531099Z","level":"info","event":"Filling up the DagBag from /opt/airflow/dags/salse2s3.py","logger":"airflow.models.dagbag.DagBag","filename":"dagbag.py","lineno":593}
{"timestamp":"2025-10-16T17:06:30.549178Z","level":"warning","event":"The `airflow.decorators.dag` attribute is deprecated. Please use `'airflow.sdk.dag'`.","category":"DeprecatedImportWarning","filename":"/opt/airflow/dags/salse2s3.py","lineno":7,"logger":"py.warnings"}
{"timestamp":"2025-10-16T17:06:30.549390Z","level":"warning","event":"The `airflow.decorators.task` attribute is deprecated. Please use `'airflow.sdk.task'`.","category":"DeprecatedImportWarning","filename":"/opt/airflow/dags/salse2s3.py","lineno":7,"logger":"py.warnings"}
{"timestamp":"2025-10-16T17:06:30.549434Z","level":"warning","event":"The `airflow.hooks.base.BaseHook` attribute is deprecated. Please use `'airflow.sdk.bases.hook.BaseHook'`.","category":"DeprecatedImportWarning","filename":"/opt/airflow/dags/utilities/conections.py","lineno":4,"logger":"py.warnings"}
{"timestamp":"2025-10-16T17:07:00.942459Z","level":"info","event":"Filling up the DagBag from /opt/airflow/dags/salse2s3.py","logger":"airflow.models.dagbag.DagBag","filename":"dagbag.py","lineno":593}
{"timestamp":"2025-10-16T17:07:00.964160Z","level":"warning","event":"The `airflow.decorators.dag` attribute is deprecated. Please use `'airflow.sdk.dag'`.","category":"DeprecatedImportWarning","filename":"/opt/airflow/dags/salse2s3.py","lineno":7,"logger":"py.warnings"}
{"timestamp":"2025-10-16T17:07:00.964236Z","level":"warning","event":"The `airflow.decorators.task` attribute is deprecated. Please use `'airflow.sdk.task'`.","category":"DeprecatedImportWarning","filename":"/opt/airflow/dags/salse2s3.py","lineno":7,"logger":"py.warnings"}
{"timestamp":"2025-10-16T17:07:00.964264Z","level":"warning","event":"The `airflow.hooks.base.BaseHook` attribute is deprecated. Please use `'airflow.sdk.bases.hook.BaseHook'`.","category":"DeprecatedImportWarning","filename":"/opt/airflow/dags/utilities/conections.py","lineno":4,"logger":"py.warnings"}
{"timestamp":"2025-10-16T17:07:31.344667Z","level":"info","event":"Filling up the DagBag from /opt/airflow/dags/salse2s3.py","logger":"airflow.models.dagbag.DagBag","filename":"dagbag.py","lineno":593}
{"timestamp":"2025-10-16T17:07:31.359319Z","level":"warning","event":"The `airflow.decorators.dag` attribute is deprecated. Please use `'airflow.sdk.dag'`.","category":"DeprecatedImportWarning","filename":"/opt/airflow/dags/salse2s3.py","lineno":7,"logger":"py.warnings"}
{"timestamp":"2025-10-16T17:07:31.359529Z","level":"warning","event":"The `airflow.decorators.task` attribute is deprecated. Please use `'airflow.sdk.task'`.","category":"DeprecatedImportWarning","filename":"/opt/airflow/dags/salse2s3.py","lineno":7,"logger":"py.warnings"}
{"timestamp":"2025-10-16T17:07:31.359564Z","level":"warning","event":"The `airflow.hooks.base.BaseHook` attribute is deprecated. Please use `'airflow.sdk.bases.hook.BaseHook'`.","category":"DeprecatedImportWarning","filename":"/opt/airflow/dags/utilities/conections.py","lineno":4,"logger":"py.warnings"}
{"timestamp":"2025-10-16T17:08:01.707673Z","level":"info","event":"Filling up the DagBag from /opt/airflow/dags/salse2s3.py","logger":"airflow.models.dagbag.DagBag","filename":"dagbag.py","lineno":593}
{"timestamp":"2025-10-16T17:08:01.732614Z","level":"warning","event":"The `airflow.decorators.dag` attribute is deprecated. Please use `'airflow.sdk.dag'`.","category":"DeprecatedImportWarning","filename":"/opt/airflow/dags/salse2s3.py","lineno":7,"logger":"py.warnings"}
{"timestamp":"2025-10-16T17:08:01.732684Z","level":"warning","event":"The `airflow.decorators.task` attribute is deprecated. Please use `'airflow.sdk.task'`.","category":"DeprecatedImportWarning","filename":"/opt/airflow/dags/salse2s3.py","lineno":7,"logger":"py.warnings"}
{"timestamp":"2025-10-16T17:08:01.732713Z","level":"warning","event":"The `airflow.hooks.base.BaseHook` attribute is deprecated. Please use `'airflow.sdk.bases.hook.BaseHook'`.","category":"DeprecatedImportWarning","filename":"/opt/airflow/dags/utilities/conections.py","lineno":4,"logger":"py.warnings"}
{"timestamp":"2025-10-16T17:08:31.978915Z","level":"info","event":"Filling up the DagBag from /opt/airflow/dags/salse2s3.py","logger":"airflow.models.dagbag.DagBag","filename":"dagbag.py","lineno":593}
{"timestamp":"2025-10-16T17:08:31.995462Z","level":"warning","event":"The `airflow.decorators.dag` attribute is deprecated. Please use `'airflow.sdk.dag'`.","category":"DeprecatedImportWarning","filename":"/opt/airflow/dags/salse2s3.py","lineno":7,"logger":"py.warnings"}
{"timestamp":"2025-10-16T17:08:31.995547Z","level":"warning","event":"The `airflow.decorators.task` attribute is deprecated. Please use `'airflow.sdk.task'`.","category":"DeprecatedImportWarning","filename":"/opt/airflow/dags/salse2s3.py","lineno":7,"logger":"py.warnings"}
{"timestamp":"2025-10-16T17:08:31.995599Z","level":"warning","event":"The `airflow.hooks.base.BaseHook` attribute is deprecated. Please use `'airflow.sdk.bases.hook.BaseHook'`.","category":"DeprecatedImportWarning","filename":"/opt/airflow/dags/utilities/conections.py","lineno":4,"logger":"py.warnings"}
{"timestamp":"2025-10-16T17:09:02.350432Z","level":"info","event":"Filling up the DagBag from /opt/airflow/dags/salse2s3.py","logger":"airflow.models.dagbag.DagBag","filename":"dagbag.py","lineno":593}
{"timestamp":"2025-10-16T17:09:02.361686Z","level":"warning","event":"The `airflow.decorators.dag` attribute is deprecated. Please use `'airflow.sdk.dag'`.","category":"DeprecatedImportWarning","filename":"/opt/airflow/dags/salse2s3.py","lineno":7,"logger":"py.warnings"}
{"timestamp":"2025-10-16T17:09:02.361746Z","level":"warning","event":"The `airflow.decorators.task` attribute is deprecated. Please use `'airflow.sdk.task'`.","category":"DeprecatedImportWarning","filename":"/opt/airflow/dags/salse2s3.py","lineno":7,"logger":"py.warnings"}
{"timestamp":"2025-10-16T17:09:02.361774Z","level":"warning","event":"The `airflow.hooks.base.BaseHook` attribute is deprecated. Please use `'airflow.sdk.bases.hook.BaseHook'`.","category":"DeprecatedImportWarning","filename":"/opt/airflow/dags/utilities/conections.py","lineno":4,"logger":"py.warnings"}
{"timestamp":"2025-10-16T17:09:32.706542Z","level":"info","event":"Filling up the DagBag from /opt/airflow/dags/salse2s3.py","logger":"airflow.models.dagbag.DagBag","filename":"dagbag.py","lineno":593}
{"timestamp":"2025-10-16T17:09:32.718292Z","level":"warning","event":"The `airflow.decorators.dag` attribute is deprecated. Please use `'airflow.sdk.dag'`.","category":"DeprecatedImportWarning","filename":"/opt/airflow/dags/salse2s3.py","lineno":7,"logger":"py.warnings"}
{"timestamp":"2025-10-16T17:09:32.718573Z","level":"warning","event":"The `airflow.decorators.task` attribute is deprecated. Please use `'airflow.sdk.task'`.","category":"DeprecatedImportWarning","filename":"/opt/airflow/dags/salse2s3.py","lineno":7,"logger":"py.warnings"}
{"timestamp":"2025-10-16T17:09:32.718612Z","level":"warning","event":"The `airflow.hooks.base.BaseHook` attribute is deprecated. Please use `'airflow.sdk.bases.hook.BaseHook'`.","category":"DeprecatedImportWarning","filename":"/opt/airflow/dags/utilities/conections.py","lineno":4,"logger":"py.warnings"}
{"timestamp":"2025-10-16T17:10:03.071233Z","level":"info","event":"Filling up the DagBag from /opt/airflow/dags/salse2s3.py","logger":"airflow.models.dagbag.DagBag","filename":"dagbag.py","lineno":593}
{"timestamp":"2025-10-16T17:10:03.082862Z","level":"warning","event":"The `airflow.decorators.dag` attribute is deprecated. Please use `'airflow.sdk.dag'`.","category":"DeprecatedImportWarning","filename":"/opt/airflow/dags/salse2s3.py","lineno":7,"logger":"py.warnings"}
{"timestamp":"2025-10-16T17:10:03.082918Z","level":"warning","event":"The `airflow.decorators.task` attribute is deprecated. Please use `'airflow.sdk.task'`.","category":"DeprecatedImportWarning","filename":"/opt/airflow/dags/salse2s3.py","lineno":7,"logger":"py.warnings"}
{"timestamp":"2025-10-16T17:10:03.082948Z","level":"warning","event":"The `airflow.hooks.base.BaseHook` attribute is deprecated. Please use `'airflow.sdk.bases.hook.BaseHook'`.","category":"DeprecatedImportWarning","filename":"/opt/airflow/dags/utilities/conections.py","lineno":4,"logger":"py.warnings"}
{"timestamp":"2025-10-16T17:10:33.440257Z","level":"info","event":"Filling up the DagBag from /opt/airflow/dags/salse2s3.py","logger":"airflow.models.dagbag.DagBag","filename":"dagbag.py","lineno":593}
{"timestamp":"2025-10-16T17:10:33.454011Z","level":"warning","event":"The `airflow.decorators.dag` attribute is deprecated. Please use `'airflow.sdk.dag'`.","category":"DeprecatedImportWarning","filename":"/opt/airflow/dags/salse2s3.py","lineno":7,"logger":"py.warnings"}
{"timestamp":"2025-10-16T17:10:33.454091Z","level":"warning","event":"The `airflow.decorators.task` attribute is deprecated. Please use `'airflow.sdk.task'`.","category":"DeprecatedImportWarning","filename":"/opt/airflow/dags/salse2s3.py","lineno":7,"logger":"py.warnings"}
{"timestamp":"2025-10-16T17:10:33.454121Z","level":"warning","event":"The `airflow.hooks.base.BaseHook` attribute is deprecated. Please use `'airflow.sdk.bases.hook.BaseHook'`.","category":"DeprecatedImportWarning","filename":"/opt/airflow/dags/utilities/conections.py","lineno":4,"logger":"py.warnings"}
{"timestamp":"2025-10-16T17:11:03.719671Z","level":"info","event":"Filling up the DagBag from /opt/airflow/dags/salse2s3.py","logger":"airflow.models.dagbag.DagBag","filename":"dagbag.py","lineno":593}
{"timestamp":"2025-10-16T17:11:03.732341Z","level":"warning","event":"The `airflow.decorators.dag` attribute is deprecated. Please use `'airflow.sdk.dag'`.","category":"DeprecatedImportWarning","filename":"/opt/airflow/dags/salse2s3.py","lineno":7,"logger":"py.warnings"}
{"timestamp":"2025-10-16T17:11:03.732398Z","level":"warning","event":"The `airflow.decorators.task` attribute is deprecated. Please use `'airflow.sdk.task'`.","category":"DeprecatedImportWarning","filename":"/opt/airflow/dags/salse2s3.py","lineno":7,"logger":"py.warnings"}
{"timestamp":"2025-10-16T17:11:03.732426Z","level":"warning","event":"The `airflow.hooks.base.BaseHook` attribute is deprecated. Please use `'airflow.sdk.bases.hook.BaseHook'`.","category":"DeprecatedImportWarning","filename":"/opt/airflow/dags/utilities/conections.py","lineno":4,"logger":"py.warnings"}
{"timestamp":"2025-10-16T17:11:34.125241Z","level":"info","event":"Filling up the DagBag from /opt/airflow/dags/salse2s3.py","logger":"airflow.models.dagbag.DagBag","filename":"dagbag.py","lineno":593}
{"timestamp":"2025-10-16T17:11:34.139059Z","level":"warning","event":"The `airflow.decorators.dag` attribute is deprecated. Please use `'airflow.sdk.dag'`.","category":"DeprecatedImportWarning","filename":"/opt/airflow/dags/salse2s3.py","lineno":7,"logger":"py.warnings"}
{"timestamp":"2025-10-16T17:11:34.139127Z","level":"warning","event":"The `airflow.decorators.task` attribute is deprecated. Please use `'airflow.sdk.task'`.","category":"DeprecatedImportWarning","filename":"/opt/airflow/dags/salse2s3.py","lineno":7,"logger":"py.warnings"}
{"timestamp":"2025-10-16T17:11:34.139157Z","level":"warning","event":"The `airflow.hooks.base.BaseHook` attribute is deprecated. Please use `'airflow.sdk.bases.hook.BaseHook'`.","category":"DeprecatedImportWarning","filename":"/opt/airflow/dags/utilities/conections.py","lineno":4,"logger":"py.warnings"}
{"timestamp":"2025-10-16T17:12:04.500528Z","level":"info","event":"Filling up the DagBag from /opt/airflow/dags/salse2s3.py","logger":"airflow.models.dagbag.DagBag","filename":"dagbag.py","lineno":593}
{"timestamp":"2025-10-16T17:12:04.518384Z","level":"warning","event":"The `airflow.decorators.dag` attribute is deprecated. Please use `'airflow.sdk.dag'`.","category":"DeprecatedImportWarning","filename":"/opt/airflow/dags/salse2s3.py","lineno":7,"logger":"py.warnings"}
{"timestamp":"2025-10-16T17:12:04.518450Z","level":"warning","event":"The `airflow.decorators.task` attribute is deprecated. Please use `'airflow.sdk.task'`.","category":"DeprecatedImportWarning","filename":"/opt/airflow/dags/salse2s3.py","lineno":7,"logger":"py.warnings"}
{"timestamp":"2025-10-16T17:12:04.518479Z","level":"warning","event":"The `airflow.hooks.base.BaseHook` attribute is deprecated. Please use `'airflow.sdk.bases.hook.BaseHook'`.","category":"DeprecatedImportWarning","filename":"/opt/airflow/dags/utilities/conections.py","lineno":4,"logger":"py.warnings"}
{"timestamp":"2025-10-16T17:12:34.883130Z","level":"info","event":"Filling up the DagBag from /opt/airflow/dags/salse2s3.py","logger":"airflow.models.dagbag.DagBag","filename":"dagbag.py","lineno":593}
{"timestamp":"2025-10-16T17:12:34.901836Z","level":"warning","event":"The `airflow.decorators.dag` attribute is deprecated. Please use `'airflow.sdk.dag'`.","category":"DeprecatedImportWarning","filename":"/opt/airflow/dags/salse2s3.py","lineno":7,"logger":"py.warnings"}
{"timestamp":"2025-10-16T17:12:34.901910Z","level":"warning","event":"The `airflow.decorators.task` attribute is deprecated. Please use `'airflow.sdk.task'`.","category":"DeprecatedImportWarning","filename":"/opt/airflow/dags/salse2s3.py","lineno":7,"logger":"py.warnings"}
{"timestamp":"2025-10-16T17:12:34.901940Z","level":"warning","event":"The `airflow.hooks.base.BaseHook` attribute is deprecated. Please use `'airflow.sdk.bases.hook.BaseHook'`.","category":"DeprecatedImportWarning","filename":"/opt/airflow/dags/utilities/conections.py","lineno":4,"logger":"py.warnings"}
{"timestamp":"2025-10-16T17:13:05.271852Z","level":"info","event":"Filling up the DagBag from /opt/airflow/dags/salse2s3.py","logger":"airflow.models.dagbag.DagBag","filename":"dagbag.py","lineno":593}
{"timestamp":"2025-10-16T17:13:05.284653Z","level":"warning","event":"The `airflow.decorators.dag` attribute is deprecated. Please use `'airflow.sdk.dag'`.","category":"DeprecatedImportWarning","filename":"/opt/airflow/dags/salse2s3.py","lineno":7,"logger":"py.warnings"}
{"timestamp":"2025-10-16T17:13:05.284878Z","level":"warning","event":"The `airflow.decorators.task` attribute is deprecated. Please use `'airflow.sdk.task'`.","category":"DeprecatedImportWarning","filename":"/opt/airflow/dags/salse2s3.py","lineno":7,"logger":"py.warnings"}
{"timestamp":"2025-10-16T17:13:05.284918Z","level":"warning","event":"The `airflow.hooks.base.BaseHook` attribute is deprecated. Please use `'airflow.sdk.bases.hook.BaseHook'`.","category":"DeprecatedImportWarning","filename":"/opt/airflow/dags/utilities/conections.py","lineno":4,"logger":"py.warnings"}
{"timestamp":"2025-10-16T17:13:35.637740Z","level":"info","event":"Filling up the DagBag from /opt/airflow/dags/salse2s3.py","logger":"airflow.models.dagbag.DagBag","filename":"dagbag.py","lineno":593}
{"timestamp":"2025-10-16T17:13:35.654456Z","level":"warning","event":"The `airflow.decorators.dag` attribute is deprecated. Please use `'airflow.sdk.dag'`.","category":"DeprecatedImportWarning","filename":"/opt/airflow/dags/salse2s3.py","lineno":7,"logger":"py.warnings"}
{"timestamp":"2025-10-16T17:13:35.654523Z","level":"warning","event":"The `airflow.decorators.task` attribute is deprecated. Please use `'airflow.sdk.task'`.","category":"DeprecatedImportWarning","filename":"/opt/airflow/dags/salse2s3.py","lineno":7,"logger":"py.warnings"}
{"timestamp":"2025-10-16T17:13:35.654558Z","level":"warning","event":"The `airflow.hooks.base.BaseHook` attribute is deprecated. Please use `'airflow.sdk.bases.hook.BaseHook'`.","category":"DeprecatedImportWarning","filename":"/opt/airflow/dags/utilities/conections.py","lineno":4,"logger":"py.warnings"}
{"timestamp":"2025-10-16T17:14:06.084685Z","level":"info","event":"Filling up the DagBag from /opt/airflow/dags/salse2s3.py","logger":"airflow.models.dagbag.DagBag","filename":"dagbag.py","lineno":593}
{"timestamp":"2025-10-16T17:14:06.099380Z","level":"warning","event":"The `airflow.decorators.dag` attribute is deprecated. Please use `'airflow.sdk.dag'`.","category":"DeprecatedImportWarning","filename":"/opt/airflow/dags/salse2s3.py","lineno":7,"logger":"py.warnings"}
{"timestamp":"2025-10-16T17:14:06.099602Z","level":"warning","event":"The `airflow.decorators.task` attribute is deprecated. Please use `'airflow.sdk.task'`.","category":"DeprecatedImportWarning","filename":"/opt/airflow/dags/salse2s3.py","lineno":7,"logger":"py.warnings"}
{"timestamp":"2025-10-16T17:14:06.099644Z","level":"warning","event":"The `airflow.hooks.base.BaseHook` attribute is deprecated. Please use `'airflow.sdk.bases.hook.BaseHook'`.","category":"DeprecatedImportWarning","filename":"/opt/airflow/dags/utilities/conections.py","lineno":4,"logger":"py.warnings"}
{"timestamp":"2025-10-16T17:14:36.513162Z","level":"info","event":"Filling up the DagBag from /opt/airflow/dags/salse2s3.py","logger":"airflow.models.dagbag.DagBag","filename":"dagbag.py","lineno":593}
{"timestamp":"2025-10-16T17:14:36.529674Z","level":"warning","event":"The `airflow.decorators.dag` attribute is deprecated. Please use `'airflow.sdk.dag'`.","category":"DeprecatedImportWarning","filename":"/opt/airflow/dags/salse2s3.py","lineno":7,"logger":"py.warnings"}
{"timestamp":"2025-10-16T17:14:36.529738Z","level":"warning","event":"The `airflow.decorators.task` attribute is deprecated. Please use `'airflow.sdk.task'`.","category":"DeprecatedImportWarning","filename":"/opt/airflow/dags/salse2s3.py","lineno":7,"logger":"py.warnings"}
{"timestamp":"2025-10-16T17:14:36.529770Z","level":"warning","event":"The `airflow.hooks.base.BaseHook` attribute is deprecated. Please use `'airflow.sdk.bases.hook.BaseHook'`.","category":"DeprecatedImportWarning","filename":"/opt/airflow/dags/utilities/conections.py","lineno":4,"logger":"py.warnings"}
{"timestamp":"2025-10-16T17:15:06.950273Z","level":"info","event":"Filling up the DagBag from /opt/airflow/dags/salse2s3.py","logger":"airflow.models.dagbag.DagBag","filename":"dagbag.py","lineno":593}
{"timestamp":"2025-10-16T17:15:06.964751Z","level":"warning","event":"The `airflow.decorators.dag` attribute is deprecated. Please use `'airflow.sdk.dag'`.","category":"DeprecatedImportWarning","filename":"/opt/airflow/dags/salse2s3.py","lineno":7,"logger":"py.warnings"}
{"timestamp":"2025-10-16T17:15:06.964927Z","level":"warning","event":"The `airflow.decorators.task` attribute is deprecated. Please use `'airflow.sdk.task'`.","category":"DeprecatedImportWarning","filename":"/opt/airflow/dags/salse2s3.py","lineno":7,"logger":"py.warnings"}
{"timestamp":"2025-10-16T17:15:06.964965Z","level":"warning","event":"The `airflow.hooks.base.BaseHook` attribute is deprecated. Please use `'airflow.sdk.bases.hook.BaseHook'`.","category":"DeprecatedImportWarning","filename":"/opt/airflow/dags/utilities/conections.py","lineno":4,"logger":"py.warnings"}
{"timestamp":"2025-10-16T17:15:37.349603Z","level":"info","event":"Filling up the DagBag from /opt/airflow/dags/salse2s3.py","logger":"airflow.models.dagbag.DagBag","filename":"dagbag.py","lineno":593}
{"timestamp":"2025-10-16T17:15:37.362160Z","level":"warning","event":"The `airflow.decorators.dag` attribute is deprecated. Please use `'airflow.sdk.dag'`.","category":"DeprecatedImportWarning","filename":"/opt/airflow/dags/salse2s3.py","lineno":7,"logger":"py.warnings"}
{"timestamp":"2025-10-16T17:15:37.362229Z","level":"warning","event":"The `airflow.decorators.task` attribute is deprecated. Please use `'airflow.sdk.task'`.","category":"DeprecatedImportWarning","filename":"/opt/airflow/dags/salse2s3.py","lineno":7,"logger":"py.warnings"}
{"timestamp":"2025-10-16T17:15:37.362267Z","level":"warning","event":"The `airflow.hooks.base.BaseHook` attribute is deprecated. Please use `'airflow.sdk.bases.hook.BaseHook'`.","category":"DeprecatedImportWarning","filename":"/opt/airflow/dags/utilities/conections.py","lineno":4,"logger":"py.warnings"}
{"timestamp":"2025-10-16T17:16:07.778861Z","level":"info","event":"Filling up the DagBag from /opt/airflow/dags/salse2s3.py","logger":"airflow.models.dagbag.DagBag","filename":"dagbag.py","lineno":593}
{"timestamp":"2025-10-16T17:16:07.791305Z","level":"warning","event":"The `airflow.decorators.dag` attribute is deprecated. Please use `'airflow.sdk.dag'`.","category":"DeprecatedImportWarning","filename":"/opt/airflow/dags/salse2s3.py","lineno":7,"logger":"py.warnings"}
{"timestamp":"2025-10-16T17:16:07.791372Z","level":"warning","event":"The `airflow.decorators.task` attribute is deprecated. Please use `'airflow.sdk.task'`.","category":"DeprecatedImportWarning","filename":"/opt/airflow/dags/salse2s3.py","lineno":7,"logger":"py.warnings"}
{"timestamp":"2025-10-16T17:16:07.791408Z","level":"warning","event":"The `airflow.hooks.base.BaseHook` attribute is deprecated. Please use `'airflow.sdk.bases.hook.BaseHook'`.","category":"DeprecatedImportWarning","filename":"/opt/airflow/dags/utilities/conections.py","lineno":4,"logger":"py.warnings"}
{"timestamp":"2025-10-16T17:16:38.193474Z","level":"info","event":"Filling up the DagBag from /opt/airflow/dags/salse2s3.py","logger":"airflow.models.dagbag.DagBag","filename":"dagbag.py","lineno":593}
{"timestamp":"2025-10-16T17:16:38.207282Z","level":"warning","event":"The `airflow.decorators.dag` attribute is deprecated. Please use `'airflow.sdk.dag'`.","category":"DeprecatedImportWarning","filename":"/opt/airflow/dags/salse2s3.py","lineno":7,"logger":"py.warnings"}
{"timestamp":"2025-10-16T17:16:38.207350Z","level":"warning","event":"The `airflow.decorators.task` attribute is deprecated. Please use `'airflow.sdk.task'`.","category":"DeprecatedImportWarning","filename":"/opt/airflow/dags/salse2s3.py","lineno":7,"logger":"py.warnings"}
{"timestamp":"2025-10-16T17:16:38.207379Z","level":"warning","event":"The `airflow.hooks.base.BaseHook` attribute is deprecated. Please use `'airflow.sdk.bases.hook.BaseHook'`.","category":"DeprecatedImportWarning","filename":"/opt/airflow/dags/utilities/conections.py","lineno":4,"logger":"py.warnings"}
{"timestamp":"2025-10-16T17:17:08.638282Z","level":"info","event":"Filling up the DagBag from /opt/airflow/dags/salse2s3.py","logger":"airflow.models.dagbag.DagBag","filename":"dagbag.py","lineno":593}
{"timestamp":"2025-10-16T17:17:08.660702Z","level":"warning","event":"The `airflow.decorators.dag` attribute is deprecated. Please use `'airflow.sdk.dag'`.","category":"DeprecatedImportWarning","filename":"/opt/airflow/dags/salse2s3.py","lineno":7,"logger":"py.warnings"}
{"timestamp":"2025-10-16T17:17:08.660965Z","level":"warning","event":"The `airflow.decorators.task` attribute is deprecated. Please use `'airflow.sdk.task'`.","category":"DeprecatedImportWarning","filename":"/opt/airflow/dags/salse2s3.py","lineno":7,"logger":"py.warnings"}
{"timestamp":"2025-10-16T17:17:08.661004Z","level":"warning","event":"The `airflow.hooks.base.BaseHook` attribute is deprecated. Please use `'airflow.sdk.bases.hook.BaseHook'`.","category":"DeprecatedImportWarning","filename":"/opt/airflow/dags/utilities/conections.py","lineno":4,"logger":"py.warnings"}
{"timestamp":"2025-10-16T17:17:39.074443Z","level":"info","event":"Filling up the DagBag from /opt/airflow/dags/salse2s3.py","logger":"airflow.models.dagbag.DagBag","filename":"dagbag.py","lineno":593}
{"timestamp":"2025-10-16T17:17:39.095845Z","level":"warning","event":"The `airflow.decorators.dag` attribute is deprecated. Please use `'airflow.sdk.dag'`.","category":"DeprecatedImportWarning","filename":"/opt/airflow/dags/salse2s3.py","lineno":7,"logger":"py.warnings"}
{"timestamp":"2025-10-16T17:17:39.095914Z","level":"warning","event":"The `airflow.decorators.task` attribute is deprecated. Please use `'airflow.sdk.task'`.","category":"DeprecatedImportWarning","filename":"/opt/airflow/dags/salse2s3.py","lineno":7,"logger":"py.warnings"}
{"timestamp":"2025-10-16T17:17:39.095953Z","level":"warning","event":"The `airflow.hooks.base.BaseHook` attribute is deprecated. Please use `'airflow.sdk.bases.hook.BaseHook'`.","category":"DeprecatedImportWarning","filename":"/opt/airflow/dags/utilities/conections.py","lineno":4,"logger":"py.warnings"}
{"timestamp":"2025-10-16T17:18:09.557957Z","level":"info","event":"Filling up the DagBag from /opt/airflow/dags/salse2s3.py","logger":"airflow.models.dagbag.DagBag","filename":"dagbag.py","lineno":593}
{"timestamp":"2025-10-16T17:18:09.579820Z","level":"warning","event":"The `airflow.decorators.dag` attribute is deprecated. Please use `'airflow.sdk.dag'`.","category":"DeprecatedImportWarning","filename":"/opt/airflow/dags/salse2s3.py","lineno":7,"logger":"py.warnings"}
{"timestamp":"2025-10-16T17:18:09.580002Z","level":"warning","event":"The `airflow.decorators.task` attribute is deprecated. Please use `'airflow.sdk.task'`.","category":"DeprecatedImportWarning","filename":"/opt/airflow/dags/salse2s3.py","lineno":7,"logger":"py.warnings"}
{"timestamp":"2025-10-16T17:18:09.580038Z","level":"warning","event":"The `airflow.hooks.base.BaseHook` attribute is deprecated. Please use `'airflow.sdk.bases.hook.BaseHook'`.","category":"DeprecatedImportWarning","filename":"/opt/airflow/dags/utilities/conections.py","lineno":4,"logger":"py.warnings"}
{"timestamp":"2025-10-16T17:18:40.070350Z","level":"info","event":"Filling up the DagBag from /opt/airflow/dags/salse2s3.py","logger":"airflow.models.dagbag.DagBag","filename":"dagbag.py","lineno":593}
{"timestamp":"2025-10-16T17:18:40.100816Z","level":"warning","event":"The `airflow.decorators.dag` attribute is deprecated. Please use `'airflow.sdk.dag'`.","category":"DeprecatedImportWarning","filename":"/opt/airflow/dags/salse2s3.py","lineno":7,"logger":"py.warnings"}
{"timestamp":"2025-10-16T17:18:40.101076Z","level":"warning","event":"The `airflow.decorators.task` attribute is deprecated. Please use `'airflow.sdk.task'`.","category":"DeprecatedImportWarning","filename":"/opt/airflow/dags/salse2s3.py","lineno":7,"logger":"py.warnings"}
{"timestamp":"2025-10-16T17:18:40.101125Z","level":"warning","event":"The `airflow.hooks.base.BaseHook` attribute is deprecated. Please use `'airflow.sdk.bases.hook.BaseHook'`.","category":"DeprecatedImportWarning","filename":"/opt/airflow/dags/utilities/conections.py","lineno":4,"logger":"py.warnings"}
{"timestamp":"2025-10-16T17:19:10.509181Z","level":"info","event":"Filling up the DagBag from /opt/airflow/dags/salse2s3.py","logger":"airflow.models.dagbag.DagBag","filename":"dagbag.py","lineno":593}
{"timestamp":"2025-10-16T17:19:10.539689Z","level":"warning","event":"The `airflow.decorators.dag` attribute is deprecated. Please use `'airflow.sdk.dag'`.","category":"DeprecatedImportWarning","filename":"/opt/airflow/dags/salse2s3.py","lineno":7,"logger":"py.warnings"}
{"timestamp":"2025-10-16T17:19:10.540089Z","level":"warning","event":"The `airflow.decorators.task` attribute is deprecated. Please use `'airflow.sdk.task'`.","category":"DeprecatedImportWarning","filename":"/opt/airflow/dags/salse2s3.py","lineno":7,"logger":"py.warnings"}
{"timestamp":"2025-10-16T17:19:10.540281Z","level":"warning","event":"The `airflow.hooks.base.BaseHook` attribute is deprecated. Please use `'airflow.sdk.bases.hook.BaseHook'`.","category":"DeprecatedImportWarning","filename":"/opt/airflow/dags/utilities/conections.py","lineno":4,"logger":"py.warnings"}
{"timestamp":"2025-10-16T17:19:41.055072Z","level":"info","event":"Filling up the DagBag from /opt/airflow/dags/salse2s3.py","logger":"airflow.models.dagbag.DagBag","filename":"dagbag.py","lineno":593}
{"timestamp":"2025-10-16T17:19:41.076910Z","level":"warning","event":"The `airflow.decorators.dag` attribute is deprecated. Please use `'airflow.sdk.dag'`.","category":"DeprecatedImportWarning","filename":"/opt/airflow/dags/salse2s3.py","lineno":7,"logger":"py.warnings"}
{"timestamp":"2025-10-16T17:19:41.076982Z","level":"warning","event":"The `airflow.decorators.task` attribute is deprecated. Please use `'airflow.sdk.task'`.","category":"DeprecatedImportWarning","filename":"/opt/airflow/dags/salse2s3.py","lineno":7,"logger":"py.warnings"}
{"timestamp":"2025-10-16T17:19:41.077010Z","level":"warning","event":"The `airflow.hooks.base.BaseHook` attribute is deprecated. Please use `'airflow.sdk.bases.hook.BaseHook'`.","category":"DeprecatedImportWarning","filename":"/opt/airflow/dags/utilities/conections.py","lineno":4,"logger":"py.warnings"}
{"timestamp":"2025-10-16T17:20:11.484503Z","level":"info","event":"Filling up the DagBag from /opt/airflow/dags/salse2s3.py","logger":"airflow.models.dagbag.DagBag","filename":"dagbag.py","lineno":593}
{"timestamp":"2025-10-16T17:20:11.507587Z","level":"warning","event":"The `airflow.decorators.dag` attribute is deprecated. Please use `'airflow.sdk.dag'`.","category":"DeprecatedImportWarning","filename":"/opt/airflow/dags/salse2s3.py","lineno":7,"logger":"py.warnings"}
{"timestamp":"2025-10-16T17:20:11.507681Z","level":"warning","event":"The `airflow.decorators.task` attribute is deprecated. Please use `'airflow.sdk.task'`.","category":"DeprecatedImportWarning","filename":"/opt/airflow/dags/salse2s3.py","lineno":7,"logger":"py.warnings"}
{"timestamp":"2025-10-16T17:20:11.507712Z","level":"warning","event":"The `airflow.hooks.base.BaseHook` attribute is deprecated. Please use `'airflow.sdk.bases.hook.BaseHook'`.","category":"DeprecatedImportWarning","filename":"/opt/airflow/dags/utilities/conections.py","lineno":4,"logger":"py.warnings"}
{"timestamp":"2025-10-16T17:20:41.858426Z","level":"info","event":"Filling up the DagBag from /opt/airflow/dags/salse2s3.py","logger":"airflow.models.dagbag.DagBag","filename":"dagbag.py","lineno":593}
{"timestamp":"2025-10-16T17:20:41.871730Z","level":"warning","event":"The `airflow.decorators.dag` attribute is deprecated. Please use `'airflow.sdk.dag'`.","category":"DeprecatedImportWarning","filename":"/opt/airflow/dags/salse2s3.py","lineno":7,"logger":"py.warnings"}
{"timestamp":"2025-10-16T17:20:41.871927Z","level":"warning","event":"The `airflow.decorators.task` attribute is deprecated. Please use `'airflow.sdk.task'`.","category":"DeprecatedImportWarning","filename":"/opt/airflow/dags/salse2s3.py","lineno":7,"logger":"py.warnings"}
{"timestamp":"2025-10-16T17:20:41.871968Z","level":"warning","event":"The `airflow.hooks.base.BaseHook` attribute is deprecated. Please use `'airflow.sdk.bases.hook.BaseHook'`.","category":"DeprecatedImportWarning","filename":"/opt/airflow/dags/utilities/conections.py","lineno":4,"logger":"py.warnings"}
{"timestamp":"2025-10-16T17:21:12.281592Z","level":"info","event":"Filling up the DagBag from /opt/airflow/dags/salse2s3.py","logger":"airflow.models.dagbag.DagBag","filename":"dagbag.py","lineno":593}
{"timestamp":"2025-10-16T17:21:12.294617Z","level":"warning","event":"The `airflow.decorators.dag` attribute is deprecated. Please use `'airflow.sdk.dag'`.","category":"DeprecatedImportWarning","filename":"/opt/airflow/dags/salse2s3.py","lineno":7,"logger":"py.warnings"}
{"timestamp":"2025-10-16T17:21:12.294684Z","level":"warning","event":"The `airflow.decorators.task` attribute is deprecated. Please use `'airflow.sdk.task'`.","category":"DeprecatedImportWarning","filename":"/opt/airflow/dags/salse2s3.py","lineno":7,"logger":"py.warnings"}
{"timestamp":"2025-10-16T17:21:12.294719Z","level":"warning","event":"The `airflow.hooks.base.BaseHook` attribute is deprecated. Please use `'airflow.sdk.bases.hook.BaseHook'`.","category":"DeprecatedImportWarning","filename":"/opt/airflow/dags/utilities/conections.py","lineno":4,"logger":"py.warnings"}
{"timestamp":"2025-10-16T17:21:42.709321Z","level":"info","event":"Filling up the DagBag from /opt/airflow/dags/salse2s3.py","logger":"airflow.models.dagbag.DagBag","filename":"dagbag.py","lineno":593}
{"timestamp":"2025-10-16T17:21:42.723668Z","level":"warning","event":"The `airflow.decorators.dag` attribute is deprecated. Please use `'airflow.sdk.dag'`.","category":"DeprecatedImportWarning","filename":"/opt/airflow/dags/salse2s3.py","lineno":7,"logger":"py.warnings"}
{"timestamp":"2025-10-16T17:21:42.723734Z","level":"warning","event":"The `airflow.decorators.task` attribute is deprecated. Please use `'airflow.sdk.task'`.","category":"DeprecatedImportWarning","filename":"/opt/airflow/dags/salse2s3.py","lineno":7,"logger":"py.warnings"}
{"timestamp":"2025-10-16T17:21:42.723770Z","level":"warning","event":"The `airflow.hooks.base.BaseHook` attribute is deprecated. Please use `'airflow.sdk.bases.hook.BaseHook'`.","category":"DeprecatedImportWarning","filename":"/opt/airflow/dags/utilities/conections.py","lineno":4,"logger":"py.warnings"}
{"timestamp":"2025-10-16T17:22:13.159373Z","level":"info","event":"Filling up the DagBag from /opt/airflow/dags/salse2s3.py","logger":"airflow.models.dagbag.DagBag","filename":"dagbag.py","lineno":593}
{"timestamp":"2025-10-16T17:22:13.173307Z","level":"warning","event":"The `airflow.decorators.dag` attribute is deprecated. Please use `'airflow.sdk.dag'`.","category":"DeprecatedImportWarning","filename":"/opt/airflow/dags/salse2s3.py","lineno":7,"logger":"py.warnings"}
{"timestamp":"2025-10-16T17:22:13.173377Z","level":"warning","event":"The `airflow.decorators.task` attribute is deprecated. Please use `'airflow.sdk.task'`.","category":"DeprecatedImportWarning","filename":"/opt/airflow/dags/salse2s3.py","lineno":7,"logger":"py.warnings"}
{"timestamp":"2025-10-16T17:22:13.173413Z","level":"warning","event":"The `airflow.hooks.base.BaseHook` attribute is deprecated. Please use `'airflow.sdk.bases.hook.BaseHook'`.","category":"DeprecatedImportWarning","filename":"/opt/airflow/dags/utilities/conections.py","lineno":4,"logger":"py.warnings"}
{"timestamp":"2025-10-16T17:22:43.620657Z","level":"info","event":"Filling up the DagBag from /opt/airflow/dags/salse2s3.py","logger":"airflow.models.dagbag.DagBag","filename":"dagbag.py","lineno":593}
{"timestamp":"2025-10-16T17:22:43.641116Z","level":"warning","event":"The `airflow.decorators.dag` attribute is deprecated. Please use `'airflow.sdk.dag'`.","category":"DeprecatedImportWarning","filename":"/opt/airflow/dags/salse2s3.py","lineno":7,"logger":"py.warnings"}
{"timestamp":"2025-10-16T17:22:43.641186Z","level":"warning","event":"The `airflow.decorators.task` attribute is deprecated. Please use `'airflow.sdk.task'`.","category":"DeprecatedImportWarning","filename":"/opt/airflow/dags/salse2s3.py","lineno":7,"logger":"py.warnings"}
{"timestamp":"2025-10-16T17:22:43.641214Z","level":"warning","event":"The `airflow.hooks.base.BaseHook` attribute is deprecated. Please use `'airflow.sdk.bases.hook.BaseHook'`.","category":"DeprecatedImportWarning","filename":"/opt/airflow/dags/utilities/conections.py","lineno":4,"logger":"py.warnings"}
{"timestamp":"2025-10-16T17:23:14.051867Z","level":"info","event":"Filling up the DagBag from /opt/airflow/dags/salse2s3.py","logger":"airflow.models.dagbag.DagBag","filename":"dagbag.py","lineno":593}
{"timestamp":"2025-10-16T17:23:14.066551Z","level":"warning","event":"The `airflow.decorators.dag` attribute is deprecated. Please use `'airflow.sdk.dag'`.","category":"DeprecatedImportWarning","filename":"/opt/airflow/dags/salse2s3.py","lineno":7,"logger":"py.warnings"}
{"timestamp":"2025-10-16T17:23:14.066729Z","level":"warning","event":"The `airflow.decorators.task` attribute is deprecated. Please use `'airflow.sdk.task'`.","category":"DeprecatedImportWarning","filename":"/opt/airflow/dags/salse2s3.py","lineno":7,"logger":"py.warnings"}
{"timestamp":"2025-10-16T17:23:14.066770Z","level":"warning","event":"The `airflow.hooks.base.BaseHook` attribute is deprecated. Please use `'airflow.sdk.bases.hook.BaseHook'`.","category":"DeprecatedImportWarning","filename":"/opt/airflow/dags/utilities/conections.py","lineno":4,"logger":"py.warnings"}
{"timestamp":"2025-10-16T17:23:44.466413Z","level":"info","event":"Filling up the DagBag from /opt/airflow/dags/salse2s3.py","logger":"airflow.models.dagbag.DagBag","filename":"dagbag.py","lineno":593}
{"timestamp":"2025-10-16T17:23:44.479997Z","level":"warning","event":"The `airflow.decorators.dag` attribute is deprecated. Please use `'airflow.sdk.dag'`.","category":"DeprecatedImportWarning","filename":"/opt/airflow/dags/salse2s3.py","lineno":7,"logger":"py.warnings"}
{"timestamp":"2025-10-16T17:23:44.480063Z","level":"warning","event":"The `airflow.decorators.task` attribute is deprecated. Please use `'airflow.sdk.task'`.","category":"DeprecatedImportWarning","filename":"/opt/airflow/dags/salse2s3.py","lineno":7,"logger":"py.warnings"}
{"timestamp":"2025-10-16T17:23:44.480098Z","level":"warning","event":"The `airflow.hooks.base.BaseHook` attribute is deprecated. Please use `'airflow.sdk.bases.hook.BaseHook'`.","category":"DeprecatedImportWarning","filename":"/opt/airflow/dags/utilities/conections.py","lineno":4,"logger":"py.warnings"}
{"timestamp":"2025-10-16T17:24:14.909397Z","level":"info","event":"Filling up the DagBag from /opt/airflow/dags/salse2s3.py","logger":"airflow.models.dagbag.DagBag","filename":"dagbag.py","lineno":593}
{"timestamp":"2025-10-16T17:24:14.923090Z","level":"warning","event":"The `airflow.decorators.dag` attribute is deprecated. Please use `'airflow.sdk.dag'`.","category":"DeprecatedImportWarning","filename":"/opt/airflow/dags/salse2s3.py","lineno":7,"logger":"py.warnings"}
{"timestamp":"2025-10-16T17:24:14.923157Z","level":"warning","event":"The `airflow.decorators.task` attribute is deprecated. Please use `'airflow.sdk.task'`.","category":"DeprecatedImportWarning","filename":"/opt/airflow/dags/salse2s3.py","lineno":7,"logger":"py.warnings"}
{"timestamp":"2025-10-16T17:24:14.923192Z","level":"warning","event":"The `airflow.hooks.base.BaseHook` attribute is deprecated. Please use `'airflow.sdk.bases.hook.BaseHook'`.","category":"DeprecatedImportWarning","filename":"/opt/airflow/dags/utilities/conections.py","lineno":4,"logger":"py.warnings"}
{"timestamp":"2025-10-16T17:24:45.330178Z","level":"info","event":"Filling up the DagBag from /opt/airflow/dags/salse2s3.py","logger":"airflow.models.dagbag.DagBag","filename":"dagbag.py","lineno":593}
{"timestamp":"2025-10-16T17:24:45.343703Z","level":"warning","event":"The `airflow.decorators.dag` attribute is deprecated. Please use `'airflow.sdk.dag'`.","category":"DeprecatedImportWarning","filename":"/opt/airflow/dags/salse2s3.py","lineno":7,"logger":"py.warnings"}
{"timestamp":"2025-10-16T17:24:45.343779Z","level":"warning","event":"The `airflow.decorators.task` attribute is deprecated. Please use `'airflow.sdk.task'`.","category":"DeprecatedImportWarning","filename":"/opt/airflow/dags/salse2s3.py","lineno":7,"logger":"py.warnings"}
{"timestamp":"2025-10-16T17:24:45.343815Z","level":"warning","event":"The `airflow.hooks.base.BaseHook` attribute is deprecated. Please use `'airflow.sdk.bases.hook.BaseHook'`.","category":"DeprecatedImportWarning","filename":"/opt/airflow/dags/utilities/conections.py","lineno":4,"logger":"py.warnings"}
{"timestamp":"2025-10-16T17:25:15.778184Z","level":"info","event":"Filling up the DagBag from /opt/airflow/dags/salse2s3.py","logger":"airflow.models.dagbag.DagBag","filename":"dagbag.py","lineno":593}
{"timestamp":"2025-10-16T17:25:15.791601Z","level":"warning","event":"The `airflow.decorators.dag` attribute is deprecated. Please use `'airflow.sdk.dag'`.","category":"DeprecatedImportWarning","filename":"/opt/airflow/dags/salse2s3.py","lineno":7,"logger":"py.warnings"}
{"timestamp":"2025-10-16T17:25:15.791667Z","level":"warning","event":"The `airflow.decorators.task` attribute is deprecated. Please use `'airflow.sdk.task'`.","category":"DeprecatedImportWarning","filename":"/opt/airflow/dags/salse2s3.py","lineno":7,"logger":"py.warnings"}
{"timestamp":"2025-10-16T17:25:15.791704Z","level":"warning","event":"The `airflow.hooks.base.BaseHook` attribute is deprecated. Please use `'airflow.sdk.bases.hook.BaseHook'`.","category":"DeprecatedImportWarning","filename":"/opt/airflow/dags/utilities/conections.py","lineno":4,"logger":"py.warnings"}
{"timestamp":"2025-10-16T17:25:46.200096Z","level":"info","event":"Filling up the DagBag from /opt/airflow/dags/salse2s3.py","logger":"airflow.models.dagbag.DagBag","filename":"dagbag.py","lineno":593}
{"timestamp":"2025-10-16T17:25:46.215860Z","level":"warning","event":"The `airflow.decorators.dag` attribute is deprecated. Please use `'airflow.sdk.dag'`.","category":"DeprecatedImportWarning","filename":"/opt/airflow/dags/salse2s3.py","lineno":7,"logger":"py.warnings"}
{"timestamp":"2025-10-16T17:25:46.215934Z","level":"warning","event":"The `airflow.decorators.task` attribute is deprecated. Please use `'airflow.sdk.task'`.","category":"DeprecatedImportWarning","filename":"/opt/airflow/dags/salse2s3.py","lineno":7,"logger":"py.warnings"}
{"timestamp":"2025-10-16T17:25:46.215970Z","level":"warning","event":"The `airflow.hooks.base.BaseHook` attribute is deprecated. Please use `'airflow.sdk.bases.hook.BaseHook'`.","category":"DeprecatedImportWarning","filename":"/opt/airflow/dags/utilities/conections.py","lineno":4,"logger":"py.warnings"}
{"timestamp":"2025-10-16T17:26:16.509484Z","level":"info","event":"Filling up the DagBag from /opt/airflow/dags/salse2s3.py","logger":"airflow.models.dagbag.DagBag","filename":"dagbag.py","lineno":593}
{"timestamp":"2025-10-16T17:26:16.521339Z","level":"warning","event":"The `airflow.decorators.dag` attribute is deprecated. Please use `'airflow.sdk.dag'`.","category":"DeprecatedImportWarning","filename":"/opt/airflow/dags/salse2s3.py","lineno":7,"logger":"py.warnings"}
{"timestamp":"2025-10-16T17:26:16.521404Z","level":"warning","event":"The `airflow.decorators.task` attribute is deprecated. Please use `'airflow.sdk.task'`.","category":"DeprecatedImportWarning","filename":"/opt/airflow/dags/salse2s3.py","lineno":7,"logger":"py.warnings"}
{"timestamp":"2025-10-16T17:26:16.521440Z","level":"warning","event":"The `airflow.hooks.base.BaseHook` attribute is deprecated. Please use `'airflow.sdk.bases.hook.BaseHook'`.","category":"DeprecatedImportWarning","filename":"/opt/airflow/dags/utilities/conections.py","lineno":4,"logger":"py.warnings"}
{"timestamp":"2025-10-16T17:26:46.939261Z","level":"info","event":"Filling up the DagBag from /opt/airflow/dags/salse2s3.py","logger":"airflow.models.dagbag.DagBag","filename":"dagbag.py","lineno":593}
{"timestamp":"2025-10-16T17:26:46.948779Z","level":"warning","event":"The `airflow.decorators.dag` attribute is deprecated. Please use `'airflow.sdk.dag'`.","category":"DeprecatedImportWarning","filename":"/opt/airflow/dags/salse2s3.py","lineno":7,"logger":"py.warnings"}
{"timestamp":"2025-10-16T17:26:46.948932Z","level":"warning","event":"The `airflow.decorators.task` attribute is deprecated. Please use `'airflow.sdk.task'`.","category":"DeprecatedImportWarning","filename":"/opt/airflow/dags/salse2s3.py","lineno":7,"logger":"py.warnings"}
{"timestamp":"2025-10-16T17:26:46.948976Z","level":"warning","event":"The `airflow.hooks.base.BaseHook` attribute is deprecated. Please use `'airflow.sdk.bases.hook.BaseHook'`.","category":"DeprecatedImportWarning","filename":"/opt/airflow/dags/utilities/conections.py","lineno":4,"logger":"py.warnings"}
{"timestamp":"2025-10-16T17:27:17.404664Z","level":"info","event":"Filling up the DagBag from /opt/airflow/dags/salse2s3.py","logger":"airflow.models.dagbag.DagBag","filename":"dagbag.py","lineno":593}
{"timestamp":"2025-10-16T17:27:17.420802Z","level":"warning","event":"The `airflow.decorators.dag` attribute is deprecated. Please use `'airflow.sdk.dag'`.","category":"DeprecatedImportWarning","filename":"/opt/airflow/dags/salse2s3.py","lineno":7,"logger":"py.warnings"}
{"timestamp":"2025-10-16T17:27:17.420909Z","level":"warning","event":"The `airflow.decorators.task` attribute is deprecated. Please use `'airflow.sdk.task'`.","category":"DeprecatedImportWarning","filename":"/opt/airflow/dags/salse2s3.py","lineno":7,"logger":"py.warnings"}
{"timestamp":"2025-10-16T17:27:17.420958Z","level":"warning","event":"The `airflow.hooks.base.BaseHook` attribute is deprecated. Please use `'airflow.sdk.bases.hook.BaseHook'`.","category":"DeprecatedImportWarning","filename":"/opt/airflow/dags/utilities/conections.py","lineno":4,"logger":"py.warnings"}
{"timestamp":"2025-10-16T17:27:47.779326Z","level":"info","event":"Filling up the DagBag from /opt/airflow/dags/salse2s3.py","logger":"airflow.models.dagbag.DagBag","filename":"dagbag.py","lineno":593}
{"timestamp":"2025-10-16T17:27:47.795640Z","level":"warning","event":"The `airflow.decorators.dag` attribute is deprecated. Please use `'airflow.sdk.dag'`.","category":"DeprecatedImportWarning","filename":"/opt/airflow/dags/salse2s3.py","lineno":7,"logger":"py.warnings"}
{"timestamp":"2025-10-16T17:27:47.795836Z","level":"warning","event":"The `airflow.decorators.task` attribute is deprecated. Please use `'airflow.sdk.task'`.","category":"DeprecatedImportWarning","filename":"/opt/airflow/dags/salse2s3.py","lineno":7,"logger":"py.warnings"}
{"timestamp":"2025-10-16T17:27:47.795874Z","level":"warning","event":"The `airflow.hooks.base.BaseHook` attribute is deprecated. Please use `'airflow.sdk.bases.hook.BaseHook'`.","category":"DeprecatedImportWarning","filename":"/opt/airflow/dags/utilities/conections.py","lineno":4,"logger":"py.warnings"}
{"timestamp":"2025-10-16T17:28:18.158851Z","level":"info","event":"Filling up the DagBag from /opt/airflow/dags/salse2s3.py","logger":"airflow.models.dagbag.DagBag","filename":"dagbag.py","lineno":593}
{"timestamp":"2025-10-16T17:28:18.174924Z","level":"warning","event":"The `airflow.decorators.dag` attribute is deprecated. Please use `'airflow.sdk.dag'`.","category":"DeprecatedImportWarning","filename":"/opt/airflow/dags/salse2s3.py","lineno":7,"logger":"py.warnings"}
{"timestamp":"2025-10-16T17:28:18.174987Z","level":"warning","event":"The `airflow.decorators.task` attribute is deprecated. Please use `'airflow.sdk.task'`.","category":"DeprecatedImportWarning","filename":"/opt/airflow/dags/salse2s3.py","lineno":7,"logger":"py.warnings"}
{"timestamp":"2025-10-16T17:28:18.175019Z","level":"warning","event":"The `airflow.hooks.base.BaseHook` attribute is deprecated. Please use `'airflow.sdk.bases.hook.BaseHook'`.","category":"DeprecatedImportWarning","filename":"/opt/airflow/dags/utilities/conections.py","lineno":4,"logger":"py.warnings"}
{"timestamp":"2025-10-16T17:28:48.574128Z","level":"info","event":"Filling up the DagBag from /opt/airflow/dags/salse2s3.py","logger":"airflow.models.dagbag.DagBag","filename":"dagbag.py","lineno":593}
{"timestamp":"2025-10-16T17:28:48.585450Z","level":"warning","event":"The `airflow.decorators.dag` attribute is deprecated. Please use `'airflow.sdk.dag'`.","category":"DeprecatedImportWarning","filename":"/opt/airflow/dags/salse2s3.py","lineno":7,"logger":"py.warnings"}
{"timestamp":"2025-10-16T17:28:48.585509Z","level":"warning","event":"The `airflow.decorators.task` attribute is deprecated. Please use `'airflow.sdk.task'`.","category":"DeprecatedImportWarning","filename":"/opt/airflow/dags/salse2s3.py","lineno":7,"logger":"py.warnings"}
{"timestamp":"2025-10-16T17:28:48.585536Z","level":"warning","event":"The `airflow.hooks.base.BaseHook` attribute is deprecated. Please use `'airflow.sdk.bases.hook.BaseHook'`.","category":"DeprecatedImportWarning","filename":"/opt/airflow/dags/utilities/conections.py","lineno":4,"logger":"py.warnings"}
{"timestamp":"2025-10-16T17:29:18.995545Z","level":"info","event":"Filling up the DagBag from /opt/airflow/dags/salse2s3.py","logger":"airflow.models.dagbag.DagBag","filename":"dagbag.py","lineno":593}
{"timestamp":"2025-10-16T17:29:19.009062Z","level":"warning","event":"The `airflow.decorators.dag` attribute is deprecated. Please use `'airflow.sdk.dag'`.","category":"DeprecatedImportWarning","filename":"/opt/airflow/dags/salse2s3.py","lineno":7,"logger":"py.warnings"}
{"timestamp":"2025-10-16T17:29:19.009129Z","level":"warning","event":"The `airflow.decorators.task` attribute is deprecated. Please use `'airflow.sdk.task'`.","category":"DeprecatedImportWarning","filename":"/opt/airflow/dags/salse2s3.py","lineno":7,"logger":"py.warnings"}
{"timestamp":"2025-10-16T17:29:19.009165Z","level":"warning","event":"The `airflow.hooks.base.BaseHook` attribute is deprecated. Please use `'airflow.sdk.bases.hook.BaseHook'`.","category":"DeprecatedImportWarning","filename":"/opt/airflow/dags/utilities/conections.py","lineno":4,"logger":"py.warnings"}
{"timestamp":"2025-10-16T17:29:22.088924Z","level":"info","event":"Filling up the DagBag from /opt/airflow/dags/salse2s3.py","logger":"airflow.models.dagbag.DagBag","filename":"dagbag.py","lineno":593}
{"timestamp":"2025-10-16T17:29:22.094082Z","level":"error","event":"Failed to import: /opt/airflow/dags/salse2s3.py","logger":"airflow.models.dagbag.DagBag","filename":"dagbag.py","lineno":415,"error_detail":[{"exc_type":"SyntaxError","exc_value":"invalid syntax (salse2s3.py, line 7)","exc_notes":[],"syntax_error":{"offset":12,"filename":"/opt/airflow/dags/salse2s3.py","line":"from apache-airflow.decorators import dag, task\n","lineno":7,"msg":"invalid syntax"},"is_cause":false,"frames":[{"filename":"/home/airflow/.local/lib/python3.12/site-packages/airflow/models/dagbag.py","lineno":405,"name":"parse"},{"filename":"<frozen importlib._bootstrap_external>","lineno":995,"name":"exec_module"},{"filename":"<frozen importlib._bootstrap_external>","lineno":1133,"name":"get_code"},{"filename":"<frozen importlib._bootstrap_external>","lineno":1063,"name":"source_to_code"},{"filename":"<frozen importlib._bootstrap>","lineno":488,"name":"_call_with_frames_removed"}],"is_group":false,"exceptions":[]}]}
{"timestamp":"2025-10-16T17:29:28.200607Z","level":"info","event":"Filling up the DagBag from /opt/airflow/dags/salse2s3.py","logger":"airflow.models.dagbag.DagBag","filename":"dagbag.py","lineno":593}
{"timestamp":"2025-10-16T17:29:28.217394Z","level":"warning","event":"The `airflow.decorators.dag` attribute is deprecated. Please use `'airflow.sdk.dag'`.","category":"DeprecatedImportWarning","filename":"/opt/airflow/dags/salse2s3.py","lineno":7,"logger":"py.warnings"}
{"timestamp":"2025-10-16T17:29:28.217465Z","level":"warning","event":"The `airflow.decorators.task` attribute is deprecated. Please use `'airflow.sdk.task'`.","category":"DeprecatedImportWarning","filename":"/opt/airflow/dags/salse2s3.py","lineno":7,"logger":"py.warnings"}
{"timestamp":"2025-10-16T17:29:28.217503Z","level":"warning","event":"The `airflow.hooks.base.BaseHook` attribute is deprecated. Please use `'airflow.sdk.bases.hook.BaseHook'`.","category":"DeprecatedImportWarning","filename":"/opt/airflow/dags/utilities/conections.py","lineno":4,"logger":"py.warnings"}
{"timestamp":"2025-10-16T17:29:58.587239Z","level":"info","event":"Filling up the DagBag from /opt/airflow/dags/salse2s3.py","logger":"airflow.models.dagbag.DagBag","filename":"dagbag.py","lineno":593}
{"timestamp":"2025-10-16T17:29:58.606108Z","level":"warning","event":"The `airflow.decorators.dag` attribute is deprecated. Please use `'airflow.sdk.dag'`.","category":"DeprecatedImportWarning","filename":"/opt/airflow/dags/salse2s3.py","lineno":7,"logger":"py.warnings"}
{"timestamp":"2025-10-16T17:29:58.606323Z","level":"warning","event":"The `airflow.decorators.task` attribute is deprecated. Please use `'airflow.sdk.task'`.","category":"DeprecatedImportWarning","filename":"/opt/airflow/dags/salse2s3.py","lineno":7,"logger":"py.warnings"}
{"timestamp":"2025-10-16T17:29:58.606361Z","level":"warning","event":"The `airflow.hooks.base.BaseHook` attribute is deprecated. Please use `'airflow.sdk.bases.hook.BaseHook'`.","category":"DeprecatedImportWarning","filename":"/opt/airflow/dags/utilities/conections.py","lineno":4,"logger":"py.warnings"}
{"timestamp":"2025-10-16T17:30:00.658344Z","level":"info","event":"Filling up the DagBag from /opt/airflow/dags/salse2s3.py","logger":"airflow.models.dagbag.DagBag","filename":"dagbag.py","lineno":593}
{"timestamp":"2025-10-16T17:30:00.663220Z","level":"error","event":"Failed to import: /opt/airflow/dags/salse2s3.py","logger":"airflow.models.dagbag.DagBag","filename":"dagbag.py","lineno":415,"error_detail":[{"exc_type":"SyntaxError","exc_value":"invalid syntax (salse2s3.py, line 7)","exc_notes":[],"syntax_error":{"offset":10,"filename":"/opt/airflow/dags/salse2s3.py","line":"from pip freezeairflow.decorators import dag, task\n","lineno":7,"msg":"invalid syntax"},"is_cause":false,"frames":[{"filename":"/home/airflow/.local/lib/python3.12/site-packages/airflow/models/dagbag.py","lineno":405,"name":"parse"},{"filename":"<frozen importlib._bootstrap_external>","lineno":995,"name":"exec_module"},{"filename":"<frozen importlib._bootstrap_external>","lineno":1133,"name":"get_code"},{"filename":"<frozen importlib._bootstrap_external>","lineno":1063,"name":"source_to_code"},{"filename":"<frozen importlib._bootstrap>","lineno":488,"name":"_call_with_frames_removed"}],"is_group":false,"exceptions":[]}]}
{"timestamp":"2025-10-16T17:30:04.755485Z","level":"info","event":"Filling up the DagBag from /opt/airflow/dags/salse2s3.py","logger":"airflow.models.dagbag.DagBag","filename":"dagbag.py","lineno":593}
{"timestamp":"2025-10-16T17:30:04.769660Z","level":"warning","event":"The `airflow.decorators.dag` attribute is deprecated. Please use `'airflow.sdk.dag'`.","category":"DeprecatedImportWarning","filename":"/opt/airflow/dags/salse2s3.py","lineno":7,"logger":"py.warnings"}
{"timestamp":"2025-10-16T17:30:04.769750Z","level":"warning","event":"The `airflow.decorators.task` attribute is deprecated. Please use `'airflow.sdk.task'`.","category":"DeprecatedImportWarning","filename":"/opt/airflow/dags/salse2s3.py","lineno":7,"logger":"py.warnings"}
{"timestamp":"2025-10-16T17:30:04.769787Z","level":"warning","event":"The `airflow.hooks.base.BaseHook` attribute is deprecated. Please use `'airflow.sdk.bases.hook.BaseHook'`.","category":"DeprecatedImportWarning","filename":"/opt/airflow/dags/utilities/conections.py","lineno":4,"logger":"py.warnings"}
{"timestamp":"2025-10-16T17:30:35.189142Z","level":"info","event":"Filling up the DagBag from /opt/airflow/dags/salse2s3.py","logger":"airflow.models.dagbag.DagBag","filename":"dagbag.py","lineno":593}
{"timestamp":"2025-10-16T17:30:35.203908Z","level":"warning","event":"The `airflow.decorators.dag` attribute is deprecated. Please use `'airflow.sdk.dag'`.","category":"DeprecatedImportWarning","filename":"/opt/airflow/dags/salse2s3.py","lineno":7,"logger":"py.warnings"}
{"timestamp":"2025-10-16T17:30:35.203976Z","level":"warning","event":"The `airflow.decorators.task` attribute is deprecated. Please use `'airflow.sdk.task'`.","category":"DeprecatedImportWarning","filename":"/opt/airflow/dags/salse2s3.py","lineno":7,"logger":"py.warnings"}
{"timestamp":"2025-10-16T17:30:35.204015Z","level":"warning","event":"The `airflow.hooks.base.BaseHook` attribute is deprecated. Please use `'airflow.sdk.bases.hook.BaseHook'`.","category":"DeprecatedImportWarning","filename":"/opt/airflow/dags/utilities/conections.py","lineno":4,"logger":"py.warnings"}
{"timestamp":"2025-10-16T17:31:05.638420Z","level":"info","event":"Filling up the DagBag from /opt/airflow/dags/salse2s3.py","logger":"airflow.models.dagbag.DagBag","filename":"dagbag.py","lineno":593}
{"timestamp":"2025-10-16T17:31:05.651422Z","level":"warning","event":"The `airflow.decorators.dag` attribute is deprecated. Please use `'airflow.sdk.dag'`.","category":"DeprecatedImportWarning","filename":"/opt/airflow/dags/salse2s3.py","lineno":7,"logger":"py.warnings"}
{"timestamp":"2025-10-16T17:31:05.651648Z","level":"warning","event":"The `airflow.decorators.task` attribute is deprecated. Please use `'airflow.sdk.task'`.","category":"DeprecatedImportWarning","filename":"/opt/airflow/dags/salse2s3.py","lineno":7,"logger":"py.warnings"}
{"timestamp":"2025-10-16T17:31:05.651691Z","level":"warning","event":"The `airflow.hooks.base.BaseHook` attribute is deprecated. Please use `'airflow.sdk.bases.hook.BaseHook'`.","category":"DeprecatedImportWarning","filename":"/opt/airflow/dags/utilities/conections.py","lineno":4,"logger":"py.warnings"}
{"timestamp":"2025-10-16T17:31:36.045626Z","level":"info","event":"Filling up the DagBag from /opt/airflow/dags/salse2s3.py","logger":"airflow.models.dagbag.DagBag","filename":"dagbag.py","lineno":593}
{"timestamp":"2025-10-16T17:31:36.060232Z","level":"warning","event":"The `airflow.decorators.dag` attribute is deprecated. Please use `'airflow.sdk.dag'`.","category":"DeprecatedImportWarning","filename":"/opt/airflow/dags/salse2s3.py","lineno":7,"logger":"py.warnings"}
{"timestamp":"2025-10-16T17:31:36.060293Z","level":"warning","event":"The `airflow.decorators.task` attribute is deprecated. Please use `'airflow.sdk.task'`.","category":"DeprecatedImportWarning","filename":"/opt/airflow/dags/salse2s3.py","lineno":7,"logger":"py.warnings"}
{"timestamp":"2025-10-16T17:31:36.060326Z","level":"warning","event":"The `airflow.hooks.base.BaseHook` attribute is deprecated. Please use `'airflow.sdk.bases.hook.BaseHook'`.","category":"DeprecatedImportWarning","filename":"/opt/airflow/dags/utilities/conections.py","lineno":4,"logger":"py.warnings"}
{"timestamp":"2025-10-16T17:32:06.443187Z","level":"info","event":"Filling up the DagBag from /opt/airflow/dags/salse2s3.py","logger":"airflow.models.dagbag.DagBag","filename":"dagbag.py","lineno":593}
{"timestamp":"2025-10-16T17:32:06.468949Z","level":"warning","event":"The `airflow.decorators.dag` attribute is deprecated. Please use `'airflow.sdk.dag'`.","category":"DeprecatedImportWarning","filename":"/opt/airflow/dags/salse2s3.py","lineno":7,"logger":"py.warnings"}
{"timestamp":"2025-10-16T17:32:06.469040Z","level":"warning","event":"The `airflow.decorators.task` attribute is deprecated. Please use `'airflow.sdk.task'`.","category":"DeprecatedImportWarning","filename":"/opt/airflow/dags/salse2s3.py","lineno":7,"logger":"py.warnings"}
{"timestamp":"2025-10-16T17:32:06.469084Z","level":"warning","event":"The `airflow.hooks.base.BaseHook` attribute is deprecated. Please use `'airflow.sdk.bases.hook.BaseHook'`.","category":"DeprecatedImportWarning","filename":"/opt/airflow/dags/utilities/conections.py","lineno":4,"logger":"py.warnings"}
{"timestamp":"2025-10-16T17:32:36.929145Z","level":"info","event":"Filling up the DagBag from /opt/airflow/dags/salse2s3.py","logger":"airflow.models.dagbag.DagBag","filename":"dagbag.py","lineno":593}
{"timestamp":"2025-10-16T17:32:36.942217Z","level":"warning","event":"The `airflow.decorators.dag` attribute is deprecated. Please use `'airflow.sdk.dag'`.","category":"DeprecatedImportWarning","filename":"/opt/airflow/dags/salse2s3.py","lineno":7,"logger":"py.warnings"}
{"timestamp":"2025-10-16T17:32:36.942298Z","level":"warning","event":"The `airflow.decorators.task` attribute is deprecated. Please use `'airflow.sdk.task'`.","category":"DeprecatedImportWarning","filename":"/opt/airflow/dags/salse2s3.py","lineno":7,"logger":"py.warnings"}
{"timestamp":"2025-10-16T17:32:36.942331Z","level":"warning","event":"The `airflow.hooks.base.BaseHook` attribute is deprecated. Please use `'airflow.sdk.bases.hook.BaseHook'`.","category":"DeprecatedImportWarning","filename":"/opt/airflow/dags/utilities/conections.py","lineno":4,"logger":"py.warnings"}
{"timestamp":"2025-10-16T17:33:07.427253Z","level":"info","event":"Filling up the DagBag from /opt/airflow/dags/salse2s3.py","logger":"airflow.models.dagbag.DagBag","filename":"dagbag.py","lineno":593}
{"timestamp":"2025-10-16T17:33:07.453667Z","level":"warning","event":"The `airflow.decorators.dag` attribute is deprecated. Please use `'airflow.sdk.dag'`.","category":"DeprecatedImportWarning","filename":"/opt/airflow/dags/salse2s3.py","lineno":7,"logger":"py.warnings"}
{"timestamp":"2025-10-16T17:33:07.453869Z","level":"warning","event":"The `airflow.decorators.task` attribute is deprecated. Please use `'airflow.sdk.task'`.","category":"DeprecatedImportWarning","filename":"/opt/airflow/dags/salse2s3.py","lineno":7,"logger":"py.warnings"}
{"timestamp":"2025-10-16T17:33:07.453901Z","level":"warning","event":"The `airflow.hooks.base.BaseHook` attribute is deprecated. Please use `'airflow.sdk.bases.hook.BaseHook'`.","category":"DeprecatedImportWarning","filename":"/opt/airflow/dags/utilities/conections.py","lineno":4,"logger":"py.warnings"}
{"timestamp":"2025-10-16T17:33:37.873186Z","level":"info","event":"Filling up the DagBag from /opt/airflow/dags/salse2s3.py","logger":"airflow.models.dagbag.DagBag","filename":"dagbag.py","lineno":593}
{"timestamp":"2025-10-16T17:33:37.884781Z","level":"warning","event":"The `airflow.decorators.dag` attribute is deprecated. Please use `'airflow.sdk.dag'`.","category":"DeprecatedImportWarning","filename":"/opt/airflow/dags/salse2s3.py","lineno":7,"logger":"py.warnings"}
{"timestamp":"2025-10-16T17:33:37.884843Z","level":"warning","event":"The `airflow.decorators.task` attribute is deprecated. Please use `'airflow.sdk.task'`.","category":"DeprecatedImportWarning","filename":"/opt/airflow/dags/salse2s3.py","lineno":7,"logger":"py.warnings"}
{"timestamp":"2025-10-16T17:33:37.884876Z","level":"warning","event":"The `airflow.hooks.base.BaseHook` attribute is deprecated. Please use `'airflow.sdk.bases.hook.BaseHook'`.","category":"DeprecatedImportWarning","filename":"/opt/airflow/dags/utilities/conections.py","lineno":4,"logger":"py.warnings"}
{"timestamp":"2025-10-16T17:34:08.318928Z","level":"info","event":"Filling up the DagBag from /opt/airflow/dags/salse2s3.py","logger":"airflow.models.dagbag.DagBag","filename":"dagbag.py","lineno":593}
{"timestamp":"2025-10-16T17:34:08.343427Z","level":"warning","event":"The `airflow.decorators.dag` attribute is deprecated. Please use `'airflow.sdk.dag'`.","category":"DeprecatedImportWarning","filename":"/opt/airflow/dags/salse2s3.py","lineno":7,"logger":"py.warnings"}
{"timestamp":"2025-10-16T17:34:08.343652Z","level":"warning","event":"The `airflow.decorators.task` attribute is deprecated. Please use `'airflow.sdk.task'`.","category":"DeprecatedImportWarning","filename":"/opt/airflow/dags/salse2s3.py","lineno":7,"logger":"py.warnings"}
{"timestamp":"2025-10-16T17:34:08.343685Z","level":"warning","event":"The `airflow.hooks.base.BaseHook` attribute is deprecated. Please use `'airflow.sdk.bases.hook.BaseHook'`.","category":"DeprecatedImportWarning","filename":"/opt/airflow/dags/utilities/conections.py","lineno":4,"logger":"py.warnings"}
{"timestamp":"2025-10-16T17:34:38.786638Z","level":"info","event":"Filling up the DagBag from /opt/airflow/dags/salse2s3.py","logger":"airflow.models.dagbag.DagBag","filename":"dagbag.py","lineno":593}
{"timestamp":"2025-10-16T17:34:38.809622Z","level":"warning","event":"The `airflow.decorators.dag` attribute is deprecated. Please use `'airflow.sdk.dag'`.","category":"DeprecatedImportWarning","filename":"/opt/airflow/dags/salse2s3.py","lineno":7,"logger":"py.warnings"}
{"timestamp":"2025-10-16T17:34:38.809759Z","level":"warning","event":"The `airflow.decorators.task` attribute is deprecated. Please use `'airflow.sdk.task'`.","category":"DeprecatedImportWarning","filename":"/opt/airflow/dags/salse2s3.py","lineno":7,"logger":"py.warnings"}
{"timestamp":"2025-10-16T17:34:38.809826Z","level":"warning","event":"The `airflow.hooks.base.BaseHook` attribute is deprecated. Please use `'airflow.sdk.bases.hook.BaseHook'`.","category":"DeprecatedImportWarning","filename":"/opt/airflow/dags/utilities/conections.py","lineno":4,"logger":"py.warnings"}
{"timestamp":"2025-10-16T17:35:09.243101Z","level":"info","event":"Filling up the DagBag from /opt/airflow/dags/salse2s3.py","logger":"airflow.models.dagbag.DagBag","filename":"dagbag.py","lineno":593}
{"timestamp":"2025-10-16T17:35:09.260944Z","level":"warning","event":"The `airflow.decorators.dag` attribute is deprecated. Please use `'airflow.sdk.dag'`.","category":"DeprecatedImportWarning","filename":"/opt/airflow/dags/salse2s3.py","lineno":7,"logger":"py.warnings"}
{"timestamp":"2025-10-16T17:35:09.261015Z","level":"warning","event":"The `airflow.decorators.task` attribute is deprecated. Please use `'airflow.sdk.task'`.","category":"DeprecatedImportWarning","filename":"/opt/airflow/dags/salse2s3.py","lineno":7,"logger":"py.warnings"}
{"timestamp":"2025-10-16T17:35:09.261050Z","level":"warning","event":"The `airflow.hooks.base.BaseHook` attribute is deprecated. Please use `'airflow.sdk.bases.hook.BaseHook'`.","category":"DeprecatedImportWarning","filename":"/opt/airflow/dags/utilities/conections.py","lineno":4,"logger":"py.warnings"}
{"timestamp":"2025-10-16T17:35:39.621891Z","level":"info","event":"Filling up the DagBag from /opt/airflow/dags/salse2s3.py","logger":"airflow.models.dagbag.DagBag","filename":"dagbag.py","lineno":593}
{"timestamp":"2025-10-16T17:35:39.636525Z","level":"warning","event":"The `airflow.decorators.dag` attribute is deprecated. Please use `'airflow.sdk.dag'`.","category":"DeprecatedImportWarning","filename":"/opt/airflow/dags/salse2s3.py","lineno":7,"logger":"py.warnings"}
{"timestamp":"2025-10-16T17:35:39.636710Z","level":"warning","event":"The `airflow.decorators.task` attribute is deprecated. Please use `'airflow.sdk.task'`.","category":"DeprecatedImportWarning","filename":"/opt/airflow/dags/salse2s3.py","lineno":7,"logger":"py.warnings"}
{"timestamp":"2025-10-16T17:35:39.636751Z","level":"warning","event":"The `airflow.hooks.base.BaseHook` attribute is deprecated. Please use `'airflow.sdk.bases.hook.BaseHook'`.","category":"DeprecatedImportWarning","filename":"/opt/airflow/dags/utilities/conections.py","lineno":4,"logger":"py.warnings"}
{"timestamp":"2025-10-16T17:36:10.057283Z","level":"info","event":"Filling up the DagBag from /opt/airflow/dags/salse2s3.py","logger":"airflow.models.dagbag.DagBag","filename":"dagbag.py","lineno":593}
{"timestamp":"2025-10-16T17:36:10.070686Z","level":"warning","event":"The `airflow.decorators.dag` attribute is deprecated. Please use `'airflow.sdk.dag'`.","category":"DeprecatedImportWarning","filename":"/opt/airflow/dags/salse2s3.py","lineno":7,"logger":"py.warnings"}
{"timestamp":"2025-10-16T17:36:10.070752Z","level":"warning","event":"The `airflow.decorators.task` attribute is deprecated. Please use `'airflow.sdk.task'`.","category":"DeprecatedImportWarning","filename":"/opt/airflow/dags/salse2s3.py","lineno":7,"logger":"py.warnings"}
{"timestamp":"2025-10-16T17:36:10.070787Z","level":"warning","event":"The `airflow.hooks.base.BaseHook` attribute is deprecated. Please use `'airflow.sdk.bases.hook.BaseHook'`.","category":"DeprecatedImportWarning","filename":"/opt/airflow/dags/utilities/conections.py","lineno":4,"logger":"py.warnings"}
{"timestamp":"2025-10-16T17:36:40.466032Z","level":"info","event":"Filling up the DagBag from /opt/airflow/dags/salse2s3.py","logger":"airflow.models.dagbag.DagBag","filename":"dagbag.py","lineno":593}
{"timestamp":"2025-10-16T17:36:40.478757Z","level":"warning","event":"The `airflow.decorators.dag` attribute is deprecated. Please use `'airflow.sdk.dag'`.","category":"DeprecatedImportWarning","filename":"/opt/airflow/dags/salse2s3.py","lineno":7,"logger":"py.warnings"}
{"timestamp":"2025-10-16T17:36:40.478964Z","level":"warning","event":"The `airflow.decorators.task` attribute is deprecated. Please use `'airflow.sdk.task'`.","category":"DeprecatedImportWarning","filename":"/opt/airflow/dags/salse2s3.py","lineno":7,"logger":"py.warnings"}
{"timestamp":"2025-10-16T17:36:40.479071Z","level":"warning","event":"The `airflow.hooks.base.BaseHook` attribute is deprecated. Please use `'airflow.sdk.bases.hook.BaseHook'`.","category":"DeprecatedImportWarning","filename":"/opt/airflow/dags/utilities/conections.py","lineno":4,"logger":"py.warnings"}
{"timestamp":"2025-10-16T17:37:10.909376Z","level":"info","event":"Filling up the DagBag from /opt/airflow/dags/salse2s3.py","logger":"airflow.models.dagbag.DagBag","filename":"dagbag.py","lineno":593}
{"timestamp":"2025-10-16T17:37:10.923416Z","level":"warning","event":"The `airflow.decorators.dag` attribute is deprecated. Please use `'airflow.sdk.dag'`.","category":"DeprecatedImportWarning","filename":"/opt/airflow/dags/salse2s3.py","lineno":7,"logger":"py.warnings"}
{"timestamp":"2025-10-16T17:37:10.923626Z","level":"warning","event":"The `airflow.decorators.task` attribute is deprecated. Please use `'airflow.sdk.task'`.","category":"DeprecatedImportWarning","filename":"/opt/airflow/dags/salse2s3.py","lineno":7,"logger":"py.warnings"}
{"timestamp":"2025-10-16T17:37:10.923669Z","level":"warning","event":"The `airflow.hooks.base.BaseHook` attribute is deprecated. Please use `'airflow.sdk.bases.hook.BaseHook'`.","category":"DeprecatedImportWarning","filename":"/opt/airflow/dags/utilities/conections.py","lineno":4,"logger":"py.warnings"}
{"timestamp":"2025-10-16T17:37:41.316567Z","level":"info","event":"Filling up the DagBag from /opt/airflow/dags/salse2s3.py","logger":"airflow.models.dagbag.DagBag","filename":"dagbag.py","lineno":593}
{"timestamp":"2025-10-16T17:37:41.331791Z","level":"warning","event":"The `airflow.decorators.dag` attribute is deprecated. Please use `'airflow.sdk.dag'`.","category":"DeprecatedImportWarning","filename":"/opt/airflow/dags/salse2s3.py","lineno":7,"logger":"py.warnings"}
{"timestamp":"2025-10-16T17:37:41.331958Z","level":"warning","event":"The `airflow.decorators.task` attribute is deprecated. Please use `'airflow.sdk.task'`.","category":"DeprecatedImportWarning","filename":"/opt/airflow/dags/salse2s3.py","lineno":7,"logger":"py.warnings"}
{"timestamp":"2025-10-16T17:37:41.331995Z","level":"warning","event":"The `airflow.hooks.base.BaseHook` attribute is deprecated. Please use `'airflow.sdk.bases.hook.BaseHook'`.","category":"DeprecatedImportWarning","filename":"/opt/airflow/dags/utilities/conections.py","lineno":4,"logger":"py.warnings"}
{"timestamp":"2025-10-16T17:38:11.760769Z","level":"info","event":"Filling up the DagBag from /opt/airflow/dags/salse2s3.py","logger":"airflow.models.dagbag.DagBag","filename":"dagbag.py","lineno":593}
{"timestamp":"2025-10-16T17:38:11.775529Z","level":"warning","event":"The `airflow.decorators.dag` attribute is deprecated. Please use `'airflow.sdk.dag'`.","category":"DeprecatedImportWarning","filename":"/opt/airflow/dags/salse2s3.py","lineno":7,"logger":"py.warnings"}
{"timestamp":"2025-10-16T17:38:11.775596Z","level":"warning","event":"The `airflow.decorators.task` attribute is deprecated. Please use `'airflow.sdk.task'`.","category":"DeprecatedImportWarning","filename":"/opt/airflow/dags/salse2s3.py","lineno":7,"logger":"py.warnings"}
{"timestamp":"2025-10-16T17:38:11.775632Z","level":"warning","event":"The `airflow.hooks.base.BaseHook` attribute is deprecated. Please use `'airflow.sdk.bases.hook.BaseHook'`.","category":"DeprecatedImportWarning","filename":"/opt/airflow/dags/utilities/conections.py","lineno":4,"logger":"py.warnings"}
{"timestamp":"2025-10-16T17:38:42.221133Z","level":"info","event":"Filling up the DagBag from /opt/airflow/dags/salse2s3.py","logger":"airflow.models.dagbag.DagBag","filename":"dagbag.py","lineno":593}
{"timestamp":"2025-10-16T17:38:42.231812Z","level":"warning","event":"The `airflow.decorators.dag` attribute is deprecated. Please use `'airflow.sdk.dag'`.","category":"DeprecatedImportWarning","filename":"/opt/airflow/dags/salse2s3.py","lineno":7,"logger":"py.warnings"}
{"timestamp":"2025-10-16T17:38:42.231978Z","level":"warning","event":"The `airflow.decorators.task` attribute is deprecated. Please use `'airflow.sdk.task'`.","category":"DeprecatedImportWarning","filename":"/opt/airflow/dags/salse2s3.py","lineno":7,"logger":"py.warnings"}
{"timestamp":"2025-10-16T17:38:42.232015Z","level":"warning","event":"The `airflow.hooks.base.BaseHook` attribute is deprecated. Please use `'airflow.sdk.bases.hook.BaseHook'`.","category":"DeprecatedImportWarning","filename":"/opt/airflow/dags/utilities/conections.py","lineno":4,"logger":"py.warnings"}
{"timestamp":"2025-10-16T17:39:12.628726Z","level":"info","event":"Filling up the DagBag from /opt/airflow/dags/salse2s3.py","logger":"airflow.models.dagbag.DagBag","filename":"dagbag.py","lineno":593}
{"timestamp":"2025-10-16T17:39:12.642928Z","level":"warning","event":"The `airflow.decorators.dag` attribute is deprecated. Please use `'airflow.sdk.dag'`.","category":"DeprecatedImportWarning","filename":"/opt/airflow/dags/salse2s3.py","lineno":7,"logger":"py.warnings"}
{"timestamp":"2025-10-16T17:39:12.642986Z","level":"warning","event":"The `airflow.decorators.task` attribute is deprecated. Please use `'airflow.sdk.task'`.","category":"DeprecatedImportWarning","filename":"/opt/airflow/dags/salse2s3.py","lineno":7,"logger":"py.warnings"}
{"timestamp":"2025-10-16T17:39:12.643015Z","level":"warning","event":"The `airflow.hooks.base.BaseHook` attribute is deprecated. Please use `'airflow.sdk.bases.hook.BaseHook'`.","category":"DeprecatedImportWarning","filename":"/opt/airflow/dags/utilities/conections.py","lineno":4,"logger":"py.warnings"}
{"timestamp":"2025-10-16T17:39:42.943527Z","level":"info","event":"Filling up the DagBag from /opt/airflow/dags/salse2s3.py","logger":"airflow.models.dagbag.DagBag","filename":"dagbag.py","lineno":593}
{"timestamp":"2025-10-16T17:39:42.955674Z","level":"warning","event":"The `airflow.decorators.dag` attribute is deprecated. Please use `'airflow.sdk.dag'`.","category":"DeprecatedImportWarning","filename":"/opt/airflow/dags/salse2s3.py","lineno":7,"logger":"py.warnings"}
{"timestamp":"2025-10-16T17:39:42.955729Z","level":"warning","event":"The `airflow.decorators.task` attribute is deprecated. Please use `'airflow.sdk.task'`.","category":"DeprecatedImportWarning","filename":"/opt/airflow/dags/salse2s3.py","lineno":7,"logger":"py.warnings"}
{"timestamp":"2025-10-16T17:39:42.955780Z","level":"warning","event":"The `airflow.hooks.base.BaseHook` attribute is deprecated. Please use `'airflow.sdk.bases.hook.BaseHook'`.","category":"DeprecatedImportWarning","filename":"/opt/airflow/dags/utilities/conections.py","lineno":4,"logger":"py.warnings"}
{"timestamp":"2025-10-16T17:40:13.444937Z","level":"info","event":"Filling up the DagBag from /opt/airflow/dags/salse2s3.py","logger":"airflow.models.dagbag.DagBag","filename":"dagbag.py","lineno":593}
{"timestamp":"2025-10-16T17:40:13.460292Z","level":"warning","event":"The `airflow.decorators.dag` attribute is deprecated. Please use `'airflow.sdk.dag'`.","category":"DeprecatedImportWarning","filename":"/opt/airflow/dags/salse2s3.py","lineno":7,"logger":"py.warnings"}
{"timestamp":"2025-10-16T17:40:13.460359Z","level":"warning","event":"The `airflow.decorators.task` attribute is deprecated. Please use `'airflow.sdk.task'`.","category":"DeprecatedImportWarning","filename":"/opt/airflow/dags/salse2s3.py","lineno":7,"logger":"py.warnings"}
{"timestamp":"2025-10-16T17:40:13.460395Z","level":"warning","event":"The `airflow.hooks.base.BaseHook` attribute is deprecated. Please use `'airflow.sdk.bases.hook.BaseHook'`.","category":"DeprecatedImportWarning","filename":"/opt/airflow/dags/utilities/conections.py","lineno":4,"logger":"py.warnings"}
{"timestamp":"2025-10-16T17:40:43.827879Z","level":"info","event":"Filling up the DagBag from /opt/airflow/dags/salse2s3.py","logger":"airflow.models.dagbag.DagBag","filename":"dagbag.py","lineno":593}
{"timestamp":"2025-10-16T17:40:43.841432Z","level":"warning","event":"The `airflow.decorators.dag` attribute is deprecated. Please use `'airflow.sdk.dag'`.","category":"DeprecatedImportWarning","filename":"/opt/airflow/dags/salse2s3.py","lineno":7,"logger":"py.warnings"}
{"timestamp":"2025-10-16T17:40:43.841499Z","level":"warning","event":"The `airflow.decorators.task` attribute is deprecated. Please use `'airflow.sdk.task'`.","category":"DeprecatedImportWarning","filename":"/opt/airflow/dags/salse2s3.py","lineno":7,"logger":"py.warnings"}
{"timestamp":"2025-10-16T17:40:43.841537Z","level":"warning","event":"The `airflow.hooks.base.BaseHook` attribute is deprecated. Please use `'airflow.sdk.bases.hook.BaseHook'`.","category":"DeprecatedImportWarning","filename":"/opt/airflow/dags/utilities/conections.py","lineno":4,"logger":"py.warnings"}
{"timestamp":"2025-10-16T17:41:14.255913Z","level":"info","event":"Filling up the DagBag from /opt/airflow/dags/salse2s3.py","logger":"airflow.models.dagbag.DagBag","filename":"dagbag.py","lineno":593}
{"timestamp":"2025-10-16T17:41:14.269250Z","level":"warning","event":"The `airflow.decorators.dag` attribute is deprecated. Please use `'airflow.sdk.dag'`.","category":"DeprecatedImportWarning","filename":"/opt/airflow/dags/salse2s3.py","lineno":7,"logger":"py.warnings"}
{"timestamp":"2025-10-16T17:41:14.269434Z","level":"warning","event":"The `airflow.decorators.task` attribute is deprecated. Please use `'airflow.sdk.task'`.","category":"DeprecatedImportWarning","filename":"/opt/airflow/dags/salse2s3.py","lineno":7,"logger":"py.warnings"}
{"timestamp":"2025-10-16T17:41:14.269474Z","level":"warning","event":"The `airflow.hooks.base.BaseHook` attribute is deprecated. Please use `'airflow.sdk.bases.hook.BaseHook'`.","category":"DeprecatedImportWarning","filename":"/opt/airflow/dags/utilities/conections.py","lineno":4,"logger":"py.warnings"}
{"timestamp":"2025-10-16T17:41:44.686427Z","level":"info","event":"Filling up the DagBag from /opt/airflow/dags/salse2s3.py","logger":"airflow.models.dagbag.DagBag","filename":"dagbag.py","lineno":593}
{"timestamp":"2025-10-16T17:41:44.698679Z","level":"warning","event":"The `airflow.decorators.dag` attribute is deprecated. Please use `'airflow.sdk.dag'`.","category":"DeprecatedImportWarning","filename":"/opt/airflow/dags/salse2s3.py","lineno":7,"logger":"py.warnings"}
{"timestamp":"2025-10-16T17:41:44.698857Z","level":"warning","event":"The `airflow.decorators.task` attribute is deprecated. Please use `'airflow.sdk.task'`.","category":"DeprecatedImportWarning","filename":"/opt/airflow/dags/salse2s3.py","lineno":7,"logger":"py.warnings"}
{"timestamp":"2025-10-16T17:41:44.698898Z","level":"warning","event":"The `airflow.hooks.base.BaseHook` attribute is deprecated. Please use `'airflow.sdk.bases.hook.BaseHook'`.","category":"DeprecatedImportWarning","filename":"/opt/airflow/dags/utilities/conections.py","lineno":4,"logger":"py.warnings"}
{"timestamp":"2025-10-16T17:42:15.098235Z","level":"info","event":"Filling up the DagBag from /opt/airflow/dags/salse2s3.py","logger":"airflow.models.dagbag.DagBag","filename":"dagbag.py","lineno":593}
{"timestamp":"2025-10-16T17:42:15.115156Z","level":"warning","event":"The `airflow.decorators.dag` attribute is deprecated. Please use `'airflow.sdk.dag'`.","category":"DeprecatedImportWarning","filename":"/opt/airflow/dags/salse2s3.py","lineno":7,"logger":"py.warnings"}
{"timestamp":"2025-10-16T17:42:15.115335Z","level":"warning","event":"The `airflow.decorators.task` attribute is deprecated. Please use `'airflow.sdk.task'`.","category":"DeprecatedImportWarning","filename":"/opt/airflow/dags/salse2s3.py","lineno":7,"logger":"py.warnings"}
{"timestamp":"2025-10-16T17:42:15.115368Z","level":"warning","event":"The `airflow.hooks.base.BaseHook` attribute is deprecated. Please use `'airflow.sdk.bases.hook.BaseHook'`.","category":"DeprecatedImportWarning","filename":"/opt/airflow/dags/utilities/conections.py","lineno":4,"logger":"py.warnings"}
{"timestamp":"2025-10-16T17:42:45.640672Z","level":"info","event":"Filling up the DagBag from /opt/airflow/dags/salse2s3.py","logger":"airflow.models.dagbag.DagBag","filename":"dagbag.py","lineno":593}
{"timestamp":"2025-10-16T17:42:45.661147Z","level":"warning","event":"The `airflow.decorators.dag` attribute is deprecated. Please use `'airflow.sdk.dag'`.","category":"DeprecatedImportWarning","filename":"/opt/airflow/dags/salse2s3.py","lineno":7,"logger":"py.warnings"}
{"timestamp":"2025-10-16T17:42:45.661212Z","level":"warning","event":"The `airflow.decorators.task` attribute is deprecated. Please use `'airflow.sdk.task'`.","category":"DeprecatedImportWarning","filename":"/opt/airflow/dags/salse2s3.py","lineno":7,"logger":"py.warnings"}
{"timestamp":"2025-10-16T17:42:45.661241Z","level":"warning","event":"The `airflow.hooks.base.BaseHook` attribute is deprecated. Please use `'airflow.sdk.bases.hook.BaseHook'`.","category":"DeprecatedImportWarning","filename":"/opt/airflow/dags/utilities/conections.py","lineno":4,"logger":"py.warnings"}
{"timestamp":"2025-10-16T17:43:16.128951Z","level":"info","event":"Filling up the DagBag from /opt/airflow/dags/salse2s3.py","logger":"airflow.models.dagbag.DagBag","filename":"dagbag.py","lineno":593}
{"timestamp":"2025-10-16T17:43:16.154443Z","level":"warning","event":"The `airflow.decorators.dag` attribute is deprecated. Please use `'airflow.sdk.dag'`.","category":"DeprecatedImportWarning","filename":"/opt/airflow/dags/salse2s3.py","lineno":7,"logger":"py.warnings"}
{"timestamp":"2025-10-16T17:43:16.155044Z","level":"warning","event":"The `airflow.decorators.task` attribute is deprecated. Please use `'airflow.sdk.task'`.","category":"DeprecatedImportWarning","filename":"/opt/airflow/dags/salse2s3.py","lineno":7,"logger":"py.warnings"}
{"timestamp":"2025-10-16T17:43:16.155227Z","level":"warning","event":"The `airflow.hooks.base.BaseHook` attribute is deprecated. Please use `'airflow.sdk.bases.hook.BaseHook'`.","category":"DeprecatedImportWarning","filename":"/opt/airflow/dags/utilities/conections.py","lineno":4,"logger":"py.warnings"}
{"timestamp":"2025-10-16T17:43:46.556414Z","level":"info","event":"Filling up the DagBag from /opt/airflow/dags/salse2s3.py","logger":"airflow.models.dagbag.DagBag","filename":"dagbag.py","lineno":593}
{"timestamp":"2025-10-16T17:43:46.577903Z","level":"warning","event":"The `airflow.decorators.dag` attribute is deprecated. Please use `'airflow.sdk.dag'`.","category":"DeprecatedImportWarning","filename":"/opt/airflow/dags/salse2s3.py","lineno":7,"logger":"py.warnings"}
{"timestamp":"2025-10-16T17:43:46.577987Z","level":"warning","event":"The `airflow.decorators.task` attribute is deprecated. Please use `'airflow.sdk.task'`.","category":"DeprecatedImportWarning","filename":"/opt/airflow/dags/salse2s3.py","lineno":7,"logger":"py.warnings"}
{"timestamp":"2025-10-16T17:43:46.578019Z","level":"warning","event":"The `airflow.hooks.base.BaseHook` attribute is deprecated. Please use `'airflow.sdk.bases.hook.BaseHook'`.","category":"DeprecatedImportWarning","filename":"/opt/airflow/dags/utilities/conections.py","lineno":4,"logger":"py.warnings"}
{"timestamp":"2025-10-16T17:44:17.049183Z","level":"info","event":"Filling up the DagBag from /opt/airflow/dags/salse2s3.py","logger":"airflow.models.dagbag.DagBag","filename":"dagbag.py","lineno":593}
{"timestamp":"2025-10-16T17:44:17.086572Z","level":"warning","event":"The `airflow.decorators.dag` attribute is deprecated. Please use `'airflow.sdk.dag'`.","category":"DeprecatedImportWarning","filename":"/opt/airflow/dags/salse2s3.py","lineno":7,"logger":"py.warnings"}
{"timestamp":"2025-10-16T17:44:17.086689Z","level":"warning","event":"The `airflow.decorators.task` attribute is deprecated. Please use `'airflow.sdk.task'`.","category":"DeprecatedImportWarning","filename":"/opt/airflow/dags/salse2s3.py","lineno":7,"logger":"py.warnings"}
{"timestamp":"2025-10-16T17:44:17.086722Z","level":"warning","event":"The `airflow.hooks.base.BaseHook` attribute is deprecated. Please use `'airflow.sdk.bases.hook.BaseHook'`.","category":"DeprecatedImportWarning","filename":"/opt/airflow/dags/utilities/conections.py","lineno":4,"logger":"py.warnings"}
{"timestamp":"2025-10-16T17:44:47.588615Z","level":"info","event":"Filling up the DagBag from /opt/airflow/dags/salse2s3.py","logger":"airflow.models.dagbag.DagBag","filename":"dagbag.py","lineno":593}
{"timestamp":"2025-10-16T17:44:47.635430Z","level":"warning","event":"The `airflow.decorators.dag` attribute is deprecated. Please use `'airflow.sdk.dag'`.","category":"DeprecatedImportWarning","filename":"/opt/airflow/dags/salse2s3.py","lineno":7,"logger":"py.warnings"}
{"timestamp":"2025-10-16T17:44:47.635524Z","level":"warning","event":"The `airflow.decorators.task` attribute is deprecated. Please use `'airflow.sdk.task'`.","category":"DeprecatedImportWarning","filename":"/opt/airflow/dags/salse2s3.py","lineno":7,"logger":"py.warnings"}
{"timestamp":"2025-10-16T17:44:47.635557Z","level":"warning","event":"The `airflow.hooks.base.BaseHook` attribute is deprecated. Please use `'airflow.sdk.bases.hook.BaseHook'`.","category":"DeprecatedImportWarning","filename":"/opt/airflow/dags/utilities/conections.py","lineno":4,"logger":"py.warnings"}
{"timestamp":"2025-10-16T17:45:18.099640Z","level":"info","event":"Filling up the DagBag from /opt/airflow/dags/salse2s3.py","logger":"airflow.models.dagbag.DagBag","filename":"dagbag.py","lineno":593}
{"timestamp":"2025-10-16T17:45:18.133513Z","level":"warning","event":"The `airflow.decorators.dag` attribute is deprecated. Please use `'airflow.sdk.dag'`.","category":"DeprecatedImportWarning","filename":"/opt/airflow/dags/salse2s3.py","lineno":7,"logger":"py.warnings"}
{"timestamp":"2025-10-16T17:45:18.133776Z","level":"warning","event":"The `airflow.decorators.task` attribute is deprecated. Please use `'airflow.sdk.task'`.","category":"DeprecatedImportWarning","filename":"/opt/airflow/dags/salse2s3.py","lineno":7,"logger":"py.warnings"}
{"timestamp":"2025-10-16T17:45:18.133811Z","level":"warning","event":"The `airflow.hooks.base.BaseHook` attribute is deprecated. Please use `'airflow.sdk.bases.hook.BaseHook'`.","category":"DeprecatedImportWarning","filename":"/opt/airflow/dags/utilities/conections.py","lineno":4,"logger":"py.warnings"}
{"timestamp":"2025-10-16T17:45:48.539642Z","level":"info","event":"Filling up the DagBag from /opt/airflow/dags/salse2s3.py","logger":"airflow.models.dagbag.DagBag","filename":"dagbag.py","lineno":593}
{"timestamp":"2025-10-16T17:45:48.555891Z","level":"warning","event":"The `airflow.decorators.dag` attribute is deprecated. Please use `'airflow.sdk.dag'`.","category":"DeprecatedImportWarning","filename":"/opt/airflow/dags/salse2s3.py","lineno":7,"logger":"py.warnings"}
{"timestamp":"2025-10-16T17:45:48.555959Z","level":"warning","event":"The `airflow.decorators.task` attribute is deprecated. Please use `'airflow.sdk.task'`.","category":"DeprecatedImportWarning","filename":"/opt/airflow/dags/salse2s3.py","lineno":7,"logger":"py.warnings"}
{"timestamp":"2025-10-16T17:45:48.555995Z","level":"warning","event":"The `airflow.hooks.base.BaseHook` attribute is deprecated. Please use `'airflow.sdk.bases.hook.BaseHook'`.","category":"DeprecatedImportWarning","filename":"/opt/airflow/dags/utilities/conections.py","lineno":4,"logger":"py.warnings"}
{"timestamp":"2025-10-16T17:46:19.007094Z","level":"info","event":"Filling up the DagBag from /opt/airflow/dags/salse2s3.py","logger":"airflow.models.dagbag.DagBag","filename":"dagbag.py","lineno":593}
{"timestamp":"2025-10-16T17:46:19.029142Z","level":"warning","event":"The `airflow.decorators.dag` attribute is deprecated. Please use `'airflow.sdk.dag'`.","category":"DeprecatedImportWarning","filename":"/opt/airflow/dags/salse2s3.py","lineno":7,"logger":"py.warnings"}
{"timestamp":"2025-10-16T17:46:19.029339Z","level":"warning","event":"The `airflow.decorators.task` attribute is deprecated. Please use `'airflow.sdk.task'`.","category":"DeprecatedImportWarning","filename":"/opt/airflow/dags/salse2s3.py","lineno":7,"logger":"py.warnings"}
{"timestamp":"2025-10-16T17:46:19.029386Z","level":"warning","event":"The `airflow.hooks.base.BaseHook` attribute is deprecated. Please use `'airflow.sdk.bases.hook.BaseHook'`.","category":"DeprecatedImportWarning","filename":"/opt/airflow/dags/utilities/conections.py","lineno":4,"logger":"py.warnings"}
{"timestamp":"2025-10-16T17:46:49.439461Z","level":"info","event":"Filling up the DagBag from /opt/airflow/dags/salse2s3.py","logger":"airflow.models.dagbag.DagBag","filename":"dagbag.py","lineno":593}
{"timestamp":"2025-10-16T17:46:49.458070Z","level":"warning","event":"The `airflow.decorators.dag` attribute is deprecated. Please use `'airflow.sdk.dag'`.","category":"DeprecatedImportWarning","filename":"/opt/airflow/dags/salse2s3.py","lineno":7,"logger":"py.warnings"}
{"timestamp":"2025-10-16T17:46:49.458141Z","level":"warning","event":"The `airflow.decorators.task` attribute is deprecated. Please use `'airflow.sdk.task'`.","category":"DeprecatedImportWarning","filename":"/opt/airflow/dags/salse2s3.py","lineno":7,"logger":"py.warnings"}
{"timestamp":"2025-10-16T17:46:49.458176Z","level":"warning","event":"The `airflow.hooks.base.BaseHook` attribute is deprecated. Please use `'airflow.sdk.bases.hook.BaseHook'`.","category":"DeprecatedImportWarning","filename":"/opt/airflow/dags/utilities/conections.py","lineno":4,"logger":"py.warnings"}
{"timestamp":"2025-10-16T17:47:19.831100Z","level":"info","event":"Filling up the DagBag from /opt/airflow/dags/salse2s3.py","logger":"airflow.models.dagbag.DagBag","filename":"dagbag.py","lineno":593}
{"timestamp":"2025-10-16T17:47:19.849477Z","level":"warning","event":"The `airflow.decorators.dag` attribute is deprecated. Please use `'airflow.sdk.dag'`.","category":"DeprecatedImportWarning","filename":"/opt/airflow/dags/salse2s3.py","lineno":7,"logger":"py.warnings"}
{"timestamp":"2025-10-16T17:47:19.849676Z","level":"warning","event":"The `airflow.decorators.task` attribute is deprecated. Please use `'airflow.sdk.task'`.","category":"DeprecatedImportWarning","filename":"/opt/airflow/dags/salse2s3.py","lineno":7,"logger":"py.warnings"}
{"timestamp":"2025-10-16T17:47:19.849711Z","level":"warning","event":"The `airflow.hooks.base.BaseHook` attribute is deprecated. Please use `'airflow.sdk.bases.hook.BaseHook'`.","category":"DeprecatedImportWarning","filename":"/opt/airflow/dags/utilities/conections.py","lineno":4,"logger":"py.warnings"}
{"timestamp":"2025-10-16T17:47:50.320855Z","level":"info","event":"Filling up the DagBag from /opt/airflow/dags/salse2s3.py","logger":"airflow.models.dagbag.DagBag","filename":"dagbag.py","lineno":593}
{"timestamp":"2025-10-16T17:47:50.343078Z","level":"warning","event":"The `airflow.decorators.dag` attribute is deprecated. Please use `'airflow.sdk.dag'`.","category":"DeprecatedImportWarning","filename":"/opt/airflow/dags/salse2s3.py","lineno":7,"logger":"py.warnings"}
{"timestamp":"2025-10-16T17:47:50.343156Z","level":"warning","event":"The `airflow.decorators.task` attribute is deprecated. Please use `'airflow.sdk.task'`.","category":"DeprecatedImportWarning","filename":"/opt/airflow/dags/salse2s3.py","lineno":7,"logger":"py.warnings"}
{"timestamp":"2025-10-16T17:47:50.343186Z","level":"warning","event":"The `airflow.hooks.base.BaseHook` attribute is deprecated. Please use `'airflow.sdk.bases.hook.BaseHook'`.","category":"DeprecatedImportWarning","filename":"/opt/airflow/dags/utilities/conections.py","lineno":4,"logger":"py.warnings"}
{"timestamp":"2025-10-16T17:48:20.772320Z","level":"info","event":"Filling up the DagBag from /opt/airflow/dags/salse2s3.py","logger":"airflow.models.dagbag.DagBag","filename":"dagbag.py","lineno":593}
{"timestamp":"2025-10-16T17:48:20.786719Z","level":"warning","event":"The `airflow.decorators.dag` attribute is deprecated. Please use `'airflow.sdk.dag'`.","category":"DeprecatedImportWarning","filename":"/opt/airflow/dags/salse2s3.py","lineno":7,"logger":"py.warnings"}
{"timestamp":"2025-10-16T17:48:20.786915Z","level":"warning","event":"The `airflow.decorators.task` attribute is deprecated. Please use `'airflow.sdk.task'`.","category":"DeprecatedImportWarning","filename":"/opt/airflow/dags/salse2s3.py","lineno":7,"logger":"py.warnings"}
{"timestamp":"2025-10-16T17:48:20.786959Z","level":"warning","event":"The `airflow.hooks.base.BaseHook` attribute is deprecated. Please use `'airflow.sdk.bases.hook.BaseHook'`.","category":"DeprecatedImportWarning","filename":"/opt/airflow/dags/utilities/conections.py","lineno":4,"logger":"py.warnings"}
{"timestamp":"2025-10-16T17:48:51.209232Z","level":"info","event":"Filling up the DagBag from /opt/airflow/dags/salse2s3.py","logger":"airflow.models.dagbag.DagBag","filename":"dagbag.py","lineno":593}
{"timestamp":"2025-10-16T17:48:51.229397Z","level":"warning","event":"The `airflow.decorators.dag` attribute is deprecated. Please use `'airflow.sdk.dag'`.","category":"DeprecatedImportWarning","filename":"/opt/airflow/dags/salse2s3.py","lineno":7,"logger":"py.warnings"}
{"timestamp":"2025-10-16T17:48:51.229600Z","level":"warning","event":"The `airflow.decorators.task` attribute is deprecated. Please use `'airflow.sdk.task'`.","category":"DeprecatedImportWarning","filename":"/opt/airflow/dags/salse2s3.py","lineno":7,"logger":"py.warnings"}
{"timestamp":"2025-10-16T17:48:51.229635Z","level":"warning","event":"The `airflow.hooks.base.BaseHook` attribute is deprecated. Please use `'airflow.sdk.bases.hook.BaseHook'`.","category":"DeprecatedImportWarning","filename":"/opt/airflow/dags/utilities/conections.py","lineno":4,"logger":"py.warnings"}
{"timestamp":"2025-10-16T17:49:21.619392Z","level":"info","event":"Filling up the DagBag from /opt/airflow/dags/salse2s3.py","logger":"airflow.models.dagbag.DagBag","filename":"dagbag.py","lineno":593}
{"timestamp":"2025-10-16T17:49:21.637040Z","level":"warning","event":"The `airflow.decorators.dag` attribute is deprecated. Please use `'airflow.sdk.dag'`.","category":"DeprecatedImportWarning","filename":"/opt/airflow/dags/salse2s3.py","lineno":7,"logger":"py.warnings"}
{"timestamp":"2025-10-16T17:49:21.637101Z","level":"warning","event":"The `airflow.decorators.task` attribute is deprecated. Please use `'airflow.sdk.task'`.","category":"DeprecatedImportWarning","filename":"/opt/airflow/dags/salse2s3.py","lineno":7,"logger":"py.warnings"}
{"timestamp":"2025-10-16T17:49:21.637130Z","level":"warning","event":"The `airflow.hooks.base.BaseHook` attribute is deprecated. Please use `'airflow.sdk.bases.hook.BaseHook'`.","category":"DeprecatedImportWarning","filename":"/opt/airflow/dags/utilities/conections.py","lineno":4,"logger":"py.warnings"}
{"timestamp":"2025-10-16T17:49:52.024337Z","level":"info","event":"Filling up the DagBag from /opt/airflow/dags/salse2s3.py","logger":"airflow.models.dagbag.DagBag","filename":"dagbag.py","lineno":593}
{"timestamp":"2025-10-16T17:49:52.037496Z","level":"warning","event":"The `airflow.decorators.dag` attribute is deprecated. Please use `'airflow.sdk.dag'`.","category":"DeprecatedImportWarning","filename":"/opt/airflow/dags/salse2s3.py","lineno":7,"logger":"py.warnings"}
{"timestamp":"2025-10-16T17:49:52.037563Z","level":"warning","event":"The `airflow.decorators.task` attribute is deprecated. Please use `'airflow.sdk.task'`.","category":"DeprecatedImportWarning","filename":"/opt/airflow/dags/salse2s3.py","lineno":7,"logger":"py.warnings"}
{"timestamp":"2025-10-16T17:49:52.037615Z","level":"warning","event":"The `airflow.hooks.base.BaseHook` attribute is deprecated. Please use `'airflow.sdk.bases.hook.BaseHook'`.","category":"DeprecatedImportWarning","filename":"/opt/airflow/dags/utilities/conections.py","lineno":4,"logger":"py.warnings"}
{"timestamp":"2025-10-16T17:50:22.454509Z","level":"info","event":"Filling up the DagBag from /opt/airflow/dags/salse2s3.py","logger":"airflow.models.dagbag.DagBag","filename":"dagbag.py","lineno":593}
{"timestamp":"2025-10-16T17:50:22.471989Z","level":"warning","event":"The `airflow.decorators.dag` attribute is deprecated. Please use `'airflow.sdk.dag'`.","category":"DeprecatedImportWarning","filename":"/opt/airflow/dags/salse2s3.py","lineno":7,"logger":"py.warnings"}
{"timestamp":"2025-10-16T17:50:22.472158Z","level":"warning","event":"The `airflow.decorators.task` attribute is deprecated. Please use `'airflow.sdk.task'`.","category":"DeprecatedImportWarning","filename":"/opt/airflow/dags/salse2s3.py","lineno":7,"logger":"py.warnings"}
{"timestamp":"2025-10-16T17:50:22.472193Z","level":"warning","event":"The `airflow.hooks.base.BaseHook` attribute is deprecated. Please use `'airflow.sdk.bases.hook.BaseHook'`.","category":"DeprecatedImportWarning","filename":"/opt/airflow/dags/utilities/conections.py","lineno":4,"logger":"py.warnings"}
{"timestamp":"2025-10-16T17:50:52.866146Z","level":"info","event":"Filling up the DagBag from /opt/airflow/dags/salse2s3.py","logger":"airflow.models.dagbag.DagBag","filename":"dagbag.py","lineno":593}
{"timestamp":"2025-10-16T17:50:52.884796Z","level":"warning","event":"The `airflow.decorators.dag` attribute is deprecated. Please use `'airflow.sdk.dag'`.","category":"DeprecatedImportWarning","filename":"/opt/airflow/dags/salse2s3.py","lineno":7,"logger":"py.warnings"}
{"timestamp":"2025-10-16T17:50:52.884866Z","level":"warning","event":"The `airflow.decorators.task` attribute is deprecated. Please use `'airflow.sdk.task'`.","category":"DeprecatedImportWarning","filename":"/opt/airflow/dags/salse2s3.py","lineno":7,"logger":"py.warnings"}
{"timestamp":"2025-10-16T17:50:52.884898Z","level":"warning","event":"The `airflow.hooks.base.BaseHook` attribute is deprecated. Please use `'airflow.sdk.bases.hook.BaseHook'`.","category":"DeprecatedImportWarning","filename":"/opt/airflow/dags/utilities/conections.py","lineno":4,"logger":"py.warnings"}
{"timestamp":"2025-10-16T17:51:23.266742Z","level":"info","event":"Filling up the DagBag from /opt/airflow/dags/salse2s3.py","logger":"airflow.models.dagbag.DagBag","filename":"dagbag.py","lineno":593}
{"timestamp":"2025-10-16T17:51:23.286727Z","level":"warning","event":"The `airflow.decorators.dag` attribute is deprecated. Please use `'airflow.sdk.dag'`.","category":"DeprecatedImportWarning","filename":"/opt/airflow/dags/salse2s3.py","lineno":7,"logger":"py.warnings"}
{"timestamp":"2025-10-16T17:51:23.286797Z","level":"warning","event":"The `airflow.decorators.task` attribute is deprecated. Please use `'airflow.sdk.task'`.","category":"DeprecatedImportWarning","filename":"/opt/airflow/dags/salse2s3.py","lineno":7,"logger":"py.warnings"}
{"timestamp":"2025-10-16T17:51:23.286827Z","level":"warning","event":"The `airflow.hooks.base.BaseHook` attribute is deprecated. Please use `'airflow.sdk.bases.hook.BaseHook'`.","category":"DeprecatedImportWarning","filename":"/opt/airflow/dags/utilities/conections.py","lineno":4,"logger":"py.warnings"}
{"timestamp":"2025-10-16T17:51:53.728974Z","level":"info","event":"Filling up the DagBag from /opt/airflow/dags/salse2s3.py","logger":"airflow.models.dagbag.DagBag","filename":"dagbag.py","lineno":593}
{"timestamp":"2025-10-16T17:51:53.755577Z","level":"warning","event":"The `airflow.decorators.dag` attribute is deprecated. Please use `'airflow.sdk.dag'`.","category":"DeprecatedImportWarning","filename":"/opt/airflow/dags/salse2s3.py","lineno":7,"logger":"py.warnings"}
{"timestamp":"2025-10-16T17:51:53.755696Z","level":"warning","event":"The `airflow.decorators.task` attribute is deprecated. Please use `'airflow.sdk.task'`.","category":"DeprecatedImportWarning","filename":"/opt/airflow/dags/salse2s3.py","lineno":7,"logger":"py.warnings"}
{"timestamp":"2025-10-16T17:51:53.755755Z","level":"warning","event":"The `airflow.hooks.base.BaseHook` attribute is deprecated. Please use `'airflow.sdk.bases.hook.BaseHook'`.","category":"DeprecatedImportWarning","filename":"/opt/airflow/dags/utilities/conections.py","lineno":4,"logger":"py.warnings"}
{"timestamp":"2025-10-16T17:52:24.137202Z","level":"info","event":"Filling up the DagBag from /opt/airflow/dags/salse2s3.py","logger":"airflow.models.dagbag.DagBag","filename":"dagbag.py","lineno":593}
{"timestamp":"2025-10-16T17:52:24.150472Z","level":"warning","event":"The `airflow.decorators.dag` attribute is deprecated. Please use `'airflow.sdk.dag'`.","category":"DeprecatedImportWarning","filename":"/opt/airflow/dags/salse2s3.py","lineno":7,"logger":"py.warnings"}
{"timestamp":"2025-10-16T17:52:24.150535Z","level":"warning","event":"The `airflow.decorators.task` attribute is deprecated. Please use `'airflow.sdk.task'`.","category":"DeprecatedImportWarning","filename":"/opt/airflow/dags/salse2s3.py","lineno":7,"logger":"py.warnings"}
{"timestamp":"2025-10-16T17:52:24.150568Z","level":"warning","event":"The `airflow.hooks.base.BaseHook` attribute is deprecated. Please use `'airflow.sdk.bases.hook.BaseHook'`.","category":"DeprecatedImportWarning","filename":"/opt/airflow/dags/utilities/conections.py","lineno":4,"logger":"py.warnings"}
{"timestamp":"2025-10-16T17:52:46.491850Z","level":"info","event":"Filling up the DagBag from /opt/airflow/dags/salse2s3.py","logger":"airflow.models.dagbag.DagBag","filename":"dagbag.py","lineno":593}
{"timestamp":"2025-10-16T17:52:46.512626Z","level":"warning","event":"The `airflow.decorators.dag` attribute is deprecated. Please use `'airflow.sdk.dag'`.","category":"DeprecatedImportWarning","filename":"/opt/airflow/dags/salse2s3.py","lineno":7,"logger":"py.warnings"}
{"timestamp":"2025-10-16T17:52:46.512694Z","level":"warning","event":"The `airflow.decorators.task` attribute is deprecated. Please use `'airflow.sdk.task'`.","category":"DeprecatedImportWarning","filename":"/opt/airflow/dags/salse2s3.py","lineno":7,"logger":"py.warnings"}
{"timestamp":"2025-10-16T17:52:46.512727Z","level":"warning","event":"The `airflow.hooks.base.BaseHook` attribute is deprecated. Please use `'airflow.sdk.bases.hook.BaseHook'`.","category":"DeprecatedImportWarning","filename":"/opt/airflow/dags/utilities/conections.py","lineno":4,"logger":"py.warnings"}
{"timestamp":"2025-10-16T17:53:16.938337Z","level":"info","event":"Filling up the DagBag from /opt/airflow/dags/salse2s3.py","logger":"airflow.models.dagbag.DagBag","filename":"dagbag.py","lineno":593}
{"timestamp":"2025-10-16T17:53:16.960872Z","level":"warning","event":"The `airflow.decorators.dag` attribute is deprecated. Please use `'airflow.sdk.dag'`.","category":"DeprecatedImportWarning","filename":"/opt/airflow/dags/salse2s3.py","lineno":7,"logger":"py.warnings"}
{"timestamp":"2025-10-16T17:53:16.960948Z","level":"warning","event":"The `airflow.decorators.task` attribute is deprecated. Please use `'airflow.sdk.task'`.","category":"DeprecatedImportWarning","filename":"/opt/airflow/dags/salse2s3.py","lineno":7,"logger":"py.warnings"}
{"timestamp":"2025-10-16T17:53:16.960980Z","level":"warning","event":"The `airflow.hooks.base.BaseHook` attribute is deprecated. Please use `'airflow.sdk.bases.hook.BaseHook'`.","category":"DeprecatedImportWarning","filename":"/opt/airflow/dags/utilities/conections.py","lineno":4,"logger":"py.warnings"}
{"timestamp":"2025-10-16T17:53:47.398402Z","level":"info","event":"Filling up the DagBag from /opt/airflow/dags/salse2s3.py","logger":"airflow.models.dagbag.DagBag","filename":"dagbag.py","lineno":593}
{"timestamp":"2025-10-16T17:53:47.430287Z","level":"warning","event":"The `airflow.decorators.dag` attribute is deprecated. Please use `'airflow.sdk.dag'`.","category":"DeprecatedImportWarning","filename":"/opt/airflow/dags/salse2s3.py","lineno":7,"logger":"py.warnings"}
{"timestamp":"2025-10-16T17:53:47.430372Z","level":"warning","event":"The `airflow.decorators.task` attribute is deprecated. Please use `'airflow.sdk.task'`.","category":"DeprecatedImportWarning","filename":"/opt/airflow/dags/salse2s3.py","lineno":7,"logger":"py.warnings"}
{"timestamp":"2025-10-16T17:53:47.430403Z","level":"warning","event":"The `airflow.hooks.base.BaseHook` attribute is deprecated. Please use `'airflow.sdk.bases.hook.BaseHook'`.","category":"DeprecatedImportWarning","filename":"/opt/airflow/dags/utilities/conections.py","lineno":4,"logger":"py.warnings"}
{"timestamp":"2025-10-16T17:54:17.844562Z","level":"info","event":"Filling up the DagBag from /opt/airflow/dags/salse2s3.py","logger":"airflow.models.dagbag.DagBag","filename":"dagbag.py","lineno":593}
{"timestamp":"2025-10-16T17:54:17.857365Z","level":"warning","event":"The `airflow.decorators.dag` attribute is deprecated. Please use `'airflow.sdk.dag'`.","category":"DeprecatedImportWarning","filename":"/opt/airflow/dags/salse2s3.py","lineno":7,"logger":"py.warnings"}
{"timestamp":"2025-10-16T17:54:17.857430Z","level":"warning","event":"The `airflow.decorators.task` attribute is deprecated. Please use `'airflow.sdk.task'`.","category":"DeprecatedImportWarning","filename":"/opt/airflow/dags/salse2s3.py","lineno":7,"logger":"py.warnings"}
{"timestamp":"2025-10-16T17:54:17.857466Z","level":"warning","event":"The `airflow.hooks.base.BaseHook` attribute is deprecated. Please use `'airflow.sdk.bases.hook.BaseHook'`.","category":"DeprecatedImportWarning","filename":"/opt/airflow/dags/utilities/conections.py","lineno":4,"logger":"py.warnings"}
{"timestamp":"2025-10-16T17:54:48.263825Z","level":"info","event":"Filling up the DagBag from /opt/airflow/dags/salse2s3.py","logger":"airflow.models.dagbag.DagBag","filename":"dagbag.py","lineno":593}
{"timestamp":"2025-10-16T17:54:48.290405Z","level":"warning","event":"The `airflow.decorators.dag` attribute is deprecated. Please use `'airflow.sdk.dag'`.","category":"DeprecatedImportWarning","filename":"/opt/airflow/dags/salse2s3.py","lineno":7,"logger":"py.warnings"}
{"timestamp":"2025-10-16T17:54:48.290692Z","level":"warning","event":"The `airflow.decorators.task` attribute is deprecated. Please use `'airflow.sdk.task'`.","category":"DeprecatedImportWarning","filename":"/opt/airflow/dags/salse2s3.py","lineno":7,"logger":"py.warnings"}
{"timestamp":"2025-10-16T17:54:48.290729Z","level":"warning","event":"The `airflow.hooks.base.BaseHook` attribute is deprecated. Please use `'airflow.sdk.bases.hook.BaseHook'`.","category":"DeprecatedImportWarning","filename":"/opt/airflow/dags/utilities/conections.py","lineno":4,"logger":"py.warnings"}
{"timestamp":"2025-10-16T17:55:18.720551Z","level":"info","event":"Filling up the DagBag from /opt/airflow/dags/salse2s3.py","logger":"airflow.models.dagbag.DagBag","filename":"dagbag.py","lineno":593}
{"timestamp":"2025-10-16T17:55:18.731325Z","level":"warning","event":"The `airflow.decorators.dag` attribute is deprecated. Please use `'airflow.sdk.dag'`.","category":"DeprecatedImportWarning","filename":"/opt/airflow/dags/salse2s3.py","lineno":7,"logger":"py.warnings"}
{"timestamp":"2025-10-16T17:55:18.731383Z","level":"warning","event":"The `airflow.decorators.task` attribute is deprecated. Please use `'airflow.sdk.task'`.","category":"DeprecatedImportWarning","filename":"/opt/airflow/dags/salse2s3.py","lineno":7,"logger":"py.warnings"}
{"timestamp":"2025-10-16T17:55:18.731413Z","level":"warning","event":"The `airflow.hooks.base.BaseHook` attribute is deprecated. Please use `'airflow.sdk.bases.hook.BaseHook'`.","category":"DeprecatedImportWarning","filename":"/opt/airflow/dags/utilities/conections.py","lineno":4,"logger":"py.warnings"}
{"timestamp":"2025-10-16T17:55:49.091706Z","level":"info","event":"Filling up the DagBag from /opt/airflow/dags/salse2s3.py","logger":"airflow.models.dagbag.DagBag","filename":"dagbag.py","lineno":593}
{"timestamp":"2025-10-16T17:55:49.104150Z","level":"warning","event":"The `airflow.decorators.dag` attribute is deprecated. Please use `'airflow.sdk.dag'`.","category":"DeprecatedImportWarning","filename":"/opt/airflow/dags/salse2s3.py","lineno":7,"logger":"py.warnings"}
{"timestamp":"2025-10-16T17:55:49.104211Z","level":"warning","event":"The `airflow.decorators.task` attribute is deprecated. Please use `'airflow.sdk.task'`.","category":"DeprecatedImportWarning","filename":"/opt/airflow/dags/salse2s3.py","lineno":7,"logger":"py.warnings"}
{"timestamp":"2025-10-16T17:55:49.104245Z","level":"warning","event":"The `airflow.hooks.base.BaseHook` attribute is deprecated. Please use `'airflow.sdk.bases.hook.BaseHook'`.","category":"DeprecatedImportWarning","filename":"/opt/airflow/dags/utilities/conections.py","lineno":4,"logger":"py.warnings"}
{"timestamp":"2025-10-16T17:56:19.479407Z","level":"info","event":"Filling up the DagBag from /opt/airflow/dags/salse2s3.py","logger":"airflow.models.dagbag.DagBag","filename":"dagbag.py","lineno":593}
{"timestamp":"2025-10-16T17:56:19.495081Z","level":"warning","event":"The `airflow.decorators.dag` attribute is deprecated. Please use `'airflow.sdk.dag'`.","category":"DeprecatedImportWarning","filename":"/opt/airflow/dags/salse2s3.py","lineno":7,"logger":"py.warnings"}
{"timestamp":"2025-10-16T17:56:19.495147Z","level":"warning","event":"The `airflow.decorators.task` attribute is deprecated. Please use `'airflow.sdk.task'`.","category":"DeprecatedImportWarning","filename":"/opt/airflow/dags/salse2s3.py","lineno":7,"logger":"py.warnings"}
{"timestamp":"2025-10-16T17:56:19.495180Z","level":"warning","event":"The `airflow.hooks.base.BaseHook` attribute is deprecated. Please use `'airflow.sdk.bases.hook.BaseHook'`.","category":"DeprecatedImportWarning","filename":"/opt/airflow/dags/utilities/conections.py","lineno":4,"logger":"py.warnings"}
{"timestamp":"2025-10-16T17:56:49.902630Z","level":"info","event":"Filling up the DagBag from /opt/airflow/dags/salse2s3.py","logger":"airflow.models.dagbag.DagBag","filename":"dagbag.py","lineno":593}
{"timestamp":"2025-10-16T17:56:49.916244Z","level":"warning","event":"The `airflow.decorators.dag` attribute is deprecated. Please use `'airflow.sdk.dag'`.","category":"DeprecatedImportWarning","filename":"/opt/airflow/dags/salse2s3.py","lineno":7,"logger":"py.warnings"}
{"timestamp":"2025-10-16T17:56:49.916314Z","level":"warning","event":"The `airflow.decorators.task` attribute is deprecated. Please use `'airflow.sdk.task'`.","category":"DeprecatedImportWarning","filename":"/opt/airflow/dags/salse2s3.py","lineno":7,"logger":"py.warnings"}
{"timestamp":"2025-10-16T17:56:49.916351Z","level":"warning","event":"The `airflow.hooks.base.BaseHook` attribute is deprecated. Please use `'airflow.sdk.bases.hook.BaseHook'`.","category":"DeprecatedImportWarning","filename":"/opt/airflow/dags/utilities/conections.py","lineno":4,"logger":"py.warnings"}
{"timestamp":"2025-10-16T17:57:20.288613Z","level":"info","event":"Filling up the DagBag from /opt/airflow/dags/salse2s3.py","logger":"airflow.models.dagbag.DagBag","filename":"dagbag.py","lineno":593}
{"timestamp":"2025-10-16T17:57:20.303067Z","level":"warning","event":"The `airflow.decorators.dag` attribute is deprecated. Please use `'airflow.sdk.dag'`.","category":"DeprecatedImportWarning","filename":"/opt/airflow/dags/salse2s3.py","lineno":7,"logger":"py.warnings"}
{"timestamp":"2025-10-16T17:57:20.303128Z","level":"warning","event":"The `airflow.decorators.task` attribute is deprecated. Please use `'airflow.sdk.task'`.","category":"DeprecatedImportWarning","filename":"/opt/airflow/dags/salse2s3.py","lineno":7,"logger":"py.warnings"}
{"timestamp":"2025-10-16T17:57:20.303160Z","level":"warning","event":"The `airflow.hooks.base.BaseHook` attribute is deprecated. Please use `'airflow.sdk.bases.hook.BaseHook'`.","category":"DeprecatedImportWarning","filename":"/opt/airflow/dags/utilities/conections.py","lineno":4,"logger":"py.warnings"}
{"timestamp":"2025-10-16T17:57:50.705366Z","level":"info","event":"Filling up the DagBag from /opt/airflow/dags/salse2s3.py","logger":"airflow.models.dagbag.DagBag","filename":"dagbag.py","lineno":593}
{"timestamp":"2025-10-16T17:57:50.716722Z","level":"warning","event":"The `airflow.decorators.dag` attribute is deprecated. Please use `'airflow.sdk.dag'`.","category":"DeprecatedImportWarning","filename":"/opt/airflow/dags/salse2s3.py","lineno":7,"logger":"py.warnings"}
{"timestamp":"2025-10-16T17:57:50.716786Z","level":"warning","event":"The `airflow.decorators.task` attribute is deprecated. Please use `'airflow.sdk.task'`.","category":"DeprecatedImportWarning","filename":"/opt/airflow/dags/salse2s3.py","lineno":7,"logger":"py.warnings"}
{"timestamp":"2025-10-16T17:57:50.716820Z","level":"warning","event":"The `airflow.hooks.base.BaseHook` attribute is deprecated. Please use `'airflow.sdk.bases.hook.BaseHook'`.","category":"DeprecatedImportWarning","filename":"/opt/airflow/dags/utilities/conections.py","lineno":4,"logger":"py.warnings"}
{"timestamp":"2025-10-16T17:58:21.117363Z","level":"info","event":"Filling up the DagBag from /opt/airflow/dags/salse2s3.py","logger":"airflow.models.dagbag.DagBag","filename":"dagbag.py","lineno":593}
{"timestamp":"2025-10-16T17:58:21.136030Z","level":"warning","event":"The `airflow.decorators.dag` attribute is deprecated. Please use `'airflow.sdk.dag'`.","category":"DeprecatedImportWarning","filename":"/opt/airflow/dags/salse2s3.py","lineno":7,"logger":"py.warnings"}
{"timestamp":"2025-10-16T17:58:21.136105Z","level":"warning","event":"The `airflow.decorators.task` attribute is deprecated. Please use `'airflow.sdk.task'`.","category":"DeprecatedImportWarning","filename":"/opt/airflow/dags/salse2s3.py","lineno":7,"logger":"py.warnings"}
{"timestamp":"2025-10-16T17:58:21.136134Z","level":"warning","event":"The `airflow.hooks.base.BaseHook` attribute is deprecated. Please use `'airflow.sdk.bases.hook.BaseHook'`.","category":"DeprecatedImportWarning","filename":"/opt/airflow/dags/utilities/conections.py","lineno":4,"logger":"py.warnings"}
{"timestamp":"2025-10-16T17:58:51.530008Z","level":"info","event":"Filling up the DagBag from /opt/airflow/dags/salse2s3.py","logger":"airflow.models.dagbag.DagBag","filename":"dagbag.py","lineno":593}
{"timestamp":"2025-10-16T17:58:51.542615Z","level":"warning","event":"The `airflow.decorators.dag` attribute is deprecated. Please use `'airflow.sdk.dag'`.","category":"DeprecatedImportWarning","filename":"/opt/airflow/dags/salse2s3.py","lineno":7,"logger":"py.warnings"}
{"timestamp":"2025-10-16T17:58:51.542809Z","level":"warning","event":"The `airflow.decorators.task` attribute is deprecated. Please use `'airflow.sdk.task'`.","category":"DeprecatedImportWarning","filename":"/opt/airflow/dags/salse2s3.py","lineno":7,"logger":"py.warnings"}
{"timestamp":"2025-10-16T17:58:51.542843Z","level":"warning","event":"The `airflow.hooks.base.BaseHook` attribute is deprecated. Please use `'airflow.sdk.bases.hook.BaseHook'`.","category":"DeprecatedImportWarning","filename":"/opt/airflow/dags/utilities/conections.py","lineno":4,"logger":"py.warnings"}
{"timestamp":"2025-10-16T17:59:21.992140Z","level":"info","event":"Filling up the DagBag from /opt/airflow/dags/salse2s3.py","logger":"airflow.models.dagbag.DagBag","filename":"dagbag.py","lineno":593}
{"timestamp":"2025-10-16T17:59:22.008999Z","level":"warning","event":"The `airflow.decorators.dag` attribute is deprecated. Please use `'airflow.sdk.dag'`.","category":"DeprecatedImportWarning","filename":"/opt/airflow/dags/salse2s3.py","lineno":7,"logger":"py.warnings"}
{"timestamp":"2025-10-16T17:59:22.009197Z","level":"warning","event":"The `airflow.decorators.task` attribute is deprecated. Please use `'airflow.sdk.task'`.","category":"DeprecatedImportWarning","filename":"/opt/airflow/dags/salse2s3.py","lineno":7,"logger":"py.warnings"}
{"timestamp":"2025-10-16T17:59:22.009233Z","level":"warning","event":"The `airflow.hooks.base.BaseHook` attribute is deprecated. Please use `'airflow.sdk.bases.hook.BaseHook'`.","category":"DeprecatedImportWarning","filename":"/opt/airflow/dags/utilities/conections.py","lineno":4,"logger":"py.warnings"}
{"timestamp":"2025-10-16T17:59:52.504951Z","level":"info","event":"Filling up the DagBag from /opt/airflow/dags/salse2s3.py","logger":"airflow.models.dagbag.DagBag","filename":"dagbag.py","lineno":593}
{"timestamp":"2025-10-16T17:59:52.520675Z","level":"warning","event":"The `airflow.decorators.dag` attribute is deprecated. Please use `'airflow.sdk.dag'`.","category":"DeprecatedImportWarning","filename":"/opt/airflow/dags/salse2s3.py","lineno":7,"logger":"py.warnings"}
{"timestamp":"2025-10-16T17:59:52.520852Z","level":"warning","event":"The `airflow.decorators.task` attribute is deprecated. Please use `'airflow.sdk.task'`.","category":"DeprecatedImportWarning","filename":"/opt/airflow/dags/salse2s3.py","lineno":7,"logger":"py.warnings"}
{"timestamp":"2025-10-16T17:59:52.520893Z","level":"warning","event":"The `airflow.hooks.base.BaseHook` attribute is deprecated. Please use `'airflow.sdk.bases.hook.BaseHook'`.","category":"DeprecatedImportWarning","filename":"/opt/airflow/dags/utilities/conections.py","lineno":4,"logger":"py.warnings"}
{"timestamp":"2025-10-16T18:00:22.991691Z","level":"info","event":"Filling up the DagBag from /opt/airflow/dags/salse2s3.py","logger":"airflow.models.dagbag.DagBag","filename":"dagbag.py","lineno":593}
{"timestamp":"2025-10-16T18:00:23.012942Z","level":"warning","event":"The `airflow.decorators.dag` attribute is deprecated. Please use `'airflow.sdk.dag'`.","category":"DeprecatedImportWarning","filename":"/opt/airflow/dags/salse2s3.py","lineno":7,"logger":"py.warnings"}
{"timestamp":"2025-10-16T18:00:23.013127Z","level":"warning","event":"The `airflow.decorators.task` attribute is deprecated. Please use `'airflow.sdk.task'`.","category":"DeprecatedImportWarning","filename":"/opt/airflow/dags/salse2s3.py","lineno":7,"logger":"py.warnings"}
{"timestamp":"2025-10-16T18:00:23.013164Z","level":"warning","event":"The `airflow.hooks.base.BaseHook` attribute is deprecated. Please use `'airflow.sdk.bases.hook.BaseHook'`.","category":"DeprecatedImportWarning","filename":"/opt/airflow/dags/utilities/conections.py","lineno":4,"logger":"py.warnings"}
{"timestamp":"2025-10-16T18:00:53.479242Z","level":"info","event":"Filling up the DagBag from /opt/airflow/dags/salse2s3.py","logger":"airflow.models.dagbag.DagBag","filename":"dagbag.py","lineno":593}
{"timestamp":"2025-10-16T18:00:53.497433Z","level":"warning","event":"The `airflow.decorators.dag` attribute is deprecated. Please use `'airflow.sdk.dag'`.","category":"DeprecatedImportWarning","filename":"/opt/airflow/dags/salse2s3.py","lineno":7,"logger":"py.warnings"}
{"timestamp":"2025-10-16T18:00:53.497664Z","level":"warning","event":"The `airflow.decorators.task` attribute is deprecated. Please use `'airflow.sdk.task'`.","category":"DeprecatedImportWarning","filename":"/opt/airflow/dags/salse2s3.py","lineno":7,"logger":"py.warnings"}
{"timestamp":"2025-10-16T18:00:53.497702Z","level":"warning","event":"The `airflow.hooks.base.BaseHook` attribute is deprecated. Please use `'airflow.sdk.bases.hook.BaseHook'`.","category":"DeprecatedImportWarning","filename":"/opt/airflow/dags/utilities/conections.py","lineno":4,"logger":"py.warnings"}
{"timestamp":"2025-10-16T18:01:23.956068Z","level":"info","event":"Filling up the DagBag from /opt/airflow/dags/salse2s3.py","logger":"airflow.models.dagbag.DagBag","filename":"dagbag.py","lineno":593}
{"timestamp":"2025-10-16T18:01:23.972754Z","level":"warning","event":"The `airflow.decorators.dag` attribute is deprecated. Please use `'airflow.sdk.dag'`.","category":"DeprecatedImportWarning","filename":"/opt/airflow/dags/salse2s3.py","lineno":7,"logger":"py.warnings"}
{"timestamp":"2025-10-16T18:01:23.972867Z","level":"warning","event":"The `airflow.decorators.task` attribute is deprecated. Please use `'airflow.sdk.task'`.","category":"DeprecatedImportWarning","filename":"/opt/airflow/dags/salse2s3.py","lineno":7,"logger":"py.warnings"}
{"timestamp":"2025-10-16T18:01:23.972929Z","level":"warning","event":"The `airflow.hooks.base.BaseHook` attribute is deprecated. Please use `'airflow.sdk.bases.hook.BaseHook'`.","category":"DeprecatedImportWarning","filename":"/opt/airflow/dags/utilities/conections.py","lineno":4,"logger":"py.warnings"}
{"timestamp":"2025-10-16T18:01:54.437164Z","level":"info","event":"Filling up the DagBag from /opt/airflow/dags/salse2s3.py","logger":"airflow.models.dagbag.DagBag","filename":"dagbag.py","lineno":593}
{"timestamp":"2025-10-16T18:01:54.452696Z","level":"warning","event":"The `airflow.decorators.dag` attribute is deprecated. Please use `'airflow.sdk.dag'`.","category":"DeprecatedImportWarning","filename":"/opt/airflow/dags/salse2s3.py","lineno":7,"logger":"py.warnings"}
{"timestamp":"2025-10-16T18:01:54.452867Z","level":"warning","event":"The `airflow.decorators.task` attribute is deprecated. Please use `'airflow.sdk.task'`.","category":"DeprecatedImportWarning","filename":"/opt/airflow/dags/salse2s3.py","lineno":7,"logger":"py.warnings"}
{"timestamp":"2025-10-16T18:01:54.452906Z","level":"warning","event":"The `airflow.hooks.base.BaseHook` attribute is deprecated. Please use `'airflow.sdk.bases.hook.BaseHook'`.","category":"DeprecatedImportWarning","filename":"/opt/airflow/dags/utilities/conections.py","lineno":4,"logger":"py.warnings"}
{"timestamp":"2025-10-16T18:02:24.927045Z","level":"info","event":"Filling up the DagBag from /opt/airflow/dags/salse2s3.py","logger":"airflow.models.dagbag.DagBag","filename":"dagbag.py","lineno":593}
{"timestamp":"2025-10-16T18:02:24.941654Z","level":"warning","event":"The `airflow.decorators.dag` attribute is deprecated. Please use `'airflow.sdk.dag'`.","category":"DeprecatedImportWarning","filename":"/opt/airflow/dags/salse2s3.py","lineno":7,"logger":"py.warnings"}
{"timestamp":"2025-10-16T18:02:24.941836Z","level":"warning","event":"The `airflow.decorators.task` attribute is deprecated. Please use `'airflow.sdk.task'`.","category":"DeprecatedImportWarning","filename":"/opt/airflow/dags/salse2s3.py","lineno":7,"logger":"py.warnings"}
{"timestamp":"2025-10-16T18:02:24.941875Z","level":"warning","event":"The `airflow.hooks.base.BaseHook` attribute is deprecated. Please use `'airflow.sdk.bases.hook.BaseHook'`.","category":"DeprecatedImportWarning","filename":"/opt/airflow/dags/utilities/conections.py","lineno":4,"logger":"py.warnings"}
{"timestamp":"2025-10-16T18:02:55.391233Z","level":"info","event":"Filling up the DagBag from /opt/airflow/dags/salse2s3.py","logger":"airflow.models.dagbag.DagBag","filename":"dagbag.py","lineno":593}
{"timestamp":"2025-10-16T18:02:55.408314Z","level":"warning","event":"The `airflow.decorators.dag` attribute is deprecated. Please use `'airflow.sdk.dag'`.","category":"DeprecatedImportWarning","filename":"/opt/airflow/dags/salse2s3.py","lineno":7,"logger":"py.warnings"}
{"timestamp":"2025-10-16T18:02:55.408494Z","level":"warning","event":"The `airflow.decorators.task` attribute is deprecated. Please use `'airflow.sdk.task'`.","category":"DeprecatedImportWarning","filename":"/opt/airflow/dags/salse2s3.py","lineno":7,"logger":"py.warnings"}
{"timestamp":"2025-10-16T18:02:55.408530Z","level":"warning","event":"The `airflow.hooks.base.BaseHook` attribute is deprecated. Please use `'airflow.sdk.bases.hook.BaseHook'`.","category":"DeprecatedImportWarning","filename":"/opt/airflow/dags/utilities/conections.py","lineno":4,"logger":"py.warnings"}
{"timestamp":"2025-10-16T18:03:25.887529Z","level":"info","event":"Filling up the DagBag from /opt/airflow/dags/salse2s3.py","logger":"airflow.models.dagbag.DagBag","filename":"dagbag.py","lineno":593}
{"timestamp":"2025-10-16T18:03:25.901236Z","level":"warning","event":"The `airflow.decorators.dag` attribute is deprecated. Please use `'airflow.sdk.dag'`.","category":"DeprecatedImportWarning","filename":"/opt/airflow/dags/salse2s3.py","lineno":7,"logger":"py.warnings"}
{"timestamp":"2025-10-16T18:03:25.901416Z","level":"warning","event":"The `airflow.decorators.task` attribute is deprecated. Please use `'airflow.sdk.task'`.","category":"DeprecatedImportWarning","filename":"/opt/airflow/dags/salse2s3.py","lineno":7,"logger":"py.warnings"}
{"timestamp":"2025-10-16T18:03:25.901456Z","level":"warning","event":"The `airflow.hooks.base.BaseHook` attribute is deprecated. Please use `'airflow.sdk.bases.hook.BaseHook'`.","category":"DeprecatedImportWarning","filename":"/opt/airflow/dags/utilities/conections.py","lineno":4,"logger":"py.warnings"}
{"timestamp":"2025-10-16T18:03:56.397169Z","level":"info","event":"Filling up the DagBag from /opt/airflow/dags/salse2s3.py","logger":"airflow.models.dagbag.DagBag","filename":"dagbag.py","lineno":593}
{"timestamp":"2025-10-16T18:03:56.414035Z","level":"warning","event":"The `airflow.decorators.dag` attribute is deprecated. Please use `'airflow.sdk.dag'`.","category":"DeprecatedImportWarning","filename":"/opt/airflow/dags/salse2s3.py","lineno":7,"logger":"py.warnings"}
{"timestamp":"2025-10-16T18:03:56.414096Z","level":"warning","event":"The `airflow.decorators.task` attribute is deprecated. Please use `'airflow.sdk.task'`.","category":"DeprecatedImportWarning","filename":"/opt/airflow/dags/salse2s3.py","lineno":7,"logger":"py.warnings"}
{"timestamp":"2025-10-16T18:03:56.414126Z","level":"warning","event":"The `airflow.hooks.base.BaseHook` attribute is deprecated. Please use `'airflow.sdk.bases.hook.BaseHook'`.","category":"DeprecatedImportWarning","filename":"/opt/airflow/dags/utilities/conections.py","lineno":4,"logger":"py.warnings"}
{"timestamp":"2025-10-16T18:04:26.897705Z","level":"info","event":"Filling up the DagBag from /opt/airflow/dags/salse2s3.py","logger":"airflow.models.dagbag.DagBag","filename":"dagbag.py","lineno":593}
{"timestamp":"2025-10-16T18:04:26.911300Z","level":"warning","event":"The `airflow.decorators.dag` attribute is deprecated. Please use `'airflow.sdk.dag'`.","category":"DeprecatedImportWarning","filename":"/opt/airflow/dags/salse2s3.py","lineno":7,"logger":"py.warnings"}
{"timestamp":"2025-10-16T18:04:26.911483Z","level":"warning","event":"The `airflow.decorators.task` attribute is deprecated. Please use `'airflow.sdk.task'`.","category":"DeprecatedImportWarning","filename":"/opt/airflow/dags/salse2s3.py","lineno":7,"logger":"py.warnings"}
{"timestamp":"2025-10-16T18:04:26.911522Z","level":"warning","event":"The `airflow.hooks.base.BaseHook` attribute is deprecated. Please use `'airflow.sdk.bases.hook.BaseHook'`.","category":"DeprecatedImportWarning","filename":"/opt/airflow/dags/utilities/conections.py","lineno":4,"logger":"py.warnings"}
{"timestamp":"2025-10-16T18:04:57.360009Z","level":"info","event":"Filling up the DagBag from /opt/airflow/dags/salse2s3.py","logger":"airflow.models.dagbag.DagBag","filename":"dagbag.py","lineno":593}
{"timestamp":"2025-10-16T18:04:57.374455Z","level":"warning","event":"The `airflow.decorators.dag` attribute is deprecated. Please use `'airflow.sdk.dag'`.","category":"DeprecatedImportWarning","filename":"/opt/airflow/dags/salse2s3.py","lineno":7,"logger":"py.warnings"}
{"timestamp":"2025-10-16T18:04:57.374519Z","level":"warning","event":"The `airflow.decorators.task` attribute is deprecated. Please use `'airflow.sdk.task'`.","category":"DeprecatedImportWarning","filename":"/opt/airflow/dags/salse2s3.py","lineno":7,"logger":"py.warnings"}
{"timestamp":"2025-10-16T18:04:57.374554Z","level":"warning","event":"The `airflow.hooks.base.BaseHook` attribute is deprecated. Please use `'airflow.sdk.bases.hook.BaseHook'`.","category":"DeprecatedImportWarning","filename":"/opt/airflow/dags/utilities/conections.py","lineno":4,"logger":"py.warnings"}
{"timestamp":"2025-10-16T18:05:27.842242Z","level":"info","event":"Filling up the DagBag from /opt/airflow/dags/salse2s3.py","logger":"airflow.models.dagbag.DagBag","filename":"dagbag.py","lineno":593}
{"timestamp":"2025-10-16T18:05:27.858443Z","level":"warning","event":"The `airflow.decorators.dag` attribute is deprecated. Please use `'airflow.sdk.dag'`.","category":"DeprecatedImportWarning","filename":"/opt/airflow/dags/salse2s3.py","lineno":7,"logger":"py.warnings"}
{"timestamp":"2025-10-16T18:05:27.858611Z","level":"warning","event":"The `airflow.decorators.task` attribute is deprecated. Please use `'airflow.sdk.task'`.","category":"DeprecatedImportWarning","filename":"/opt/airflow/dags/salse2s3.py","lineno":7,"logger":"py.warnings"}
{"timestamp":"2025-10-16T18:05:27.858647Z","level":"warning","event":"The `airflow.hooks.base.BaseHook` attribute is deprecated. Please use `'airflow.sdk.bases.hook.BaseHook'`.","category":"DeprecatedImportWarning","filename":"/opt/airflow/dags/utilities/conections.py","lineno":4,"logger":"py.warnings"}
{"timestamp":"2025-10-16T18:05:58.257459Z","level":"info","event":"Filling up the DagBag from /opt/airflow/dags/salse2s3.py","logger":"airflow.models.dagbag.DagBag","filename":"dagbag.py","lineno":593}
{"timestamp":"2025-10-16T18:05:58.270208Z","level":"warning","event":"The `airflow.decorators.dag` attribute is deprecated. Please use `'airflow.sdk.dag'`.","category":"DeprecatedImportWarning","filename":"/opt/airflow/dags/salse2s3.py","lineno":7,"logger":"py.warnings"}
{"timestamp":"2025-10-16T18:05:58.270376Z","level":"warning","event":"The `airflow.decorators.task` attribute is deprecated. Please use `'airflow.sdk.task'`.","category":"DeprecatedImportWarning","filename":"/opt/airflow/dags/salse2s3.py","lineno":7,"logger":"py.warnings"}
{"timestamp":"2025-10-16T18:05:58.270432Z","level":"warning","event":"The `airflow.hooks.base.BaseHook` attribute is deprecated. Please use `'airflow.sdk.bases.hook.BaseHook'`.","category":"DeprecatedImportWarning","filename":"/opt/airflow/dags/utilities/conections.py","lineno":4,"logger":"py.warnings"}
{"timestamp":"2025-10-16T18:06:28.703902Z","level":"info","event":"Filling up the DagBag from /opt/airflow/dags/salse2s3.py","logger":"airflow.models.dagbag.DagBag","filename":"dagbag.py","lineno":593}
{"timestamp":"2025-10-16T18:06:28.718498Z","level":"warning","event":"The `airflow.decorators.dag` attribute is deprecated. Please use `'airflow.sdk.dag'`.","category":"DeprecatedImportWarning","filename":"/opt/airflow/dags/salse2s3.py","lineno":7,"logger":"py.warnings"}
{"timestamp":"2025-10-16T18:06:28.718675Z","level":"warning","event":"The `airflow.decorators.task` attribute is deprecated. Please use `'airflow.sdk.task'`.","category":"DeprecatedImportWarning","filename":"/opt/airflow/dags/salse2s3.py","lineno":7,"logger":"py.warnings"}
{"timestamp":"2025-10-16T18:06:28.718938Z","level":"warning","event":"The `airflow.hooks.base.BaseHook` attribute is deprecated. Please use `'airflow.sdk.bases.hook.BaseHook'`.","category":"DeprecatedImportWarning","filename":"/opt/airflow/dags/utilities/conections.py","lineno":4,"logger":"py.warnings"}
{"timestamp":"2025-10-16T18:06:59.180151Z","level":"info","event":"Filling up the DagBag from /opt/airflow/dags/salse2s3.py","logger":"airflow.models.dagbag.DagBag","filename":"dagbag.py","lineno":593}
{"timestamp":"2025-10-16T18:06:59.202701Z","level":"warning","event":"The `airflow.decorators.dag` attribute is deprecated. Please use `'airflow.sdk.dag'`.","category":"DeprecatedImportWarning","filename":"/opt/airflow/dags/salse2s3.py","lineno":7,"logger":"py.warnings"}
{"timestamp":"2025-10-16T18:06:59.202979Z","level":"warning","event":"The `airflow.decorators.task` attribute is deprecated. Please use `'airflow.sdk.task'`.","category":"DeprecatedImportWarning","filename":"/opt/airflow/dags/salse2s3.py","lineno":7,"logger":"py.warnings"}
{"timestamp":"2025-10-16T18:06:59.203021Z","level":"warning","event":"The `airflow.hooks.base.BaseHook` attribute is deprecated. Please use `'airflow.sdk.bases.hook.BaseHook'`.","category":"DeprecatedImportWarning","filename":"/opt/airflow/dags/utilities/conections.py","lineno":4,"logger":"py.warnings"}
{"timestamp":"2025-10-16T18:07:29.570490Z","level":"info","event":"Filling up the DagBag from /opt/airflow/dags/salse2s3.py","logger":"airflow.models.dagbag.DagBag","filename":"dagbag.py","lineno":593}
{"timestamp":"2025-10-16T18:07:29.585869Z","level":"warning","event":"The `airflow.decorators.dag` attribute is deprecated. Please use `'airflow.sdk.dag'`.","category":"DeprecatedImportWarning","filename":"/opt/airflow/dags/salse2s3.py","lineno":7,"logger":"py.warnings"}
{"timestamp":"2025-10-16T18:07:29.585970Z","level":"warning","event":"The `airflow.decorators.task` attribute is deprecated. Please use `'airflow.sdk.task'`.","category":"DeprecatedImportWarning","filename":"/opt/airflow/dags/salse2s3.py","lineno":7,"logger":"py.warnings"}
{"timestamp":"2025-10-16T18:07:29.586084Z","level":"warning","event":"The `airflow.hooks.base.BaseHook` attribute is deprecated. Please use `'airflow.sdk.bases.hook.BaseHook'`.","category":"DeprecatedImportWarning","filename":"/opt/airflow/dags/utilities/conections.py","lineno":4,"logger":"py.warnings"}
{"timestamp":"2025-10-16T18:08:00.021394Z","level":"info","event":"Filling up the DagBag from /opt/airflow/dags/salse2s3.py","logger":"airflow.models.dagbag.DagBag","filename":"dagbag.py","lineno":593}
{"timestamp":"2025-10-16T18:08:00.036699Z","level":"warning","event":"The `airflow.decorators.dag` attribute is deprecated. Please use `'airflow.sdk.dag'`.","category":"DeprecatedImportWarning","filename":"/opt/airflow/dags/salse2s3.py","lineno":7,"logger":"py.warnings"}
{"timestamp":"2025-10-16T18:08:00.036775Z","level":"warning","event":"The `airflow.decorators.task` attribute is deprecated. Please use `'airflow.sdk.task'`.","category":"DeprecatedImportWarning","filename":"/opt/airflow/dags/salse2s3.py","lineno":7,"logger":"py.warnings"}
{"timestamp":"2025-10-16T18:08:00.036807Z","level":"warning","event":"The `airflow.hooks.base.BaseHook` attribute is deprecated. Please use `'airflow.sdk.bases.hook.BaseHook'`.","category":"DeprecatedImportWarning","filename":"/opt/airflow/dags/utilities/conections.py","lineno":4,"logger":"py.warnings"}
{"timestamp":"2025-10-16T18:08:30.451733Z","level":"info","event":"Filling up the DagBag from /opt/airflow/dags/salse2s3.py","logger":"airflow.models.dagbag.DagBag","filename":"dagbag.py","lineno":593}
{"timestamp":"2025-10-16T18:08:30.467476Z","level":"warning","event":"The `airflow.decorators.dag` attribute is deprecated. Please use `'airflow.sdk.dag'`.","category":"DeprecatedImportWarning","filename":"/opt/airflow/dags/salse2s3.py","lineno":7,"logger":"py.warnings"}
{"timestamp":"2025-10-16T18:08:30.467650Z","level":"warning","event":"The `airflow.decorators.task` attribute is deprecated. Please use `'airflow.sdk.task'`.","category":"DeprecatedImportWarning","filename":"/opt/airflow/dags/salse2s3.py","lineno":7,"logger":"py.warnings"}
{"timestamp":"2025-10-16T18:08:30.467687Z","level":"warning","event":"The `airflow.hooks.base.BaseHook` attribute is deprecated. Please use `'airflow.sdk.bases.hook.BaseHook'`.","category":"DeprecatedImportWarning","filename":"/opt/airflow/dags/utilities/conections.py","lineno":4,"logger":"py.warnings"}
{"timestamp":"2025-10-16T18:09:00.890299Z","level":"info","event":"Filling up the DagBag from /opt/airflow/dags/salse2s3.py","logger":"airflow.models.dagbag.DagBag","filename":"dagbag.py","lineno":593}
{"timestamp":"2025-10-16T18:09:00.929622Z","level":"warning","event":"The `airflow.decorators.dag` attribute is deprecated. Please use `'airflow.sdk.dag'`.","category":"DeprecatedImportWarning","filename":"/opt/airflow/dags/salse2s3.py","lineno":7,"logger":"py.warnings"}
{"timestamp":"2025-10-16T18:09:00.929719Z","level":"warning","event":"The `airflow.decorators.task` attribute is deprecated. Please use `'airflow.sdk.task'`.","category":"DeprecatedImportWarning","filename":"/opt/airflow/dags/salse2s3.py","lineno":7,"logger":"py.warnings"}
{"timestamp":"2025-10-16T18:09:00.929753Z","level":"warning","event":"The `airflow.hooks.base.BaseHook` attribute is deprecated. Please use `'airflow.sdk.bases.hook.BaseHook'`.","category":"DeprecatedImportWarning","filename":"/opt/airflow/dags/utilities/conections.py","lineno":4,"logger":"py.warnings"}
{"timestamp":"2025-10-16T18:09:31.386757Z","level":"info","event":"Filling up the DagBag from /opt/airflow/dags/salse2s3.py","logger":"airflow.models.dagbag.DagBag","filename":"dagbag.py","lineno":593}
{"timestamp":"2025-10-16T18:09:31.407495Z","level":"warning","event":"The `airflow.decorators.dag` attribute is deprecated. Please use `'airflow.sdk.dag'`.","category":"DeprecatedImportWarning","filename":"/opt/airflow/dags/salse2s3.py","lineno":7,"logger":"py.warnings"}
{"timestamp":"2025-10-16T18:09:31.407762Z","level":"warning","event":"The `airflow.decorators.task` attribute is deprecated. Please use `'airflow.sdk.task'`.","category":"DeprecatedImportWarning","filename":"/opt/airflow/dags/salse2s3.py","lineno":7,"logger":"py.warnings"}
{"timestamp":"2025-10-16T18:09:31.407796Z","level":"warning","event":"The `airflow.hooks.base.BaseHook` attribute is deprecated. Please use `'airflow.sdk.bases.hook.BaseHook'`.","category":"DeprecatedImportWarning","filename":"/opt/airflow/dags/utilities/conections.py","lineno":4,"logger":"py.warnings"}
{"timestamp":"2025-10-16T18:10:01.841373Z","level":"info","event":"Filling up the DagBag from /opt/airflow/dags/salse2s3.py","logger":"airflow.models.dagbag.DagBag","filename":"dagbag.py","lineno":593}
{"timestamp":"2025-10-16T18:10:01.863124Z","level":"warning","event":"The `airflow.decorators.dag` attribute is deprecated. Please use `'airflow.sdk.dag'`.","category":"DeprecatedImportWarning","filename":"/opt/airflow/dags/salse2s3.py","lineno":7,"logger":"py.warnings"}
{"timestamp":"2025-10-16T18:10:01.863348Z","level":"warning","event":"The `airflow.decorators.task` attribute is deprecated. Please use `'airflow.sdk.task'`.","category":"DeprecatedImportWarning","filename":"/opt/airflow/dags/salse2s3.py","lineno":7,"logger":"py.warnings"}
{"timestamp":"2025-10-16T18:10:01.863380Z","level":"warning","event":"The `airflow.hooks.base.BaseHook` attribute is deprecated. Please use `'airflow.sdk.bases.hook.BaseHook'`.","category":"DeprecatedImportWarning","filename":"/opt/airflow/dags/utilities/conections.py","lineno":4,"logger":"py.warnings"}
{"timestamp":"2025-10-16T18:10:32.357473Z","level":"info","event":"Filling up the DagBag from /opt/airflow/dags/salse2s3.py","logger":"airflow.models.dagbag.DagBag","filename":"dagbag.py","lineno":593}
{"timestamp":"2025-10-16T18:10:32.374441Z","level":"warning","event":"The `airflow.decorators.dag` attribute is deprecated. Please use `'airflow.sdk.dag'`.","category":"DeprecatedImportWarning","filename":"/opt/airflow/dags/salse2s3.py","lineno":7,"logger":"py.warnings"}
{"timestamp":"2025-10-16T18:10:32.374513Z","level":"warning","event":"The `airflow.decorators.task` attribute is deprecated. Please use `'airflow.sdk.task'`.","category":"DeprecatedImportWarning","filename":"/opt/airflow/dags/salse2s3.py","lineno":7,"logger":"py.warnings"}
{"timestamp":"2025-10-16T18:10:32.374543Z","level":"warning","event":"The `airflow.hooks.base.BaseHook` attribute is deprecated. Please use `'airflow.sdk.bases.hook.BaseHook'`.","category":"DeprecatedImportWarning","filename":"/opt/airflow/dags/utilities/conections.py","lineno":4,"logger":"py.warnings"}
{"timestamp":"2025-10-16T18:11:02.816302Z","level":"info","event":"Filling up the DagBag from /opt/airflow/dags/salse2s3.py","logger":"airflow.models.dagbag.DagBag","filename":"dagbag.py","lineno":593}
{"timestamp":"2025-10-16T18:11:02.842113Z","level":"warning","event":"The `airflow.decorators.dag` attribute is deprecated. Please use `'airflow.sdk.dag'`.","category":"DeprecatedImportWarning","filename":"/opt/airflow/dags/salse2s3.py","lineno":7,"logger":"py.warnings"}
{"timestamp":"2025-10-16T18:11:02.842204Z","level":"warning","event":"The `airflow.decorators.task` attribute is deprecated. Please use `'airflow.sdk.task'`.","category":"DeprecatedImportWarning","filename":"/opt/airflow/dags/salse2s3.py","lineno":7,"logger":"py.warnings"}
{"timestamp":"2025-10-16T18:11:02.842239Z","level":"warning","event":"The `airflow.hooks.base.BaseHook` attribute is deprecated. Please use `'airflow.sdk.bases.hook.BaseHook'`.","category":"DeprecatedImportWarning","filename":"/opt/airflow/dags/utilities/conections.py","lineno":4,"logger":"py.warnings"}
{"timestamp":"2025-10-16T18:11:33.254955Z","level":"info","event":"Filling up the DagBag from /opt/airflow/dags/salse2s3.py","logger":"airflow.models.dagbag.DagBag","filename":"dagbag.py","lineno":593}
{"timestamp":"2025-10-16T18:11:33.276037Z","level":"warning","event":"The `airflow.decorators.dag` attribute is deprecated. Please use `'airflow.sdk.dag'`.","category":"DeprecatedImportWarning","filename":"/opt/airflow/dags/salse2s3.py","lineno":7,"logger":"py.warnings"}
{"timestamp":"2025-10-16T18:11:33.276210Z","level":"warning","event":"The `airflow.decorators.task` attribute is deprecated. Please use `'airflow.sdk.task'`.","category":"DeprecatedImportWarning","filename":"/opt/airflow/dags/salse2s3.py","lineno":7,"logger":"py.warnings"}
{"timestamp":"2025-10-16T18:11:33.276242Z","level":"warning","event":"The `airflow.hooks.base.BaseHook` attribute is deprecated. Please use `'airflow.sdk.bases.hook.BaseHook'`.","category":"DeprecatedImportWarning","filename":"/opt/airflow/dags/utilities/conections.py","lineno":4,"logger":"py.warnings"}
{"timestamp":"2025-10-16T18:12:03.730587Z","level":"info","event":"Filling up the DagBag from /opt/airflow/dags/salse2s3.py","logger":"airflow.models.dagbag.DagBag","filename":"dagbag.py","lineno":593}
{"timestamp":"2025-10-16T18:12:03.743510Z","level":"warning","event":"The `airflow.decorators.dag` attribute is deprecated. Please use `'airflow.sdk.dag'`.","category":"DeprecatedImportWarning","filename":"/opt/airflow/dags/salse2s3.py","lineno":7,"logger":"py.warnings"}
{"timestamp":"2025-10-16T18:12:03.743575Z","level":"warning","event":"The `airflow.decorators.task` attribute is deprecated. Please use `'airflow.sdk.task'`.","category":"DeprecatedImportWarning","filename":"/opt/airflow/dags/salse2s3.py","lineno":7,"logger":"py.warnings"}
{"timestamp":"2025-10-16T18:12:03.743611Z","level":"warning","event":"The `airflow.hooks.base.BaseHook` attribute is deprecated. Please use `'airflow.sdk.bases.hook.BaseHook'`.","category":"DeprecatedImportWarning","filename":"/opt/airflow/dags/utilities/conections.py","lineno":4,"logger":"py.warnings"}
{"timestamp":"2025-10-16T18:12:15.929415Z","level":"info","event":"Filling up the DagBag from /opt/airflow/dags/salse2s3.py","logger":"airflow.models.dagbag.DagBag","filename":"dagbag.py","lineno":593}
{"timestamp":"2025-10-16T18:12:15.944560Z","level":"warning","event":"The `airflow.decorators.dag` attribute is deprecated. Please use `'airflow.sdk.dag'`.","category":"DeprecatedImportWarning","filename":"/opt/airflow/dags/salse2s3.py","lineno":7,"logger":"py.warnings"}
{"timestamp":"2025-10-16T18:12:15.944623Z","level":"warning","event":"The `airflow.decorators.task` attribute is deprecated. Please use `'airflow.sdk.task'`.","category":"DeprecatedImportWarning","filename":"/opt/airflow/dags/salse2s3.py","lineno":7,"logger":"py.warnings"}
{"timestamp":"2025-10-16T18:12:15.944658Z","level":"warning","event":"The `airflow.hooks.base.BaseHook` attribute is deprecated. Please use `'airflow.sdk.bases.hook.BaseHook'`.","category":"DeprecatedImportWarning","filename":"/opt/airflow/dags/utilities/conections.py","lineno":4,"logger":"py.warnings"}
{"timestamp":"2025-10-16T18:12:46.350338Z","level":"info","event":"Filling up the DagBag from /opt/airflow/dags/salse2s3.py","logger":"airflow.models.dagbag.DagBag","filename":"dagbag.py","lineno":593}
{"timestamp":"2025-10-16T18:12:46.380925Z","level":"warning","event":"The `airflow.decorators.dag` attribute is deprecated. Please use `'airflow.sdk.dag'`.","category":"DeprecatedImportWarning","filename":"/opt/airflow/dags/salse2s3.py","lineno":7,"logger":"py.warnings"}
{"timestamp":"2025-10-16T18:12:46.381745Z","level":"warning","event":"The `airflow.decorators.task` attribute is deprecated. Please use `'airflow.sdk.task'`.","category":"DeprecatedImportWarning","filename":"/opt/airflow/dags/salse2s3.py","lineno":7,"logger":"py.warnings"}
{"timestamp":"2025-10-16T18:12:46.382070Z","level":"warning","event":"The `airflow.hooks.base.BaseHook` attribute is deprecated. Please use `'airflow.sdk.bases.hook.BaseHook'`.","category":"DeprecatedImportWarning","filename":"/opt/airflow/dags/utilities/conections.py","lineno":4,"logger":"py.warnings"}
{"timestamp":"2025-10-16T18:13:16.777440Z","level":"info","event":"Filling up the DagBag from /opt/airflow/dags/salse2s3.py","logger":"airflow.models.dagbag.DagBag","filename":"dagbag.py","lineno":593}
{"timestamp":"2025-10-16T18:13:16.791256Z","level":"warning","event":"The `airflow.decorators.dag` attribute is deprecated. Please use `'airflow.sdk.dag'`.","category":"DeprecatedImportWarning","filename":"/opt/airflow/dags/salse2s3.py","lineno":7,"logger":"py.warnings"}
{"timestamp":"2025-10-16T18:13:16.791475Z","level":"warning","event":"The `airflow.decorators.task` attribute is deprecated. Please use `'airflow.sdk.task'`.","category":"DeprecatedImportWarning","filename":"/opt/airflow/dags/salse2s3.py","lineno":7,"logger":"py.warnings"}
{"timestamp":"2025-10-16T18:13:16.791519Z","level":"warning","event":"The `airflow.hooks.base.BaseHook` attribute is deprecated. Please use `'airflow.sdk.bases.hook.BaseHook'`.","category":"DeprecatedImportWarning","filename":"/opt/airflow/dags/utilities/conections.py","lineno":4,"logger":"py.warnings"}
{"timestamp":"2025-10-16T18:13:47.212243Z","level":"info","event":"Filling up the DagBag from /opt/airflow/dags/salse2s3.py","logger":"airflow.models.dagbag.DagBag","filename":"dagbag.py","lineno":593}
{"timestamp":"2025-10-16T18:13:47.228316Z","level":"warning","event":"The `airflow.decorators.dag` attribute is deprecated. Please use `'airflow.sdk.dag'`.","category":"DeprecatedImportWarning","filename":"/opt/airflow/dags/salse2s3.py","lineno":7,"logger":"py.warnings"}
{"timestamp":"2025-10-16T18:13:47.228495Z","level":"warning","event":"The `airflow.decorators.task` attribute is deprecated. Please use `'airflow.sdk.task'`.","category":"DeprecatedImportWarning","filename":"/opt/airflow/dags/salse2s3.py","lineno":7,"logger":"py.warnings"}
{"timestamp":"2025-10-16T18:13:47.228534Z","level":"warning","event":"The `airflow.hooks.base.BaseHook` attribute is deprecated. Please use `'airflow.sdk.bases.hook.BaseHook'`.","category":"DeprecatedImportWarning","filename":"/opt/airflow/dags/utilities/conections.py","lineno":4,"logger":"py.warnings"}
{"timestamp":"2025-10-16T18:14:17.684847Z","level":"info","event":"Filling up the DagBag from /opt/airflow/dags/salse2s3.py","logger":"airflow.models.dagbag.DagBag","filename":"dagbag.py","lineno":593}
{"timestamp":"2025-10-16T18:14:17.704646Z","level":"warning","event":"The `airflow.decorators.dag` attribute is deprecated. Please use `'airflow.sdk.dag'`.","category":"DeprecatedImportWarning","filename":"/opt/airflow/dags/salse2s3.py","lineno":7,"logger":"py.warnings"}
{"timestamp":"2025-10-16T18:14:17.704852Z","level":"warning","event":"The `airflow.decorators.task` attribute is deprecated. Please use `'airflow.sdk.task'`.","category":"DeprecatedImportWarning","filename":"/opt/airflow/dags/salse2s3.py","lineno":7,"logger":"py.warnings"}
{"timestamp":"2025-10-16T18:14:17.704887Z","level":"warning","event":"The `airflow.hooks.base.BaseHook` attribute is deprecated. Please use `'airflow.sdk.bases.hook.BaseHook'`.","category":"DeprecatedImportWarning","filename":"/opt/airflow/dags/utilities/conections.py","lineno":4,"logger":"py.warnings"}
{"timestamp":"2025-10-16T18:14:48.114956Z","level":"info","event":"Filling up the DagBag from /opt/airflow/dags/salse2s3.py","logger":"airflow.models.dagbag.DagBag","filename":"dagbag.py","lineno":593}
{"timestamp":"2025-10-16T18:14:48.128812Z","level":"warning","event":"The `airflow.decorators.dag` attribute is deprecated. Please use `'airflow.sdk.dag'`.","category":"DeprecatedImportWarning","filename":"/opt/airflow/dags/salse2s3.py","lineno":7,"logger":"py.warnings"}
{"timestamp":"2025-10-16T18:14:48.129004Z","level":"warning","event":"The `airflow.decorators.task` attribute is deprecated. Please use `'airflow.sdk.task'`.","category":"DeprecatedImportWarning","filename":"/opt/airflow/dags/salse2s3.py","lineno":7,"logger":"py.warnings"}
{"timestamp":"2025-10-16T18:14:48.129048Z","level":"warning","event":"The `airflow.hooks.base.BaseHook` attribute is deprecated. Please use `'airflow.sdk.bases.hook.BaseHook'`.","category":"DeprecatedImportWarning","filename":"/opt/airflow/dags/utilities/conections.py","lineno":4,"logger":"py.warnings"}
{"timestamp":"2025-10-16T18:15:18.553071Z","level":"info","event":"Filling up the DagBag from /opt/airflow/dags/salse2s3.py","logger":"airflow.models.dagbag.DagBag","filename":"dagbag.py","lineno":593}
{"timestamp":"2025-10-16T18:15:18.569495Z","level":"warning","event":"The `airflow.decorators.dag` attribute is deprecated. Please use `'airflow.sdk.dag'`.","category":"DeprecatedImportWarning","filename":"/opt/airflow/dags/salse2s3.py","lineno":7,"logger":"py.warnings"}
{"timestamp":"2025-10-16T18:15:18.569561Z","level":"warning","event":"The `airflow.decorators.task` attribute is deprecated. Please use `'airflow.sdk.task'`.","category":"DeprecatedImportWarning","filename":"/opt/airflow/dags/salse2s3.py","lineno":7,"logger":"py.warnings"}
{"timestamp":"2025-10-16T18:15:18.569595Z","level":"warning","event":"The `airflow.hooks.base.BaseHook` attribute is deprecated. Please use `'airflow.sdk.bases.hook.BaseHook'`.","category":"DeprecatedImportWarning","filename":"/opt/airflow/dags/utilities/conections.py","lineno":4,"logger":"py.warnings"}
{"timestamp":"2025-10-16T18:15:48.992926Z","level":"info","event":"Filling up the DagBag from /opt/airflow/dags/salse2s3.py","logger":"airflow.models.dagbag.DagBag","filename":"dagbag.py","lineno":593}
{"timestamp":"2025-10-16T18:15:49.011758Z","level":"warning","event":"The `airflow.decorators.dag` attribute is deprecated. Please use `'airflow.sdk.dag'`.","category":"DeprecatedImportWarning","filename":"/opt/airflow/dags/salse2s3.py","lineno":7,"logger":"py.warnings"}
{"timestamp":"2025-10-16T18:15:49.011825Z","level":"warning","event":"The `airflow.decorators.task` attribute is deprecated. Please use `'airflow.sdk.task'`.","category":"DeprecatedImportWarning","filename":"/opt/airflow/dags/salse2s3.py","lineno":7,"logger":"py.warnings"}
{"timestamp":"2025-10-16T18:15:49.011855Z","level":"warning","event":"The `airflow.hooks.base.BaseHook` attribute is deprecated. Please use `'airflow.sdk.bases.hook.BaseHook'`.","category":"DeprecatedImportWarning","filename":"/opt/airflow/dags/utilities/conections.py","lineno":4,"logger":"py.warnings"}
{"timestamp":"2025-10-16T18:16:19.435366Z","level":"info","event":"Filling up the DagBag from /opt/airflow/dags/salse2s3.py","logger":"airflow.models.dagbag.DagBag","filename":"dagbag.py","lineno":593}
{"timestamp":"2025-10-16T18:16:19.451832Z","level":"warning","event":"The `airflow.decorators.dag` attribute is deprecated. Please use `'airflow.sdk.dag'`.","category":"DeprecatedImportWarning","filename":"/opt/airflow/dags/salse2s3.py","lineno":7,"logger":"py.warnings"}
{"timestamp":"2025-10-16T18:16:19.451899Z","level":"warning","event":"The `airflow.decorators.task` attribute is deprecated. Please use `'airflow.sdk.task'`.","category":"DeprecatedImportWarning","filename":"/opt/airflow/dags/salse2s3.py","lineno":7,"logger":"py.warnings"}
{"timestamp":"2025-10-16T18:16:19.451932Z","level":"warning","event":"The `airflow.hooks.base.BaseHook` attribute is deprecated. Please use `'airflow.sdk.bases.hook.BaseHook'`.","category":"DeprecatedImportWarning","filename":"/opt/airflow/dags/utilities/conections.py","lineno":4,"logger":"py.warnings"}
{"timestamp":"2025-10-16T18:16:49.854622Z","level":"info","event":"Filling up the DagBag from /opt/airflow/dags/salse2s3.py","logger":"airflow.models.dagbag.DagBag","filename":"dagbag.py","lineno":593}
{"timestamp":"2025-10-16T18:16:49.873521Z","level":"warning","event":"The `airflow.decorators.dag` attribute is deprecated. Please use `'airflow.sdk.dag'`.","category":"DeprecatedImportWarning","filename":"/opt/airflow/dags/salse2s3.py","lineno":7,"logger":"py.warnings"}
{"timestamp":"2025-10-16T18:16:49.873588Z","level":"warning","event":"The `airflow.decorators.task` attribute is deprecated. Please use `'airflow.sdk.task'`.","category":"DeprecatedImportWarning","filename":"/opt/airflow/dags/salse2s3.py","lineno":7,"logger":"py.warnings"}
{"timestamp":"2025-10-16T18:16:49.873619Z","level":"warning","event":"The `airflow.hooks.base.BaseHook` attribute is deprecated. Please use `'airflow.sdk.bases.hook.BaseHook'`.","category":"DeprecatedImportWarning","filename":"/opt/airflow/dags/utilities/conections.py","lineno":4,"logger":"py.warnings"}
{"timestamp":"2025-10-16T18:17:20.352773Z","level":"info","event":"Filling up the DagBag from /opt/airflow/dags/salse2s3.py","logger":"airflow.models.dagbag.DagBag","filename":"dagbag.py","lineno":593}
{"timestamp":"2025-10-16T18:17:20.371986Z","level":"warning","event":"The `airflow.decorators.dag` attribute is deprecated. Please use `'airflow.sdk.dag'`.","category":"DeprecatedImportWarning","filename":"/opt/airflow/dags/salse2s3.py","lineno":7,"logger":"py.warnings"}
{"timestamp":"2025-10-16T18:17:20.372056Z","level":"warning","event":"The `airflow.decorators.task` attribute is deprecated. Please use `'airflow.sdk.task'`.","category":"DeprecatedImportWarning","filename":"/opt/airflow/dags/salse2s3.py","lineno":7,"logger":"py.warnings"}
{"timestamp":"2025-10-16T18:17:20.372090Z","level":"warning","event":"The `airflow.hooks.base.BaseHook` attribute is deprecated. Please use `'airflow.sdk.bases.hook.BaseHook'`.","category":"DeprecatedImportWarning","filename":"/opt/airflow/dags/utilities/conections.py","lineno":4,"logger":"py.warnings"}
{"timestamp":"2025-10-16T18:17:50.884281Z","level":"info","event":"Filling up the DagBag from /opt/airflow/dags/salse2s3.py","logger":"airflow.models.dagbag.DagBag","filename":"dagbag.py","lineno":593}
{"timestamp":"2025-10-16T18:17:50.911306Z","level":"warning","event":"The `airflow.decorators.dag` attribute is deprecated. Please use `'airflow.sdk.dag'`.","category":"DeprecatedImportWarning","filename":"/opt/airflow/dags/salse2s3.py","lineno":7,"logger":"py.warnings"}
{"timestamp":"2025-10-16T18:17:50.911395Z","level":"warning","event":"The `airflow.decorators.task` attribute is deprecated. Please use `'airflow.sdk.task'`.","category":"DeprecatedImportWarning","filename":"/opt/airflow/dags/salse2s3.py","lineno":7,"logger":"py.warnings"}
{"timestamp":"2025-10-16T18:17:50.911462Z","level":"warning","event":"The `airflow.hooks.base.BaseHook` attribute is deprecated. Please use `'airflow.sdk.bases.hook.BaseHook'`.","category":"DeprecatedImportWarning","filename":"/opt/airflow/dags/utilities/conections.py","lineno":4,"logger":"py.warnings"}
{"timestamp":"2025-10-16T18:18:21.343979Z","level":"info","event":"Filling up the DagBag from /opt/airflow/dags/salse2s3.py","logger":"airflow.models.dagbag.DagBag","filename":"dagbag.py","lineno":593}
{"timestamp":"2025-10-16T18:18:21.369491Z","level":"warning","event":"The `airflow.decorators.dag` attribute is deprecated. Please use `'airflow.sdk.dag'`.","category":"DeprecatedImportWarning","filename":"/opt/airflow/dags/salse2s3.py","lineno":7,"logger":"py.warnings"}
{"timestamp":"2025-10-16T18:18:21.369551Z","level":"warning","event":"The `airflow.decorators.task` attribute is deprecated. Please use `'airflow.sdk.task'`.","category":"DeprecatedImportWarning","filename":"/opt/airflow/dags/salse2s3.py","lineno":7,"logger":"py.warnings"}
{"timestamp":"2025-10-16T18:18:21.369586Z","level":"warning","event":"The `airflow.hooks.base.BaseHook` attribute is deprecated. Please use `'airflow.sdk.bases.hook.BaseHook'`.","category":"DeprecatedImportWarning","filename":"/opt/airflow/dags/utilities/conections.py","lineno":4,"logger":"py.warnings"}
{"timestamp":"2025-10-16T18:18:51.827562Z","level":"info","event":"Filling up the DagBag from /opt/airflow/dags/salse2s3.py","logger":"airflow.models.dagbag.DagBag","filename":"dagbag.py","lineno":593}
{"timestamp":"2025-10-16T18:18:51.852422Z","level":"warning","event":"The `airflow.decorators.dag` attribute is deprecated. Please use `'airflow.sdk.dag'`.","category":"DeprecatedImportWarning","filename":"/opt/airflow/dags/salse2s3.py","lineno":7,"logger":"py.warnings"}
{"timestamp":"2025-10-16T18:18:51.852489Z","level":"warning","event":"The `airflow.decorators.task` attribute is deprecated. Please use `'airflow.sdk.task'`.","category":"DeprecatedImportWarning","filename":"/opt/airflow/dags/salse2s3.py","lineno":7,"logger":"py.warnings"}
{"timestamp":"2025-10-16T18:18:51.852517Z","level":"warning","event":"The `airflow.hooks.base.BaseHook` attribute is deprecated. Please use `'airflow.sdk.bases.hook.BaseHook'`.","category":"DeprecatedImportWarning","filename":"/opt/airflow/dags/utilities/conections.py","lineno":4,"logger":"py.warnings"}
{"timestamp":"2025-10-16T18:19:22.327718Z","level":"info","event":"Filling up the DagBag from /opt/airflow/dags/salse2s3.py","logger":"airflow.models.dagbag.DagBag","filename":"dagbag.py","lineno":593}
{"timestamp":"2025-10-16T18:19:22.343659Z","level":"warning","event":"The `airflow.decorators.dag` attribute is deprecated. Please use `'airflow.sdk.dag'`.","category":"DeprecatedImportWarning","filename":"/opt/airflow/dags/salse2s3.py","lineno":7,"logger":"py.warnings"}
{"timestamp":"2025-10-16T18:19:22.343718Z","level":"warning","event":"The `airflow.decorators.task` attribute is deprecated. Please use `'airflow.sdk.task'`.","category":"DeprecatedImportWarning","filename":"/opt/airflow/dags/salse2s3.py","lineno":7,"logger":"py.warnings"}
{"timestamp":"2025-10-16T18:19:22.343749Z","level":"warning","event":"The `airflow.hooks.base.BaseHook` attribute is deprecated. Please use `'airflow.sdk.bases.hook.BaseHook'`.","category":"DeprecatedImportWarning","filename":"/opt/airflow/dags/utilities/conections.py","lineno":4,"logger":"py.warnings"}
{"timestamp":"2025-10-16T18:19:52.773532Z","level":"info","event":"Filling up the DagBag from /opt/airflow/dags/salse2s3.py","logger":"airflow.models.dagbag.DagBag","filename":"dagbag.py","lineno":593}
{"timestamp":"2025-10-16T18:19:52.788359Z","level":"warning","event":"The `airflow.decorators.dag` attribute is deprecated. Please use `'airflow.sdk.dag'`.","category":"DeprecatedImportWarning","filename":"/opt/airflow/dags/salse2s3.py","lineno":7,"logger":"py.warnings"}
{"timestamp":"2025-10-16T18:19:52.788539Z","level":"warning","event":"The `airflow.decorators.task` attribute is deprecated. Please use `'airflow.sdk.task'`.","category":"DeprecatedImportWarning","filename":"/opt/airflow/dags/salse2s3.py","lineno":7,"logger":"py.warnings"}
{"timestamp":"2025-10-16T18:19:52.788573Z","level":"warning","event":"The `airflow.hooks.base.BaseHook` attribute is deprecated. Please use `'airflow.sdk.bases.hook.BaseHook'`.","category":"DeprecatedImportWarning","filename":"/opt/airflow/dags/utilities/conections.py","lineno":4,"logger":"py.warnings"}
{"timestamp":"2025-10-16T18:20:23.150863Z","level":"info","event":"Filling up the DagBag from /opt/airflow/dags/salse2s3.py","logger":"airflow.models.dagbag.DagBag","filename":"dagbag.py","lineno":593}
{"timestamp":"2025-10-16T18:20:23.163480Z","level":"warning","event":"The `airflow.decorators.dag` attribute is deprecated. Please use `'airflow.sdk.dag'`.","category":"DeprecatedImportWarning","filename":"/opt/airflow/dags/salse2s3.py","lineno":7,"logger":"py.warnings"}
{"timestamp":"2025-10-16T18:20:23.163536Z","level":"warning","event":"The `airflow.decorators.task` attribute is deprecated. Please use `'airflow.sdk.task'`.","category":"DeprecatedImportWarning","filename":"/opt/airflow/dags/salse2s3.py","lineno":7,"logger":"py.warnings"}
{"timestamp":"2025-10-16T18:20:23.163566Z","level":"warning","event":"The `airflow.hooks.base.BaseHook` attribute is deprecated. Please use `'airflow.sdk.bases.hook.BaseHook'`.","category":"DeprecatedImportWarning","filename":"/opt/airflow/dags/utilities/conections.py","lineno":4,"logger":"py.warnings"}
{"timestamp":"2025-10-16T18:20:53.602014Z","level":"info","event":"Filling up the DagBag from /opt/airflow/dags/salse2s3.py","logger":"airflow.models.dagbag.DagBag","filename":"dagbag.py","lineno":593}
{"timestamp":"2025-10-16T18:20:53.620542Z","level":"warning","event":"The `airflow.decorators.dag` attribute is deprecated. Please use `'airflow.sdk.dag'`.","category":"DeprecatedImportWarning","filename":"/opt/airflow/dags/salse2s3.py","lineno":7,"logger":"py.warnings"}
{"timestamp":"2025-10-16T18:20:53.620603Z","level":"warning","event":"The `airflow.decorators.task` attribute is deprecated. Please use `'airflow.sdk.task'`.","category":"DeprecatedImportWarning","filename":"/opt/airflow/dags/salse2s3.py","lineno":7,"logger":"py.warnings"}
{"timestamp":"2025-10-16T18:20:53.620646Z","level":"warning","event":"The `airflow.hooks.base.BaseHook` attribute is deprecated. Please use `'airflow.sdk.bases.hook.BaseHook'`.","category":"DeprecatedImportWarning","filename":"/opt/airflow/dags/utilities/conections.py","lineno":4,"logger":"py.warnings"}
{"timestamp":"2025-10-16T18:21:24.022146Z","level":"info","event":"Filling up the DagBag from /opt/airflow/dags/salse2s3.py","logger":"airflow.models.dagbag.DagBag","filename":"dagbag.py","lineno":593}
{"timestamp":"2025-10-16T18:21:24.038556Z","level":"warning","event":"The `airflow.decorators.dag` attribute is deprecated. Please use `'airflow.sdk.dag'`.","category":"DeprecatedImportWarning","filename":"/opt/airflow/dags/salse2s3.py","lineno":7,"logger":"py.warnings"}
{"timestamp":"2025-10-16T18:21:24.038634Z","level":"warning","event":"The `airflow.decorators.task` attribute is deprecated. Please use `'airflow.sdk.task'`.","category":"DeprecatedImportWarning","filename":"/opt/airflow/dags/salse2s3.py","lineno":7,"logger":"py.warnings"}
{"timestamp":"2025-10-16T18:21:24.038665Z","level":"warning","event":"The `airflow.hooks.base.BaseHook` attribute is deprecated. Please use `'airflow.sdk.bases.hook.BaseHook'`.","category":"DeprecatedImportWarning","filename":"/opt/airflow/dags/utilities/conections.py","lineno":4,"logger":"py.warnings"}
{"timestamp":"2025-10-16T18:21:54.399628Z","level":"info","event":"Filling up the DagBag from /opt/airflow/dags/salse2s3.py","logger":"airflow.models.dagbag.DagBag","filename":"dagbag.py","lineno":593}
{"timestamp":"2025-10-16T18:21:54.416202Z","level":"warning","event":"The `airflow.decorators.dag` attribute is deprecated. Please use `'airflow.sdk.dag'`.","category":"DeprecatedImportWarning","filename":"/opt/airflow/dags/salse2s3.py","lineno":7,"logger":"py.warnings"}
{"timestamp":"2025-10-16T18:21:54.416284Z","level":"warning","event":"The `airflow.decorators.task` attribute is deprecated. Please use `'airflow.sdk.task'`.","category":"DeprecatedImportWarning","filename":"/opt/airflow/dags/salse2s3.py","lineno":7,"logger":"py.warnings"}
{"timestamp":"2025-10-16T18:21:54.416330Z","level":"warning","event":"The `airflow.hooks.base.BaseHook` attribute is deprecated. Please use `'airflow.sdk.bases.hook.BaseHook'`.","category":"DeprecatedImportWarning","filename":"/opt/airflow/dags/utilities/conections.py","lineno":4,"logger":"py.warnings"}
{"timestamp":"2025-10-16T18:22:24.813064Z","level":"info","event":"Filling up the DagBag from /opt/airflow/dags/salse2s3.py","logger":"airflow.models.dagbag.DagBag","filename":"dagbag.py","lineno":593}
{"timestamp":"2025-10-16T18:22:24.824334Z","level":"warning","event":"The `airflow.decorators.dag` attribute is deprecated. Please use `'airflow.sdk.dag'`.","category":"DeprecatedImportWarning","filename":"/opt/airflow/dags/salse2s3.py","lineno":7,"logger":"py.warnings"}
{"timestamp":"2025-10-16T18:22:24.824500Z","level":"warning","event":"The `airflow.decorators.task` attribute is deprecated. Please use `'airflow.sdk.task'`.","category":"DeprecatedImportWarning","filename":"/opt/airflow/dags/salse2s3.py","lineno":7,"logger":"py.warnings"}
{"timestamp":"2025-10-16T18:22:24.824533Z","level":"warning","event":"The `airflow.hooks.base.BaseHook` attribute is deprecated. Please use `'airflow.sdk.bases.hook.BaseHook'`.","category":"DeprecatedImportWarning","filename":"/opt/airflow/dags/utilities/conections.py","lineno":4,"logger":"py.warnings"}
{"timestamp":"2025-10-16T18:22:55.375049Z","level":"info","event":"Filling up the DagBag from /opt/airflow/dags/salse2s3.py","logger":"airflow.models.dagbag.DagBag","filename":"dagbag.py","lineno":593}
{"timestamp":"2025-10-16T18:22:55.401987Z","level":"warning","event":"The `airflow.decorators.dag` attribute is deprecated. Please use `'airflow.sdk.dag'`.","category":"DeprecatedImportWarning","filename":"/opt/airflow/dags/salse2s3.py","lineno":7,"logger":"py.warnings"}
{"timestamp":"2025-10-16T18:22:55.402248Z","level":"warning","event":"The `airflow.decorators.task` attribute is deprecated. Please use `'airflow.sdk.task'`.","category":"DeprecatedImportWarning","filename":"/opt/airflow/dags/salse2s3.py","lineno":7,"logger":"py.warnings"}
{"timestamp":"2025-10-16T18:22:55.402300Z","level":"warning","event":"The `airflow.hooks.base.BaseHook` attribute is deprecated. Please use `'airflow.sdk.bases.hook.BaseHook'`.","category":"DeprecatedImportWarning","filename":"/opt/airflow/dags/utilities/conections.py","lineno":4,"logger":"py.warnings"}
{"timestamp":"2025-10-16T18:23:25.848750Z","level":"info","event":"Filling up the DagBag from /opt/airflow/dags/salse2s3.py","logger":"airflow.models.dagbag.DagBag","filename":"dagbag.py","lineno":593}
{"timestamp":"2025-10-16T18:23:25.863191Z","level":"warning","event":"The `airflow.decorators.dag` attribute is deprecated. Please use `'airflow.sdk.dag'`.","category":"DeprecatedImportWarning","filename":"/opt/airflow/dags/salse2s3.py","lineno":7,"logger":"py.warnings"}
{"timestamp":"2025-10-16T18:23:25.863256Z","level":"warning","event":"The `airflow.decorators.task` attribute is deprecated. Please use `'airflow.sdk.task'`.","category":"DeprecatedImportWarning","filename":"/opt/airflow/dags/salse2s3.py","lineno":7,"logger":"py.warnings"}
{"timestamp":"2025-10-16T18:23:25.863292Z","level":"warning","event":"The `airflow.hooks.base.BaseHook` attribute is deprecated. Please use `'airflow.sdk.bases.hook.BaseHook'`.","category":"DeprecatedImportWarning","filename":"/opt/airflow/dags/utilities/conections.py","lineno":4,"logger":"py.warnings"}
{"timestamp":"2025-10-16T18:23:56.317071Z","level":"info","event":"Filling up the DagBag from /opt/airflow/dags/salse2s3.py","logger":"airflow.models.dagbag.DagBag","filename":"dagbag.py","lineno":593}
{"timestamp":"2025-10-16T18:23:56.343679Z","level":"warning","event":"The `airflow.decorators.dag` attribute is deprecated. Please use `'airflow.sdk.dag'`.","category":"DeprecatedImportWarning","filename":"/opt/airflow/dags/salse2s3.py","lineno":7,"logger":"py.warnings"}
{"timestamp":"2025-10-16T18:23:56.343796Z","level":"warning","event":"The `airflow.decorators.task` attribute is deprecated. Please use `'airflow.sdk.task'`.","category":"DeprecatedImportWarning","filename":"/opt/airflow/dags/salse2s3.py","lineno":7,"logger":"py.warnings"}
{"timestamp":"2025-10-16T18:23:56.343859Z","level":"warning","event":"The `airflow.hooks.base.BaseHook` attribute is deprecated. Please use `'airflow.sdk.bases.hook.BaseHook'`.","category":"DeprecatedImportWarning","filename":"/opt/airflow/dags/utilities/conections.py","lineno":4,"logger":"py.warnings"}
{"timestamp":"2025-10-16T18:24:26.840133Z","level":"info","event":"Filling up the DagBag from /opt/airflow/dags/salse2s3.py","logger":"airflow.models.dagbag.DagBag","filename":"dagbag.py","lineno":593}
{"timestamp":"2025-10-16T18:24:26.868740Z","level":"warning","event":"The `airflow.decorators.dag` attribute is deprecated. Please use `'airflow.sdk.dag'`.","category":"DeprecatedImportWarning","filename":"/opt/airflow/dags/salse2s3.py","lineno":7,"logger":"py.warnings"}
{"timestamp":"2025-10-16T18:24:26.868816Z","level":"warning","event":"The `airflow.decorators.task` attribute is deprecated. Please use `'airflow.sdk.task'`.","category":"DeprecatedImportWarning","filename":"/opt/airflow/dags/salse2s3.py","lineno":7,"logger":"py.warnings"}
{"timestamp":"2025-10-16T18:24:26.868846Z","level":"warning","event":"The `airflow.hooks.base.BaseHook` attribute is deprecated. Please use `'airflow.sdk.bases.hook.BaseHook'`.","category":"DeprecatedImportWarning","filename":"/opt/airflow/dags/utilities/conections.py","lineno":4,"logger":"py.warnings"}
{"timestamp":"2025-10-16T18:24:57.306485Z","level":"info","event":"Filling up the DagBag from /opt/airflow/dags/salse2s3.py","logger":"airflow.models.dagbag.DagBag","filename":"dagbag.py","lineno":593}
{"timestamp":"2025-10-16T18:24:57.335209Z","level":"warning","event":"The `airflow.decorators.dag` attribute is deprecated. Please use `'airflow.sdk.dag'`.","category":"DeprecatedImportWarning","filename":"/opt/airflow/dags/salse2s3.py","lineno":7,"logger":"py.warnings"}
{"timestamp":"2025-10-16T18:24:57.335303Z","level":"warning","event":"The `airflow.decorators.task` attribute is deprecated. Please use `'airflow.sdk.task'`.","category":"DeprecatedImportWarning","filename":"/opt/airflow/dags/salse2s3.py","lineno":7,"logger":"py.warnings"}
{"timestamp":"2025-10-16T18:24:57.335335Z","level":"warning","event":"The `airflow.hooks.base.BaseHook` attribute is deprecated. Please use `'airflow.sdk.bases.hook.BaseHook'`.","category":"DeprecatedImportWarning","filename":"/opt/airflow/dags/utilities/conections.py","lineno":4,"logger":"py.warnings"}
{"timestamp":"2025-10-16T18:25:27.765952Z","level":"info","event":"Filling up the DagBag from /opt/airflow/dags/salse2s3.py","logger":"airflow.models.dagbag.DagBag","filename":"dagbag.py","lineno":593}
{"timestamp":"2025-10-16T18:25:27.778737Z","level":"warning","event":"The `airflow.decorators.dag` attribute is deprecated. Please use `'airflow.sdk.dag'`.","category":"DeprecatedImportWarning","filename":"/opt/airflow/dags/salse2s3.py","lineno":7,"logger":"py.warnings"}
{"timestamp":"2025-10-16T18:25:27.778802Z","level":"warning","event":"The `airflow.decorators.task` attribute is deprecated. Please use `'airflow.sdk.task'`.","category":"DeprecatedImportWarning","filename":"/opt/airflow/dags/salse2s3.py","lineno":7,"logger":"py.warnings"}
{"timestamp":"2025-10-16T18:25:27.778837Z","level":"warning","event":"The `airflow.hooks.base.BaseHook` attribute is deprecated. Please use `'airflow.sdk.bases.hook.BaseHook'`.","category":"DeprecatedImportWarning","filename":"/opt/airflow/dags/utilities/conections.py","lineno":4,"logger":"py.warnings"}
{"timestamp":"2025-10-16T18:25:58.214586Z","level":"info","event":"Filling up the DagBag from /opt/airflow/dags/salse2s3.py","logger":"airflow.models.dagbag.DagBag","filename":"dagbag.py","lineno":593}
{"timestamp":"2025-10-16T18:25:58.237519Z","level":"warning","event":"The `airflow.decorators.dag` attribute is deprecated. Please use `'airflow.sdk.dag'`.","category":"DeprecatedImportWarning","filename":"/opt/airflow/dags/salse2s3.py","lineno":7,"logger":"py.warnings"}
{"timestamp":"2025-10-16T18:25:58.237581Z","level":"warning","event":"The `airflow.decorators.task` attribute is deprecated. Please use `'airflow.sdk.task'`.","category":"DeprecatedImportWarning","filename":"/opt/airflow/dags/salse2s3.py","lineno":7,"logger":"py.warnings"}
{"timestamp":"2025-10-16T18:25:58.237610Z","level":"warning","event":"The `airflow.hooks.base.BaseHook` attribute is deprecated. Please use `'airflow.sdk.bases.hook.BaseHook'`.","category":"DeprecatedImportWarning","filename":"/opt/airflow/dags/utilities/conections.py","lineno":4,"logger":"py.warnings"}
{"timestamp":"2025-10-16T18:26:28.699248Z","level":"info","event":"Filling up the DagBag from /opt/airflow/dags/salse2s3.py","logger":"airflow.models.dagbag.DagBag","filename":"dagbag.py","lineno":593}
{"timestamp":"2025-10-16T18:26:28.715696Z","level":"warning","event":"The `airflow.decorators.dag` attribute is deprecated. Please use `'airflow.sdk.dag'`.","category":"DeprecatedImportWarning","filename":"/opt/airflow/dags/salse2s3.py","lineno":7,"logger":"py.warnings"}
{"timestamp":"2025-10-16T18:26:28.715768Z","level":"warning","event":"The `airflow.decorators.task` attribute is deprecated. Please use `'airflow.sdk.task'`.","category":"DeprecatedImportWarning","filename":"/opt/airflow/dags/salse2s3.py","lineno":7,"logger":"py.warnings"}
{"timestamp":"2025-10-16T18:26:28.715801Z","level":"warning","event":"The `airflow.hooks.base.BaseHook` attribute is deprecated. Please use `'airflow.sdk.bases.hook.BaseHook'`.","category":"DeprecatedImportWarning","filename":"/opt/airflow/dags/utilities/conections.py","lineno":4,"logger":"py.warnings"}
{"timestamp":"2025-10-16T18:26:59.098097Z","level":"info","event":"Filling up the DagBag from /opt/airflow/dags/salse2s3.py","logger":"airflow.models.dagbag.DagBag","filename":"dagbag.py","lineno":593}
{"timestamp":"2025-10-16T18:26:59.115051Z","level":"warning","event":"The `airflow.decorators.dag` attribute is deprecated. Please use `'airflow.sdk.dag'`.","category":"DeprecatedImportWarning","filename":"/opt/airflow/dags/salse2s3.py","lineno":7,"logger":"py.warnings"}
{"timestamp":"2025-10-16T18:26:59.115145Z","level":"warning","event":"The `airflow.decorators.task` attribute is deprecated. Please use `'airflow.sdk.task'`.","category":"DeprecatedImportWarning","filename":"/opt/airflow/dags/salse2s3.py","lineno":7,"logger":"py.warnings"}
{"timestamp":"2025-10-16T18:26:59.115184Z","level":"warning","event":"The `airflow.hooks.base.BaseHook` attribute is deprecated. Please use `'airflow.sdk.bases.hook.BaseHook'`.","category":"DeprecatedImportWarning","filename":"/opt/airflow/dags/utilities/conections.py","lineno":4,"logger":"py.warnings"}
{"timestamp":"2025-10-16T18:27:29.597196Z","level":"info","event":"Filling up the DagBag from /opt/airflow/dags/salse2s3.py","logger":"airflow.models.dagbag.DagBag","filename":"dagbag.py","lineno":593}
{"timestamp":"2025-10-16T18:27:29.630059Z","level":"warning","event":"The `airflow.decorators.dag` attribute is deprecated. Please use `'airflow.sdk.dag'`.","category":"DeprecatedImportWarning","filename":"/opt/airflow/dags/salse2s3.py","lineno":7,"logger":"py.warnings"}
{"timestamp":"2025-10-16T18:27:29.630152Z","level":"warning","event":"The `airflow.decorators.task` attribute is deprecated. Please use `'airflow.sdk.task'`.","category":"DeprecatedImportWarning","filename":"/opt/airflow/dags/salse2s3.py","lineno":7,"logger":"py.warnings"}
{"timestamp":"2025-10-16T18:27:29.630185Z","level":"warning","event":"The `airflow.hooks.base.BaseHook` attribute is deprecated. Please use `'airflow.sdk.bases.hook.BaseHook'`.","category":"DeprecatedImportWarning","filename":"/opt/airflow/dags/utilities/conections.py","lineno":4,"logger":"py.warnings"}
{"timestamp":"2025-10-16T18:28:00.289802Z","level":"info","event":"Filling up the DagBag from /opt/airflow/dags/salse2s3.py","logger":"airflow.models.dagbag.DagBag","filename":"dagbag.py","lineno":593}
{"timestamp":"2025-10-16T18:28:00.313975Z","level":"warning","event":"The `airflow.decorators.dag` attribute is deprecated. Please use `'airflow.sdk.dag'`.","category":"DeprecatedImportWarning","filename":"/opt/airflow/dags/salse2s3.py","lineno":7,"logger":"py.warnings"}
{"timestamp":"2025-10-16T18:28:00.314184Z","level":"warning","event":"The `airflow.decorators.task` attribute is deprecated. Please use `'airflow.sdk.task'`.","category":"DeprecatedImportWarning","filename":"/opt/airflow/dags/salse2s3.py","lineno":7,"logger":"py.warnings"}
{"timestamp":"2025-10-16T18:28:00.314217Z","level":"warning","event":"The `airflow.hooks.base.BaseHook` attribute is deprecated. Please use `'airflow.sdk.bases.hook.BaseHook'`.","category":"DeprecatedImportWarning","filename":"/opt/airflow/dags/utilities/conections.py","lineno":4,"logger":"py.warnings"}
{"timestamp":"2025-10-16T18:28:30.795252Z","level":"info","event":"Filling up the DagBag from /opt/airflow/dags/salse2s3.py","logger":"airflow.models.dagbag.DagBag","filename":"dagbag.py","lineno":593}
{"timestamp":"2025-10-16T18:28:30.823388Z","level":"warning","event":"The `airflow.decorators.dag` attribute is deprecated. Please use `'airflow.sdk.dag'`.","category":"DeprecatedImportWarning","filename":"/opt/airflow/dags/salse2s3.py","lineno":7,"logger":"py.warnings"}
{"timestamp":"2025-10-16T18:28:30.823474Z","level":"warning","event":"The `airflow.decorators.task` attribute is deprecated. Please use `'airflow.sdk.task'`.","category":"DeprecatedImportWarning","filename":"/opt/airflow/dags/salse2s3.py","lineno":7,"logger":"py.warnings"}
{"timestamp":"2025-10-16T18:28:30.823508Z","level":"warning","event":"The `airflow.hooks.base.BaseHook` attribute is deprecated. Please use `'airflow.sdk.bases.hook.BaseHook'`.","category":"DeprecatedImportWarning","filename":"/opt/airflow/dags/utilities/conections.py","lineno":4,"logger":"py.warnings"}
{"timestamp":"2025-10-16T18:29:01.202785Z","level":"info","event":"Filling up the DagBag from /opt/airflow/dags/salse2s3.py","logger":"airflow.models.dagbag.DagBag","filename":"dagbag.py","lineno":593}
{"timestamp":"2025-10-16T18:29:01.219567Z","level":"warning","event":"The `airflow.decorators.dag` attribute is deprecated. Please use `'airflow.sdk.dag'`.","category":"DeprecatedImportWarning","filename":"/opt/airflow/dags/salse2s3.py","lineno":7,"logger":"py.warnings"}
{"timestamp":"2025-10-16T18:29:01.219738Z","level":"warning","event":"The `airflow.decorators.task` attribute is deprecated. Please use `'airflow.sdk.task'`.","category":"DeprecatedImportWarning","filename":"/opt/airflow/dags/salse2s3.py","lineno":7,"logger":"py.warnings"}
{"timestamp":"2025-10-16T18:29:01.219772Z","level":"warning","event":"The `airflow.hooks.base.BaseHook` attribute is deprecated. Please use `'airflow.sdk.bases.hook.BaseHook'`.","category":"DeprecatedImportWarning","filename":"/opt/airflow/dags/utilities/conections.py","lineno":4,"logger":"py.warnings"}
{"timestamp":"2025-10-16T18:29:31.615759Z","level":"info","event":"Filling up the DagBag from /opt/airflow/dags/salse2s3.py","logger":"airflow.models.dagbag.DagBag","filename":"dagbag.py","lineno":593}
{"timestamp":"2025-10-16T18:29:31.633512Z","level":"warning","event":"The `airflow.decorators.dag` attribute is deprecated. Please use `'airflow.sdk.dag'`.","category":"DeprecatedImportWarning","filename":"/opt/airflow/dags/salse2s3.py","lineno":7,"logger":"py.warnings"}
{"timestamp":"2025-10-16T18:29:31.633704Z","level":"warning","event":"The `airflow.decorators.task` attribute is deprecated. Please use `'airflow.sdk.task'`.","category":"DeprecatedImportWarning","filename":"/opt/airflow/dags/salse2s3.py","lineno":7,"logger":"py.warnings"}
{"timestamp":"2025-10-16T18:29:31.633744Z","level":"warning","event":"The `airflow.hooks.base.BaseHook` attribute is deprecated. Please use `'airflow.sdk.bases.hook.BaseHook'`.","category":"DeprecatedImportWarning","filename":"/opt/airflow/dags/utilities/conections.py","lineno":4,"logger":"py.warnings"}
{"timestamp":"2025-10-16T18:30:02.051465Z","level":"info","event":"Filling up the DagBag from /opt/airflow/dags/salse2s3.py","logger":"airflow.models.dagbag.DagBag","filename":"dagbag.py","lineno":593}
{"timestamp":"2025-10-16T18:30:02.074699Z","level":"warning","event":"The `airflow.decorators.dag` attribute is deprecated. Please use `'airflow.sdk.dag'`.","category":"DeprecatedImportWarning","filename":"/opt/airflow/dags/salse2s3.py","lineno":7,"logger":"py.warnings"}
{"timestamp":"2025-10-16T18:30:02.075008Z","level":"warning","event":"The `airflow.decorators.task` attribute is deprecated. Please use `'airflow.sdk.task'`.","category":"DeprecatedImportWarning","filename":"/opt/airflow/dags/salse2s3.py","lineno":7,"logger":"py.warnings"}
{"timestamp":"2025-10-16T18:30:02.075076Z","level":"warning","event":"The `airflow.hooks.base.BaseHook` attribute is deprecated. Please use `'airflow.sdk.bases.hook.BaseHook'`.","category":"DeprecatedImportWarning","filename":"/opt/airflow/dags/utilities/conections.py","lineno":4,"logger":"py.warnings"}
{"timestamp":"2025-10-16T18:30:32.539650Z","level":"info","event":"Filling up the DagBag from /opt/airflow/dags/salse2s3.py","logger":"airflow.models.dagbag.DagBag","filename":"dagbag.py","lineno":593}
{"timestamp":"2025-10-16T18:30:32.557381Z","level":"warning","event":"The `airflow.decorators.dag` attribute is deprecated. Please use `'airflow.sdk.dag'`.","category":"DeprecatedImportWarning","filename":"/opt/airflow/dags/salse2s3.py","lineno":7,"logger":"py.warnings"}
{"timestamp":"2025-10-16T18:30:32.557807Z","level":"warning","event":"The `airflow.decorators.task` attribute is deprecated. Please use `'airflow.sdk.task'`.","category":"DeprecatedImportWarning","filename":"/opt/airflow/dags/salse2s3.py","lineno":7,"logger":"py.warnings"}
{"timestamp":"2025-10-16T18:30:32.557993Z","level":"warning","event":"The `airflow.hooks.base.BaseHook` attribute is deprecated. Please use `'airflow.sdk.bases.hook.BaseHook'`.","category":"DeprecatedImportWarning","filename":"/opt/airflow/dags/utilities/conections.py","lineno":4,"logger":"py.warnings"}
{"timestamp":"2025-10-16T18:31:02.995709Z","level":"info","event":"Filling up the DagBag from /opt/airflow/dags/salse2s3.py","logger":"airflow.models.dagbag.DagBag","filename":"dagbag.py","lineno":593}
{"timestamp":"2025-10-16T18:31:03.014873Z","level":"warning","event":"The `airflow.decorators.dag` attribute is deprecated. Please use `'airflow.sdk.dag'`.","category":"DeprecatedImportWarning","filename":"/opt/airflow/dags/salse2s3.py","lineno":7,"logger":"py.warnings"}
{"timestamp":"2025-10-16T18:31:03.015049Z","level":"warning","event":"The `airflow.decorators.task` attribute is deprecated. Please use `'airflow.sdk.task'`.","category":"DeprecatedImportWarning","filename":"/opt/airflow/dags/salse2s3.py","lineno":7,"logger":"py.warnings"}
{"timestamp":"2025-10-16T18:31:03.015084Z","level":"warning","event":"The `airflow.hooks.base.BaseHook` attribute is deprecated. Please use `'airflow.sdk.bases.hook.BaseHook'`.","category":"DeprecatedImportWarning","filename":"/opt/airflow/dags/utilities/conections.py","lineno":4,"logger":"py.warnings"}
{"timestamp":"2025-10-16T18:31:33.420290Z","level":"info","event":"Filling up the DagBag from /opt/airflow/dags/salse2s3.py","logger":"airflow.models.dagbag.DagBag","filename":"dagbag.py","lineno":593}
{"timestamp":"2025-10-16T18:31:33.439566Z","level":"warning","event":"The `airflow.decorators.dag` attribute is deprecated. Please use `'airflow.sdk.dag'`.","category":"DeprecatedImportWarning","filename":"/opt/airflow/dags/salse2s3.py","lineno":7,"logger":"py.warnings"}
{"timestamp":"2025-10-16T18:31:33.439633Z","level":"warning","event":"The `airflow.decorators.task` attribute is deprecated. Please use `'airflow.sdk.task'`.","category":"DeprecatedImportWarning","filename":"/opt/airflow/dags/salse2s3.py","lineno":7,"logger":"py.warnings"}
{"timestamp":"2025-10-16T18:31:33.439663Z","level":"warning","event":"The `airflow.hooks.base.BaseHook` attribute is deprecated. Please use `'airflow.sdk.bases.hook.BaseHook'`.","category":"DeprecatedImportWarning","filename":"/opt/airflow/dags/utilities/conections.py","lineno":4,"logger":"py.warnings"}
{"timestamp":"2025-10-16T18:32:03.890938Z","level":"info","event":"Filling up the DagBag from /opt/airflow/dags/salse2s3.py","logger":"airflow.models.dagbag.DagBag","filename":"dagbag.py","lineno":593}
{"timestamp":"2025-10-16T18:32:03.925972Z","level":"warning","event":"The `airflow.decorators.dag` attribute is deprecated. Please use `'airflow.sdk.dag'`.","category":"DeprecatedImportWarning","filename":"/opt/airflow/dags/salse2s3.py","lineno":7,"logger":"py.warnings"}
{"timestamp":"2025-10-16T18:32:03.926058Z","level":"warning","event":"The `airflow.decorators.task` attribute is deprecated. Please use `'airflow.sdk.task'`.","category":"DeprecatedImportWarning","filename":"/opt/airflow/dags/salse2s3.py","lineno":7,"logger":"py.warnings"}
{"timestamp":"2025-10-16T18:32:03.926089Z","level":"warning","event":"The `airflow.hooks.base.BaseHook` attribute is deprecated. Please use `'airflow.sdk.bases.hook.BaseHook'`.","category":"DeprecatedImportWarning","filename":"/opt/airflow/dags/utilities/conections.py","lineno":4,"logger":"py.warnings"}
{"timestamp":"2025-10-16T18:32:34.451067Z","level":"info","event":"Filling up the DagBag from /opt/airflow/dags/salse2s3.py","logger":"airflow.models.dagbag.DagBag","filename":"dagbag.py","lineno":593}
{"timestamp":"2025-10-16T18:32:34.476826Z","level":"warning","event":"The `airflow.decorators.dag` attribute is deprecated. Please use `'airflow.sdk.dag'`.","category":"DeprecatedImportWarning","filename":"/opt/airflow/dags/salse2s3.py","lineno":7,"logger":"py.warnings"}
{"timestamp":"2025-10-16T18:32:34.476925Z","level":"warning","event":"The `airflow.decorators.task` attribute is deprecated. Please use `'airflow.sdk.task'`.","category":"DeprecatedImportWarning","filename":"/opt/airflow/dags/salse2s3.py","lineno":7,"logger":"py.warnings"}
{"timestamp":"2025-10-16T18:32:34.476959Z","level":"warning","event":"The `airflow.hooks.base.BaseHook` attribute is deprecated. Please use `'airflow.sdk.bases.hook.BaseHook'`.","category":"DeprecatedImportWarning","filename":"/opt/airflow/dags/utilities/conections.py","lineno":4,"logger":"py.warnings"}
{"timestamp":"2025-10-16T18:33:04.985693Z","level":"info","event":"Filling up the DagBag from /opt/airflow/dags/salse2s3.py","logger":"airflow.models.dagbag.DagBag","filename":"dagbag.py","lineno":593}
{"timestamp":"2025-10-16T18:33:05.008442Z","level":"warning","event":"The `airflow.decorators.dag` attribute is deprecated. Please use `'airflow.sdk.dag'`.","category":"DeprecatedImportWarning","filename":"/opt/airflow/dags/salse2s3.py","lineno":7,"logger":"py.warnings"}
{"timestamp":"2025-10-16T18:33:05.008512Z","level":"warning","event":"The `airflow.decorators.task` attribute is deprecated. Please use `'airflow.sdk.task'`.","category":"DeprecatedImportWarning","filename":"/opt/airflow/dags/salse2s3.py","lineno":7,"logger":"py.warnings"}
{"timestamp":"2025-10-16T18:33:05.008544Z","level":"warning","event":"The `airflow.hooks.base.BaseHook` attribute is deprecated. Please use `'airflow.sdk.bases.hook.BaseHook'`.","category":"DeprecatedImportWarning","filename":"/opt/airflow/dags/utilities/conections.py","lineno":4,"logger":"py.warnings"}
{"timestamp":"2025-10-16T18:33:35.460802Z","level":"info","event":"Filling up the DagBag from /opt/airflow/dags/salse2s3.py","logger":"airflow.models.dagbag.DagBag","filename":"dagbag.py","lineno":593}
{"timestamp":"2025-10-16T18:33:35.483722Z","level":"warning","event":"The `airflow.decorators.dag` attribute is deprecated. Please use `'airflow.sdk.dag'`.","category":"DeprecatedImportWarning","filename":"/opt/airflow/dags/salse2s3.py","lineno":7,"logger":"py.warnings"}
{"timestamp":"2025-10-16T18:33:35.483994Z","level":"warning","event":"The `airflow.decorators.task` attribute is deprecated. Please use `'airflow.sdk.task'`.","category":"DeprecatedImportWarning","filename":"/opt/airflow/dags/salse2s3.py","lineno":7,"logger":"py.warnings"}
{"timestamp":"2025-10-16T18:33:35.484031Z","level":"warning","event":"The `airflow.hooks.base.BaseHook` attribute is deprecated. Please use `'airflow.sdk.bases.hook.BaseHook'`.","category":"DeprecatedImportWarning","filename":"/opt/airflow/dags/utilities/conections.py","lineno":4,"logger":"py.warnings"}
{"timestamp":"2025-10-16T18:34:05.924542Z","level":"info","event":"Filling up the DagBag from /opt/airflow/dags/salse2s3.py","logger":"airflow.models.dagbag.DagBag","filename":"dagbag.py","lineno":593}
{"timestamp":"2025-10-16T18:34:05.942870Z","level":"warning","event":"The `airflow.decorators.dag` attribute is deprecated. Please use `'airflow.sdk.dag'`.","category":"DeprecatedImportWarning","filename":"/opt/airflow/dags/salse2s3.py","lineno":7,"logger":"py.warnings"}
{"timestamp":"2025-10-16T18:34:05.943043Z","level":"warning","event":"The `airflow.decorators.task` attribute is deprecated. Please use `'airflow.sdk.task'`.","category":"DeprecatedImportWarning","filename":"/opt/airflow/dags/salse2s3.py","lineno":7,"logger":"py.warnings"}
{"timestamp":"2025-10-16T18:34:05.943077Z","level":"warning","event":"The `airflow.hooks.base.BaseHook` attribute is deprecated. Please use `'airflow.sdk.bases.hook.BaseHook'`.","category":"DeprecatedImportWarning","filename":"/opt/airflow/dags/utilities/conections.py","lineno":4,"logger":"py.warnings"}
{"timestamp":"2025-10-16T18:34:36.383556Z","level":"info","event":"Filling up the DagBag from /opt/airflow/dags/salse2s3.py","logger":"airflow.models.dagbag.DagBag","filename":"dagbag.py","lineno":593}
{"timestamp":"2025-10-16T18:34:36.398605Z","level":"warning","event":"The `airflow.decorators.dag` attribute is deprecated. Please use `'airflow.sdk.dag'`.","category":"DeprecatedImportWarning","filename":"/opt/airflow/dags/salse2s3.py","lineno":7,"logger":"py.warnings"}
{"timestamp":"2025-10-16T18:34:36.398773Z","level":"warning","event":"The `airflow.decorators.task` attribute is deprecated. Please use `'airflow.sdk.task'`.","category":"DeprecatedImportWarning","filename":"/opt/airflow/dags/salse2s3.py","lineno":7,"logger":"py.warnings"}
{"timestamp":"2025-10-16T18:34:36.398808Z","level":"warning","event":"The `airflow.hooks.base.BaseHook` attribute is deprecated. Please use `'airflow.sdk.bases.hook.BaseHook'`.","category":"DeprecatedImportWarning","filename":"/opt/airflow/dags/utilities/conections.py","lineno":4,"logger":"py.warnings"}
{"timestamp":"2025-10-16T18:35:06.808594Z","level":"info","event":"Filling up the DagBag from /opt/airflow/dags/salse2s3.py","logger":"airflow.models.dagbag.DagBag","filename":"dagbag.py","lineno":593}
{"timestamp":"2025-10-16T18:35:06.823639Z","level":"warning","event":"The `airflow.decorators.dag` attribute is deprecated. Please use `'airflow.sdk.dag'`.","category":"DeprecatedImportWarning","filename":"/opt/airflow/dags/salse2s3.py","lineno":7,"logger":"py.warnings"}
{"timestamp":"2025-10-16T18:35:06.823705Z","level":"warning","event":"The `airflow.decorators.task` attribute is deprecated. Please use `'airflow.sdk.task'`.","category":"DeprecatedImportWarning","filename":"/opt/airflow/dags/salse2s3.py","lineno":7,"logger":"py.warnings"}
{"timestamp":"2025-10-16T18:35:06.823736Z","level":"warning","event":"The `airflow.hooks.base.BaseHook` attribute is deprecated. Please use `'airflow.sdk.bases.hook.BaseHook'`.","category":"DeprecatedImportWarning","filename":"/opt/airflow/dags/utilities/conections.py","lineno":4,"logger":"py.warnings"}
{"timestamp":"2025-10-16T18:35:37.291749Z","level":"info","event":"Filling up the DagBag from /opt/airflow/dags/salse2s3.py","logger":"airflow.models.dagbag.DagBag","filename":"dagbag.py","lineno":593}
{"timestamp":"2025-10-16T18:35:37.316499Z","level":"warning","event":"The `airflow.decorators.dag` attribute is deprecated. Please use `'airflow.sdk.dag'`.","category":"DeprecatedImportWarning","filename":"/opt/airflow/dags/salse2s3.py","lineno":7,"logger":"py.warnings"}
{"timestamp":"2025-10-16T18:35:37.316743Z","level":"warning","event":"The `airflow.decorators.task` attribute is deprecated. Please use `'airflow.sdk.task'`.","category":"DeprecatedImportWarning","filename":"/opt/airflow/dags/salse2s3.py","lineno":7,"logger":"py.warnings"}
{"timestamp":"2025-10-16T18:35:37.316777Z","level":"warning","event":"The `airflow.hooks.base.BaseHook` attribute is deprecated. Please use `'airflow.sdk.bases.hook.BaseHook'`.","category":"DeprecatedImportWarning","filename":"/opt/airflow/dags/utilities/conections.py","lineno":4,"logger":"py.warnings"}
{"timestamp":"2025-10-16T18:36:07.785152Z","level":"info","event":"Filling up the DagBag from /opt/airflow/dags/salse2s3.py","logger":"airflow.models.dagbag.DagBag","filename":"dagbag.py","lineno":593}
{"timestamp":"2025-10-16T18:36:07.810177Z","level":"warning","event":"The `airflow.decorators.dag` attribute is deprecated. Please use `'airflow.sdk.dag'`.","category":"DeprecatedImportWarning","filename":"/opt/airflow/dags/salse2s3.py","lineno":7,"logger":"py.warnings"}
{"timestamp":"2025-10-16T18:36:07.810268Z","level":"warning","event":"The `airflow.decorators.task` attribute is deprecated. Please use `'airflow.sdk.task'`.","category":"DeprecatedImportWarning","filename":"/opt/airflow/dags/salse2s3.py","lineno":7,"logger":"py.warnings"}
{"timestamp":"2025-10-16T18:36:07.810299Z","level":"warning","event":"The `airflow.hooks.base.BaseHook` attribute is deprecated. Please use `'airflow.sdk.bases.hook.BaseHook'`.","category":"DeprecatedImportWarning","filename":"/opt/airflow/dags/utilities/conections.py","lineno":4,"logger":"py.warnings"}
{"timestamp":"2025-10-16T18:36:38.302569Z","level":"info","event":"Filling up the DagBag from /opt/airflow/dags/salse2s3.py","logger":"airflow.models.dagbag.DagBag","filename":"dagbag.py","lineno":593}
{"timestamp":"2025-10-16T18:36:38.318456Z","level":"warning","event":"The `airflow.decorators.dag` attribute is deprecated. Please use `'airflow.sdk.dag'`.","category":"DeprecatedImportWarning","filename":"/opt/airflow/dags/salse2s3.py","lineno":7,"logger":"py.warnings"}
{"timestamp":"2025-10-16T18:36:38.318520Z","level":"warning","event":"The `airflow.decorators.task` attribute is deprecated. Please use `'airflow.sdk.task'`.","category":"DeprecatedImportWarning","filename":"/opt/airflow/dags/salse2s3.py","lineno":7,"logger":"py.warnings"}
{"timestamp":"2025-10-16T18:36:38.318549Z","level":"warning","event":"The `airflow.hooks.base.BaseHook` attribute is deprecated. Please use `'airflow.sdk.bases.hook.BaseHook'`.","category":"DeprecatedImportWarning","filename":"/opt/airflow/dags/utilities/conections.py","lineno":4,"logger":"py.warnings"}
{"timestamp":"2025-10-16T18:37:08.733793Z","level":"info","event":"Filling up the DagBag from /opt/airflow/dags/salse2s3.py","logger":"airflow.models.dagbag.DagBag","filename":"dagbag.py","lineno":593}
{"timestamp":"2025-10-16T18:37:08.746850Z","level":"warning","event":"The `airflow.decorators.dag` attribute is deprecated. Please use `'airflow.sdk.dag'`.","category":"DeprecatedImportWarning","filename":"/opt/airflow/dags/salse2s3.py","lineno":7,"logger":"py.warnings"}
{"timestamp":"2025-10-16T18:37:08.746920Z","level":"warning","event":"The `airflow.decorators.task` attribute is deprecated. Please use `'airflow.sdk.task'`.","category":"DeprecatedImportWarning","filename":"/opt/airflow/dags/salse2s3.py","lineno":7,"logger":"py.warnings"}
{"timestamp":"2025-10-16T18:37:08.746959Z","level":"warning","event":"The `airflow.hooks.base.BaseHook` attribute is deprecated. Please use `'airflow.sdk.bases.hook.BaseHook'`.","category":"DeprecatedImportWarning","filename":"/opt/airflow/dags/utilities/conections.py","lineno":4,"logger":"py.warnings"}
{"timestamp":"2025-10-16T18:37:39.161987Z","level":"info","event":"Filling up the DagBag from /opt/airflow/dags/salse2s3.py","logger":"airflow.models.dagbag.DagBag","filename":"dagbag.py","lineno":593}
{"timestamp":"2025-10-16T18:37:39.181064Z","level":"warning","event":"The `airflow.decorators.dag` attribute is deprecated. Please use `'airflow.sdk.dag'`.","category":"DeprecatedImportWarning","filename":"/opt/airflow/dags/salse2s3.py","lineno":7,"logger":"py.warnings"}
{"timestamp":"2025-10-16T18:37:39.181139Z","level":"warning","event":"The `airflow.decorators.task` attribute is deprecated. Please use `'airflow.sdk.task'`.","category":"DeprecatedImportWarning","filename":"/opt/airflow/dags/salse2s3.py","lineno":7,"logger":"py.warnings"}
{"timestamp":"2025-10-16T18:37:39.181168Z","level":"warning","event":"The `airflow.hooks.base.BaseHook` attribute is deprecated. Please use `'airflow.sdk.bases.hook.BaseHook'`.","category":"DeprecatedImportWarning","filename":"/opt/airflow/dags/utilities/conections.py","lineno":4,"logger":"py.warnings"}
{"timestamp":"2025-10-16T18:38:09.566059Z","level":"info","event":"Filling up the DagBag from /opt/airflow/dags/salse2s3.py","logger":"airflow.models.dagbag.DagBag","filename":"dagbag.py","lineno":593}
{"timestamp":"2025-10-16T18:38:09.602917Z","level":"warning","event":"The `airflow.decorators.dag` attribute is deprecated. Please use `'airflow.sdk.dag'`.","category":"DeprecatedImportWarning","filename":"/opt/airflow/dags/salse2s3.py","lineno":7,"logger":"py.warnings"}
{"timestamp":"2025-10-16T18:38:09.603097Z","level":"warning","event":"The `airflow.decorators.task` attribute is deprecated. Please use `'airflow.sdk.task'`.","category":"DeprecatedImportWarning","filename":"/opt/airflow/dags/salse2s3.py","lineno":7,"logger":"py.warnings"}
{"timestamp":"2025-10-16T18:38:09.603143Z","level":"warning","event":"The `airflow.hooks.base.BaseHook` attribute is deprecated. Please use `'airflow.sdk.bases.hook.BaseHook'`.","category":"DeprecatedImportWarning","filename":"/opt/airflow/dags/utilities/conections.py","lineno":4,"logger":"py.warnings"}
{"timestamp":"2025-10-16T18:38:39.997664Z","level":"info","event":"Filling up the DagBag from /opt/airflow/dags/salse2s3.py","logger":"airflow.models.dagbag.DagBag","filename":"dagbag.py","lineno":593}
{"timestamp":"2025-10-16T18:38:40.017032Z","level":"warning","event":"The `airflow.decorators.dag` attribute is deprecated. Please use `'airflow.sdk.dag'`.","category":"DeprecatedImportWarning","filename":"/opt/airflow/dags/salse2s3.py","lineno":7,"logger":"py.warnings"}
{"timestamp":"2025-10-16T18:38:40.017093Z","level":"warning","event":"The `airflow.decorators.task` attribute is deprecated. Please use `'airflow.sdk.task'`.","category":"DeprecatedImportWarning","filename":"/opt/airflow/dags/salse2s3.py","lineno":7,"logger":"py.warnings"}
{"timestamp":"2025-10-16T18:38:40.017121Z","level":"warning","event":"The `airflow.hooks.base.BaseHook` attribute is deprecated. Please use `'airflow.sdk.bases.hook.BaseHook'`.","category":"DeprecatedImportWarning","filename":"/opt/airflow/dags/utilities/conections.py","lineno":4,"logger":"py.warnings"}
{"timestamp":"2025-10-16T18:39:10.413157Z","level":"info","event":"Filling up the DagBag from /opt/airflow/dags/salse2s3.py","logger":"airflow.models.dagbag.DagBag","filename":"dagbag.py","lineno":593}
{"timestamp":"2025-10-16T18:39:10.431357Z","level":"warning","event":"The `airflow.decorators.dag` attribute is deprecated. Please use `'airflow.sdk.dag'`.","category":"DeprecatedImportWarning","filename":"/opt/airflow/dags/salse2s3.py","lineno":7,"logger":"py.warnings"}
{"timestamp":"2025-10-16T18:39:10.431417Z","level":"warning","event":"The `airflow.decorators.task` attribute is deprecated. Please use `'airflow.sdk.task'`.","category":"DeprecatedImportWarning","filename":"/opt/airflow/dags/salse2s3.py","lineno":7,"logger":"py.warnings"}
{"timestamp":"2025-10-16T18:39:10.431448Z","level":"warning","event":"The `airflow.hooks.base.BaseHook` attribute is deprecated. Please use `'airflow.sdk.bases.hook.BaseHook'`.","category":"DeprecatedImportWarning","filename":"/opt/airflow/dags/utilities/conections.py","lineno":4,"logger":"py.warnings"}
{"timestamp":"2025-10-16T18:39:40.863981Z","level":"info","event":"Filling up the DagBag from /opt/airflow/dags/salse2s3.py","logger":"airflow.models.dagbag.DagBag","filename":"dagbag.py","lineno":593}
{"timestamp":"2025-10-16T18:39:40.887844Z","level":"warning","event":"The `airflow.decorators.dag` attribute is deprecated. Please use `'airflow.sdk.dag'`.","category":"DeprecatedImportWarning","filename":"/opt/airflow/dags/salse2s3.py","lineno":7,"logger":"py.warnings"}
{"timestamp":"2025-10-16T18:39:40.887903Z","level":"warning","event":"The `airflow.decorators.task` attribute is deprecated. Please use `'airflow.sdk.task'`.","category":"DeprecatedImportWarning","filename":"/opt/airflow/dags/salse2s3.py","lineno":7,"logger":"py.warnings"}
{"timestamp":"2025-10-16T18:39:40.887934Z","level":"warning","event":"The `airflow.hooks.base.BaseHook` attribute is deprecated. Please use `'airflow.sdk.bases.hook.BaseHook'`.","category":"DeprecatedImportWarning","filename":"/opt/airflow/dags/utilities/conections.py","lineno":4,"logger":"py.warnings"}
{"timestamp":"2025-10-16T18:40:11.291330Z","level":"info","event":"Filling up the DagBag from /opt/airflow/dags/salse2s3.py","logger":"airflow.models.dagbag.DagBag","filename":"dagbag.py","lineno":593}
{"timestamp":"2025-10-16T18:40:11.306517Z","level":"warning","event":"The `airflow.decorators.dag` attribute is deprecated. Please use `'airflow.sdk.dag'`.","category":"DeprecatedImportWarning","filename":"/opt/airflow/dags/salse2s3.py","lineno":7,"logger":"py.warnings"}
{"timestamp":"2025-10-16T18:40:11.306583Z","level":"warning","event":"The `airflow.decorators.task` attribute is deprecated. Please use `'airflow.sdk.task'`.","category":"DeprecatedImportWarning","filename":"/opt/airflow/dags/salse2s3.py","lineno":7,"logger":"py.warnings"}
{"timestamp":"2025-10-16T18:40:11.306613Z","level":"warning","event":"The `airflow.hooks.base.BaseHook` attribute is deprecated. Please use `'airflow.sdk.bases.hook.BaseHook'`.","category":"DeprecatedImportWarning","filename":"/opt/airflow/dags/utilities/conections.py","lineno":4,"logger":"py.warnings"}
{"timestamp":"2025-10-16T18:40:41.670081Z","level":"info","event":"Filling up the DagBag from /opt/airflow/dags/salse2s3.py","logger":"airflow.models.dagbag.DagBag","filename":"dagbag.py","lineno":593}
{"timestamp":"2025-10-16T18:40:41.689039Z","level":"warning","event":"The `airflow.decorators.dag` attribute is deprecated. Please use `'airflow.sdk.dag'`.","category":"DeprecatedImportWarning","filename":"/opt/airflow/dags/salse2s3.py","lineno":7,"logger":"py.warnings"}
{"timestamp":"2025-10-16T18:40:41.689134Z","level":"warning","event":"The `airflow.decorators.task` attribute is deprecated. Please use `'airflow.sdk.task'`.","category":"DeprecatedImportWarning","filename":"/opt/airflow/dags/salse2s3.py","lineno":7,"logger":"py.warnings"}
{"timestamp":"2025-10-16T18:40:41.689195Z","level":"warning","event":"The `airflow.hooks.base.BaseHook` attribute is deprecated. Please use `'airflow.sdk.bases.hook.BaseHook'`.","category":"DeprecatedImportWarning","filename":"/opt/airflow/dags/utilities/conections.py","lineno":4,"logger":"py.warnings"}
{"timestamp":"2025-10-16T18:41:12.133949Z","level":"info","event":"Filling up the DagBag from /opt/airflow/dags/salse2s3.py","logger":"airflow.models.dagbag.DagBag","filename":"dagbag.py","lineno":593}
{"timestamp":"2025-10-16T18:41:12.156518Z","level":"warning","event":"The `airflow.decorators.dag` attribute is deprecated. Please use `'airflow.sdk.dag'`.","category":"DeprecatedImportWarning","filename":"/opt/airflow/dags/salse2s3.py","lineno":7,"logger":"py.warnings"}
{"timestamp":"2025-10-16T18:41:12.156597Z","level":"warning","event":"The `airflow.decorators.task` attribute is deprecated. Please use `'airflow.sdk.task'`.","category":"DeprecatedImportWarning","filename":"/opt/airflow/dags/salse2s3.py","lineno":7,"logger":"py.warnings"}
{"timestamp":"2025-10-16T18:41:12.156628Z","level":"warning","event":"The `airflow.hooks.base.BaseHook` attribute is deprecated. Please use `'airflow.sdk.bases.hook.BaseHook'`.","category":"DeprecatedImportWarning","filename":"/opt/airflow/dags/utilities/conections.py","lineno":4,"logger":"py.warnings"}
{"timestamp":"2025-10-16T18:41:42.605342Z","level":"info","event":"Filling up the DagBag from /opt/airflow/dags/salse2s3.py","logger":"airflow.models.dagbag.DagBag","filename":"dagbag.py","lineno":593}
{"timestamp":"2025-10-16T18:41:42.626870Z","level":"warning","event":"The `airflow.decorators.dag` attribute is deprecated. Please use `'airflow.sdk.dag'`.","category":"DeprecatedImportWarning","filename":"/opt/airflow/dags/salse2s3.py","lineno":7,"logger":"py.warnings"}
{"timestamp":"2025-10-16T18:41:42.626940Z","level":"warning","event":"The `airflow.decorators.task` attribute is deprecated. Please use `'airflow.sdk.task'`.","category":"DeprecatedImportWarning","filename":"/opt/airflow/dags/salse2s3.py","lineno":7,"logger":"py.warnings"}
{"timestamp":"2025-10-16T18:41:42.626971Z","level":"warning","event":"The `airflow.hooks.base.BaseHook` attribute is deprecated. Please use `'airflow.sdk.bases.hook.BaseHook'`.","category":"DeprecatedImportWarning","filename":"/opt/airflow/dags/utilities/conections.py","lineno":4,"logger":"py.warnings"}
{"timestamp":"2025-10-16T18:42:13.098473Z","level":"info","event":"Filling up the DagBag from /opt/airflow/dags/salse2s3.py","logger":"airflow.models.dagbag.DagBag","filename":"dagbag.py","lineno":593}
{"timestamp":"2025-10-16T18:42:13.133824Z","level":"warning","event":"The `airflow.decorators.dag` attribute is deprecated. Please use `'airflow.sdk.dag'`.","category":"DeprecatedImportWarning","filename":"/opt/airflow/dags/salse2s3.py","lineno":7,"logger":"py.warnings"}
{"timestamp":"2025-10-16T18:42:13.133914Z","level":"warning","event":"The `airflow.decorators.task` attribute is deprecated. Please use `'airflow.sdk.task'`.","category":"DeprecatedImportWarning","filename":"/opt/airflow/dags/salse2s3.py","lineno":7,"logger":"py.warnings"}
{"timestamp":"2025-10-16T18:42:13.133954Z","level":"warning","event":"The `airflow.hooks.base.BaseHook` attribute is deprecated. Please use `'airflow.sdk.bases.hook.BaseHook'`.","category":"DeprecatedImportWarning","filename":"/opt/airflow/dags/utilities/conections.py","lineno":4,"logger":"py.warnings"}
{"timestamp":"2025-10-16T18:42:43.651060Z","level":"info","event":"Filling up the DagBag from /opt/airflow/dags/salse2s3.py","logger":"airflow.models.dagbag.DagBag","filename":"dagbag.py","lineno":593}
{"timestamp":"2025-10-16T18:42:43.681575Z","level":"warning","event":"The `airflow.decorators.dag` attribute is deprecated. Please use `'airflow.sdk.dag'`.","category":"DeprecatedImportWarning","filename":"/opt/airflow/dags/salse2s3.py","lineno":7,"logger":"py.warnings"}
{"timestamp":"2025-10-16T18:42:43.681678Z","level":"warning","event":"The `airflow.decorators.task` attribute is deprecated. Please use `'airflow.sdk.task'`.","category":"DeprecatedImportWarning","filename":"/opt/airflow/dags/salse2s3.py","lineno":7,"logger":"py.warnings"}
{"timestamp":"2025-10-16T18:42:43.681717Z","level":"warning","event":"The `airflow.hooks.base.BaseHook` attribute is deprecated. Please use `'airflow.sdk.bases.hook.BaseHook'`.","category":"DeprecatedImportWarning","filename":"/opt/airflow/dags/utilities/conections.py","lineno":4,"logger":"py.warnings"}
{"timestamp":"2025-10-16T18:43:14.059633Z","level":"info","event":"Filling up the DagBag from /opt/airflow/dags/salse2s3.py","logger":"airflow.models.dagbag.DagBag","filename":"dagbag.py","lineno":593}
{"timestamp":"2025-10-16T18:43:14.090079Z","level":"warning","event":"The `airflow.decorators.dag` attribute is deprecated. Please use `'airflow.sdk.dag'`.","category":"DeprecatedImportWarning","filename":"/opt/airflow/dags/salse2s3.py","lineno":7,"logger":"py.warnings"}
{"timestamp":"2025-10-16T18:43:14.090155Z","level":"warning","event":"The `airflow.decorators.task` attribute is deprecated. Please use `'airflow.sdk.task'`.","category":"DeprecatedImportWarning","filename":"/opt/airflow/dags/salse2s3.py","lineno":7,"logger":"py.warnings"}
{"timestamp":"2025-10-16T18:43:14.090183Z","level":"warning","event":"The `airflow.hooks.base.BaseHook` attribute is deprecated. Please use `'airflow.sdk.bases.hook.BaseHook'`.","category":"DeprecatedImportWarning","filename":"/opt/airflow/dags/utilities/conections.py","lineno":4,"logger":"py.warnings"}
{"timestamp":"2025-10-16T18:43:44.525327Z","level":"info","event":"Filling up the DagBag from /opt/airflow/dags/salse2s3.py","logger":"airflow.models.dagbag.DagBag","filename":"dagbag.py","lineno":593}
{"timestamp":"2025-10-16T18:43:44.557569Z","level":"warning","event":"The `airflow.decorators.dag` attribute is deprecated. Please use `'airflow.sdk.dag'`.","category":"DeprecatedImportWarning","filename":"/opt/airflow/dags/salse2s3.py","lineno":7,"logger":"py.warnings"}
{"timestamp":"2025-10-16T18:43:44.557858Z","level":"warning","event":"The `airflow.decorators.task` attribute is deprecated. Please use `'airflow.sdk.task'`.","category":"DeprecatedImportWarning","filename":"/opt/airflow/dags/salse2s3.py","lineno":7,"logger":"py.warnings"}
{"timestamp":"2025-10-16T18:43:44.557896Z","level":"warning","event":"The `airflow.hooks.base.BaseHook` attribute is deprecated. Please use `'airflow.sdk.bases.hook.BaseHook'`.","category":"DeprecatedImportWarning","filename":"/opt/airflow/dags/utilities/conections.py","lineno":4,"logger":"py.warnings"}
{"timestamp":"2025-10-16T18:44:15.059794Z","level":"info","event":"Filling up the DagBag from /opt/airflow/dags/salse2s3.py","logger":"airflow.models.dagbag.DagBag","filename":"dagbag.py","lineno":593}
{"timestamp":"2025-10-16T18:44:15.086681Z","level":"warning","event":"The `airflow.decorators.dag` attribute is deprecated. Please use `'airflow.sdk.dag'`.","category":"DeprecatedImportWarning","filename":"/opt/airflow/dags/salse2s3.py","lineno":7,"logger":"py.warnings"}
{"timestamp":"2025-10-16T18:44:15.086956Z","level":"warning","event":"The `airflow.decorators.task` attribute is deprecated. Please use `'airflow.sdk.task'`.","category":"DeprecatedImportWarning","filename":"/opt/airflow/dags/salse2s3.py","lineno":7,"logger":"py.warnings"}
{"timestamp":"2025-10-16T18:44:15.086993Z","level":"warning","event":"The `airflow.hooks.base.BaseHook` attribute is deprecated. Please use `'airflow.sdk.bases.hook.BaseHook'`.","category":"DeprecatedImportWarning","filename":"/opt/airflow/dags/utilities/conections.py","lineno":4,"logger":"py.warnings"}
{"timestamp":"2025-10-16T18:44:45.555295Z","level":"info","event":"Filling up the DagBag from /opt/airflow/dags/salse2s3.py","logger":"airflow.models.dagbag.DagBag","filename":"dagbag.py","lineno":593}
{"timestamp":"2025-10-16T18:44:45.581067Z","level":"warning","event":"The `airflow.decorators.dag` attribute is deprecated. Please use `'airflow.sdk.dag'`.","category":"DeprecatedImportWarning","filename":"/opt/airflow/dags/salse2s3.py","lineno":7,"logger":"py.warnings"}
{"timestamp":"2025-10-16T18:44:45.581334Z","level":"warning","event":"The `airflow.decorators.task` attribute is deprecated. Please use `'airflow.sdk.task'`.","category":"DeprecatedImportWarning","filename":"/opt/airflow/dags/salse2s3.py","lineno":7,"logger":"py.warnings"}
{"timestamp":"2025-10-16T18:44:45.581369Z","level":"warning","event":"The `airflow.hooks.base.BaseHook` attribute is deprecated. Please use `'airflow.sdk.bases.hook.BaseHook'`.","category":"DeprecatedImportWarning","filename":"/opt/airflow/dags/utilities/conections.py","lineno":4,"logger":"py.warnings"}
{"timestamp":"2025-10-16T18:45:15.974833Z","level":"info","event":"Filling up the DagBag from /opt/airflow/dags/salse2s3.py","logger":"airflow.models.dagbag.DagBag","filename":"dagbag.py","lineno":593}
{"timestamp":"2025-10-16T18:45:15.994583Z","level":"warning","event":"The `airflow.decorators.dag` attribute is deprecated. Please use `'airflow.sdk.dag'`.","category":"DeprecatedImportWarning","filename":"/opt/airflow/dags/salse2s3.py","lineno":7,"logger":"py.warnings"}
{"timestamp":"2025-10-16T18:45:15.994762Z","level":"warning","event":"The `airflow.decorators.task` attribute is deprecated. Please use `'airflow.sdk.task'`.","category":"DeprecatedImportWarning","filename":"/opt/airflow/dags/salse2s3.py","lineno":7,"logger":"py.warnings"}
{"timestamp":"2025-10-16T18:45:15.994798Z","level":"warning","event":"The `airflow.hooks.base.BaseHook` attribute is deprecated. Please use `'airflow.sdk.bases.hook.BaseHook'`.","category":"DeprecatedImportWarning","filename":"/opt/airflow/dags/utilities/conections.py","lineno":4,"logger":"py.warnings"}
{"timestamp":"2025-10-16T18:45:46.424930Z","level":"info","event":"Filling up the DagBag from /opt/airflow/dags/salse2s3.py","logger":"airflow.models.dagbag.DagBag","filename":"dagbag.py","lineno":593}
{"timestamp":"2025-10-16T18:45:46.442566Z","level":"warning","event":"The `airflow.decorators.dag` attribute is deprecated. Please use `'airflow.sdk.dag'`.","category":"DeprecatedImportWarning","filename":"/opt/airflow/dags/salse2s3.py","lineno":7,"logger":"py.warnings"}
{"timestamp":"2025-10-16T18:45:46.442742Z","level":"warning","event":"The `airflow.decorators.task` attribute is deprecated. Please use `'airflow.sdk.task'`.","category":"DeprecatedImportWarning","filename":"/opt/airflow/dags/salse2s3.py","lineno":7,"logger":"py.warnings"}
{"timestamp":"2025-10-16T18:45:46.442780Z","level":"warning","event":"The `airflow.hooks.base.BaseHook` attribute is deprecated. Please use `'airflow.sdk.bases.hook.BaseHook'`.","category":"DeprecatedImportWarning","filename":"/opt/airflow/dags/utilities/conections.py","lineno":4,"logger":"py.warnings"}
{"timestamp":"2025-10-16T18:46:16.877901Z","level":"info","event":"Filling up the DagBag from /opt/airflow/dags/salse2s3.py","logger":"airflow.models.dagbag.DagBag","filename":"dagbag.py","lineno":593}
{"timestamp":"2025-10-16T18:46:16.898523Z","level":"warning","event":"The `airflow.decorators.dag` attribute is deprecated. Please use `'airflow.sdk.dag'`.","category":"DeprecatedImportWarning","filename":"/opt/airflow/dags/salse2s3.py","lineno":7,"logger":"py.warnings"}
{"timestamp":"2025-10-16T18:46:16.898695Z","level":"warning","event":"The `airflow.decorators.task` attribute is deprecated. Please use `'airflow.sdk.task'`.","category":"DeprecatedImportWarning","filename":"/opt/airflow/dags/salse2s3.py","lineno":7,"logger":"py.warnings"}
{"timestamp":"2025-10-16T18:46:16.898730Z","level":"warning","event":"The `airflow.hooks.base.BaseHook` attribute is deprecated. Please use `'airflow.sdk.bases.hook.BaseHook'`.","category":"DeprecatedImportWarning","filename":"/opt/airflow/dags/utilities/conections.py","lineno":4,"logger":"py.warnings"}
{"timestamp":"2025-10-16T18:46:47.383437Z","level":"info","event":"Filling up the DagBag from /opt/airflow/dags/salse2s3.py","logger":"airflow.models.dagbag.DagBag","filename":"dagbag.py","lineno":593}
{"timestamp":"2025-10-16T18:46:47.412082Z","level":"warning","event":"The `airflow.decorators.dag` attribute is deprecated. Please use `'airflow.sdk.dag'`.","category":"DeprecatedImportWarning","filename":"/opt/airflow/dags/salse2s3.py","lineno":7,"logger":"py.warnings"}
{"timestamp":"2025-10-16T18:46:47.412166Z","level":"warning","event":"The `airflow.decorators.task` attribute is deprecated. Please use `'airflow.sdk.task'`.","category":"DeprecatedImportWarning","filename":"/opt/airflow/dags/salse2s3.py","lineno":7,"logger":"py.warnings"}
{"timestamp":"2025-10-16T18:46:47.412197Z","level":"warning","event":"The `airflow.hooks.base.BaseHook` attribute is deprecated. Please use `'airflow.sdk.bases.hook.BaseHook'`.","category":"DeprecatedImportWarning","filename":"/opt/airflow/dags/utilities/conections.py","lineno":4,"logger":"py.warnings"}
{"timestamp":"2025-10-16T18:47:17.858529Z","level":"info","event":"Filling up the DagBag from /opt/airflow/dags/salse2s3.py","logger":"airflow.models.dagbag.DagBag","filename":"dagbag.py","lineno":593}
{"timestamp":"2025-10-16T18:47:17.876766Z","level":"warning","event":"The `airflow.decorators.dag` attribute is deprecated. Please use `'airflow.sdk.dag'`.","category":"DeprecatedImportWarning","filename":"/opt/airflow/dags/salse2s3.py","lineno":7,"logger":"py.warnings"}
{"timestamp":"2025-10-16T18:47:17.876876Z","level":"warning","event":"The `airflow.decorators.task` attribute is deprecated. Please use `'airflow.sdk.task'`.","category":"DeprecatedImportWarning","filename":"/opt/airflow/dags/salse2s3.py","lineno":7,"logger":"py.warnings"}
{"timestamp":"2025-10-16T18:47:17.876952Z","level":"warning","event":"The `airflow.hooks.base.BaseHook` attribute is deprecated. Please use `'airflow.sdk.bases.hook.BaseHook'`.","category":"DeprecatedImportWarning","filename":"/opt/airflow/dags/utilities/conections.py","lineno":4,"logger":"py.warnings"}
{"timestamp":"2025-10-16T18:47:48.306534Z","level":"info","event":"Filling up the DagBag from /opt/airflow/dags/salse2s3.py","logger":"airflow.models.dagbag.DagBag","filename":"dagbag.py","lineno":593}
{"timestamp":"2025-10-16T18:47:48.326098Z","level":"warning","event":"The `airflow.decorators.dag` attribute is deprecated. Please use `'airflow.sdk.dag'`.","category":"DeprecatedImportWarning","filename":"/opt/airflow/dags/salse2s3.py","lineno":7,"logger":"py.warnings"}
{"timestamp":"2025-10-16T18:47:48.326167Z","level":"warning","event":"The `airflow.decorators.task` attribute is deprecated. Please use `'airflow.sdk.task'`.","category":"DeprecatedImportWarning","filename":"/opt/airflow/dags/salse2s3.py","lineno":7,"logger":"py.warnings"}
{"timestamp":"2025-10-16T18:47:48.326199Z","level":"warning","event":"The `airflow.hooks.base.BaseHook` attribute is deprecated. Please use `'airflow.sdk.bases.hook.BaseHook'`.","category":"DeprecatedImportWarning","filename":"/opt/airflow/dags/utilities/conections.py","lineno":4,"logger":"py.warnings"}
{"timestamp":"2025-10-16T18:48:18.747830Z","level":"info","event":"Filling up the DagBag from /opt/airflow/dags/salse2s3.py","logger":"airflow.models.dagbag.DagBag","filename":"dagbag.py","lineno":593}
{"timestamp":"2025-10-16T18:48:18.761581Z","level":"warning","event":"The `airflow.decorators.dag` attribute is deprecated. Please use `'airflow.sdk.dag'`.","category":"DeprecatedImportWarning","filename":"/opt/airflow/dags/salse2s3.py","lineno":7,"logger":"py.warnings"}
{"timestamp":"2025-10-16T18:48:18.761649Z","level":"warning","event":"The `airflow.decorators.task` attribute is deprecated. Please use `'airflow.sdk.task'`.","category":"DeprecatedImportWarning","filename":"/opt/airflow/dags/salse2s3.py","lineno":7,"logger":"py.warnings"}
{"timestamp":"2025-10-16T18:48:18.761684Z","level":"warning","event":"The `airflow.hooks.base.BaseHook` attribute is deprecated. Please use `'airflow.sdk.bases.hook.BaseHook'`.","category":"DeprecatedImportWarning","filename":"/opt/airflow/dags/utilities/conections.py","lineno":4,"logger":"py.warnings"}
{"timestamp":"2025-10-16T18:48:49.098246Z","level":"info","event":"Filling up the DagBag from /opt/airflow/dags/salse2s3.py","logger":"airflow.models.dagbag.DagBag","filename":"dagbag.py","lineno":593}
{"timestamp":"2025-10-16T18:48:49.113270Z","level":"warning","event":"The `airflow.decorators.dag` attribute is deprecated. Please use `'airflow.sdk.dag'`.","category":"DeprecatedImportWarning","filename":"/opt/airflow/dags/salse2s3.py","lineno":7,"logger":"py.warnings"}
{"timestamp":"2025-10-16T18:48:49.113441Z","level":"warning","event":"The `airflow.decorators.task` attribute is deprecated. Please use `'airflow.sdk.task'`.","category":"DeprecatedImportWarning","filename":"/opt/airflow/dags/salse2s3.py","lineno":7,"logger":"py.warnings"}
{"timestamp":"2025-10-16T18:48:49.113475Z","level":"warning","event":"The `airflow.hooks.base.BaseHook` attribute is deprecated. Please use `'airflow.sdk.bases.hook.BaseHook'`.","category":"DeprecatedImportWarning","filename":"/opt/airflow/dags/utilities/conections.py","lineno":4,"logger":"py.warnings"}
{"timestamp":"2025-10-16T18:49:19.498669Z","level":"info","event":"Filling up the DagBag from /opt/airflow/dags/salse2s3.py","logger":"airflow.models.dagbag.DagBag","filename":"dagbag.py","lineno":593}
{"timestamp":"2025-10-16T18:49:19.514592Z","level":"warning","event":"The `airflow.decorators.dag` attribute is deprecated. Please use `'airflow.sdk.dag'`.","category":"DeprecatedImportWarning","filename":"/opt/airflow/dags/salse2s3.py","lineno":7,"logger":"py.warnings"}
{"timestamp":"2025-10-16T18:49:19.514770Z","level":"warning","event":"The `airflow.decorators.task` attribute is deprecated. Please use `'airflow.sdk.task'`.","category":"DeprecatedImportWarning","filename":"/opt/airflow/dags/salse2s3.py","lineno":7,"logger":"py.warnings"}
{"timestamp":"2025-10-16T18:49:19.514811Z","level":"warning","event":"The `airflow.hooks.base.BaseHook` attribute is deprecated. Please use `'airflow.sdk.bases.hook.BaseHook'`.","category":"DeprecatedImportWarning","filename":"/opt/airflow/dags/utilities/conections.py","lineno":4,"logger":"py.warnings"}
{"timestamp":"2025-10-16T18:49:49.940945Z","level":"info","event":"Filling up the DagBag from /opt/airflow/dags/salse2s3.py","logger":"airflow.models.dagbag.DagBag","filename":"dagbag.py","lineno":593}
{"timestamp":"2025-10-16T18:49:49.961199Z","level":"warning","event":"The `airflow.decorators.dag` attribute is deprecated. Please use `'airflow.sdk.dag'`.","category":"DeprecatedImportWarning","filename":"/opt/airflow/dags/salse2s3.py","lineno":7,"logger":"py.warnings"}
{"timestamp":"2025-10-16T18:49:49.961267Z","level":"warning","event":"The `airflow.decorators.task` attribute is deprecated. Please use `'airflow.sdk.task'`.","category":"DeprecatedImportWarning","filename":"/opt/airflow/dags/salse2s3.py","lineno":7,"logger":"py.warnings"}
{"timestamp":"2025-10-16T18:49:49.961298Z","level":"warning","event":"The `airflow.hooks.base.BaseHook` attribute is deprecated. Please use `'airflow.sdk.bases.hook.BaseHook'`.","category":"DeprecatedImportWarning","filename":"/opt/airflow/dags/utilities/conections.py","lineno":4,"logger":"py.warnings"}
{"timestamp":"2025-10-16T18:50:20.345413Z","level":"info","event":"Filling up the DagBag from /opt/airflow/dags/salse2s3.py","logger":"airflow.models.dagbag.DagBag","filename":"dagbag.py","lineno":593}
{"timestamp":"2025-10-16T18:50:20.364007Z","level":"warning","event":"The `airflow.decorators.dag` attribute is deprecated. Please use `'airflow.sdk.dag'`.","category":"DeprecatedImportWarning","filename":"/opt/airflow/dags/salse2s3.py","lineno":7,"logger":"py.warnings"}
{"timestamp":"2025-10-16T18:50:20.364173Z","level":"warning","event":"The `airflow.decorators.task` attribute is deprecated. Please use `'airflow.sdk.task'`.","category":"DeprecatedImportWarning","filename":"/opt/airflow/dags/salse2s3.py","lineno":7,"logger":"py.warnings"}
{"timestamp":"2025-10-16T18:50:20.364207Z","level":"warning","event":"The `airflow.hooks.base.BaseHook` attribute is deprecated. Please use `'airflow.sdk.bases.hook.BaseHook'`.","category":"DeprecatedImportWarning","filename":"/opt/airflow/dags/utilities/conections.py","lineno":4,"logger":"py.warnings"}
{"timestamp":"2025-10-16T18:50:50.798973Z","level":"info","event":"Filling up the DagBag from /opt/airflow/dags/salse2s3.py","logger":"airflow.models.dagbag.DagBag","filename":"dagbag.py","lineno":593}
{"timestamp":"2025-10-16T18:50:50.837776Z","level":"warning","event":"The `airflow.decorators.dag` attribute is deprecated. Please use `'airflow.sdk.dag'`.","category":"DeprecatedImportWarning","filename":"/opt/airflow/dags/salse2s3.py","lineno":7,"logger":"py.warnings"}
{"timestamp":"2025-10-16T18:50:50.837851Z","level":"warning","event":"The `airflow.decorators.task` attribute is deprecated. Please use `'airflow.sdk.task'`.","category":"DeprecatedImportWarning","filename":"/opt/airflow/dags/salse2s3.py","lineno":7,"logger":"py.warnings"}
{"timestamp":"2025-10-16T18:50:50.837878Z","level":"warning","event":"The `airflow.hooks.base.BaseHook` attribute is deprecated. Please use `'airflow.sdk.bases.hook.BaseHook'`.","category":"DeprecatedImportWarning","filename":"/opt/airflow/dags/utilities/conections.py","lineno":4,"logger":"py.warnings"}
{"timestamp":"2025-10-16T18:51:21.347385Z","level":"info","event":"Filling up the DagBag from /opt/airflow/dags/salse2s3.py","logger":"airflow.models.dagbag.DagBag","filename":"dagbag.py","lineno":593}
{"timestamp":"2025-10-16T18:51:21.374095Z","level":"warning","event":"The `airflow.decorators.dag` attribute is deprecated. Please use `'airflow.sdk.dag'`.","category":"DeprecatedImportWarning","filename":"/opt/airflow/dags/salse2s3.py","lineno":7,"logger":"py.warnings"}
{"timestamp":"2025-10-16T18:51:21.374165Z","level":"warning","event":"The `airflow.decorators.task` attribute is deprecated. Please use `'airflow.sdk.task'`.","category":"DeprecatedImportWarning","filename":"/opt/airflow/dags/salse2s3.py","lineno":7,"logger":"py.warnings"}
{"timestamp":"2025-10-16T18:51:21.374191Z","level":"warning","event":"The `airflow.hooks.base.BaseHook` attribute is deprecated. Please use `'airflow.sdk.bases.hook.BaseHook'`.","category":"DeprecatedImportWarning","filename":"/opt/airflow/dags/utilities/conections.py","lineno":4,"logger":"py.warnings"}
{"timestamp":"2025-10-16T18:51:51.846305Z","level":"info","event":"Filling up the DagBag from /opt/airflow/dags/salse2s3.py","logger":"airflow.models.dagbag.DagBag","filename":"dagbag.py","lineno":593}
{"timestamp":"2025-10-16T18:51:51.874915Z","level":"warning","event":"The `airflow.decorators.dag` attribute is deprecated. Please use `'airflow.sdk.dag'`.","category":"DeprecatedImportWarning","filename":"/opt/airflow/dags/salse2s3.py","lineno":7,"logger":"py.warnings"}
{"timestamp":"2025-10-16T18:51:51.875188Z","level":"warning","event":"The `airflow.decorators.task` attribute is deprecated. Please use `'airflow.sdk.task'`.","category":"DeprecatedImportWarning","filename":"/opt/airflow/dags/salse2s3.py","lineno":7,"logger":"py.warnings"}
{"timestamp":"2025-10-16T18:51:51.875220Z","level":"warning","event":"The `airflow.hooks.base.BaseHook` attribute is deprecated. Please use `'airflow.sdk.bases.hook.BaseHook'`.","category":"DeprecatedImportWarning","filename":"/opt/airflow/dags/utilities/conections.py","lineno":4,"logger":"py.warnings"}
{"timestamp":"2025-10-16T18:52:22.323434Z","level":"info","event":"Filling up the DagBag from /opt/airflow/dags/salse2s3.py","logger":"airflow.models.dagbag.DagBag","filename":"dagbag.py","lineno":593}
{"timestamp":"2025-10-16T18:52:22.351933Z","level":"warning","event":"The `airflow.decorators.dag` attribute is deprecated. Please use `'airflow.sdk.dag'`.","category":"DeprecatedImportWarning","filename":"/opt/airflow/dags/salse2s3.py","lineno":7,"logger":"py.warnings"}
{"timestamp":"2025-10-16T18:52:22.352024Z","level":"warning","event":"The `airflow.decorators.task` attribute is deprecated. Please use `'airflow.sdk.task'`.","category":"DeprecatedImportWarning","filename":"/opt/airflow/dags/salse2s3.py","lineno":7,"logger":"py.warnings"}
{"timestamp":"2025-10-16T18:52:22.352053Z","level":"warning","event":"The `airflow.hooks.base.BaseHook` attribute is deprecated. Please use `'airflow.sdk.bases.hook.BaseHook'`.","category":"DeprecatedImportWarning","filename":"/opt/airflow/dags/utilities/conections.py","lineno":4,"logger":"py.warnings"}
{"timestamp":"2025-10-16T18:52:52.778965Z","level":"info","event":"Filling up the DagBag from /opt/airflow/dags/salse2s3.py","logger":"airflow.models.dagbag.DagBag","filename":"dagbag.py","lineno":593}
{"timestamp":"2025-10-16T18:52:52.813316Z","level":"warning","event":"The `airflow.decorators.dag` attribute is deprecated. Please use `'airflow.sdk.dag'`.","category":"DeprecatedImportWarning","filename":"/opt/airflow/dags/salse2s3.py","lineno":7,"logger":"py.warnings"}
{"timestamp":"2025-10-16T18:52:52.813603Z","level":"warning","event":"The `airflow.decorators.task` attribute is deprecated. Please use `'airflow.sdk.task'`.","category":"DeprecatedImportWarning","filename":"/opt/airflow/dags/salse2s3.py","lineno":7,"logger":"py.warnings"}
{"timestamp":"2025-10-16T18:52:52.813639Z","level":"warning","event":"The `airflow.hooks.base.BaseHook` attribute is deprecated. Please use `'airflow.sdk.bases.hook.BaseHook'`.","category":"DeprecatedImportWarning","filename":"/opt/airflow/dags/utilities/conections.py","lineno":4,"logger":"py.warnings"}
{"timestamp":"2025-10-16T18:53:23.231892Z","level":"info","event":"Filling up the DagBag from /opt/airflow/dags/salse2s3.py","logger":"airflow.models.dagbag.DagBag","filename":"dagbag.py","lineno":593}
{"timestamp":"2025-10-16T18:53:23.264579Z","level":"warning","event":"The `airflow.decorators.dag` attribute is deprecated. Please use `'airflow.sdk.dag'`.","category":"DeprecatedImportWarning","filename":"/opt/airflow/dags/salse2s3.py","lineno":7,"logger":"py.warnings"}
{"timestamp":"2025-10-16T18:53:23.264821Z","level":"warning","event":"The `airflow.decorators.task` attribute is deprecated. Please use `'airflow.sdk.task'`.","category":"DeprecatedImportWarning","filename":"/opt/airflow/dags/salse2s3.py","lineno":7,"logger":"py.warnings"}
{"timestamp":"2025-10-16T18:53:23.264857Z","level":"warning","event":"The `airflow.hooks.base.BaseHook` attribute is deprecated. Please use `'airflow.sdk.bases.hook.BaseHook'`.","category":"DeprecatedImportWarning","filename":"/opt/airflow/dags/utilities/conections.py","lineno":4,"logger":"py.warnings"}
{"timestamp":"2025-10-16T18:53:28.422838Z","level":"info","event":"Filling up the DagBag from /opt/airflow/dags/salse2s3.py","logger":"airflow.models.dagbag.DagBag","filename":"dagbag.py","lineno":593}
{"timestamp":"2025-10-16T18:53:28.436170Z","level":"warning","event":"The `airflow.decorators.dag` attribute is deprecated. Please use `'airflow.sdk.dag'`.","category":"DeprecatedImportWarning","filename":"/opt/airflow/dags/salse2s3.py","lineno":7,"logger":"py.warnings"}
{"timestamp":"2025-10-16T18:53:28.436227Z","level":"warning","event":"The `airflow.decorators.task` attribute is deprecated. Please use `'airflow.sdk.task'`.","category":"DeprecatedImportWarning","filename":"/opt/airflow/dags/salse2s3.py","lineno":7,"logger":"py.warnings"}
{"timestamp":"2025-10-16T18:53:28.436256Z","level":"warning","event":"The `airflow.hooks.base.BaseHook` attribute is deprecated. Please use `'airflow.sdk.bases.hook.BaseHook'`.","category":"DeprecatedImportWarning","filename":"/opt/airflow/dags/utilities/conections.py","lineno":4,"logger":"py.warnings"}
{"timestamp":"2025-10-16T18:53:58.900129Z","level":"info","event":"Filling up the DagBag from /opt/airflow/dags/salse2s3.py","logger":"airflow.models.dagbag.DagBag","filename":"dagbag.py","lineno":593}
{"timestamp":"2025-10-16T18:53:58.923552Z","level":"warning","event":"The `airflow.decorators.dag` attribute is deprecated. Please use `'airflow.sdk.dag'`.","category":"DeprecatedImportWarning","filename":"/opt/airflow/dags/salse2s3.py","lineno":7,"logger":"py.warnings"}
{"timestamp":"2025-10-16T18:53:58.923618Z","level":"warning","event":"The `airflow.decorators.task` attribute is deprecated. Please use `'airflow.sdk.task'`.","category":"DeprecatedImportWarning","filename":"/opt/airflow/dags/salse2s3.py","lineno":7,"logger":"py.warnings"}
{"timestamp":"2025-10-16T18:53:58.923649Z","level":"warning","event":"The `airflow.hooks.base.BaseHook` attribute is deprecated. Please use `'airflow.sdk.bases.hook.BaseHook'`.","category":"DeprecatedImportWarning","filename":"/opt/airflow/dags/utilities/conections.py","lineno":4,"logger":"py.warnings"}
{"timestamp":"2025-10-16T18:54:29.395274Z","level":"info","event":"Filling up the DagBag from /opt/airflow/dags/salse2s3.py","logger":"airflow.models.dagbag.DagBag","filename":"dagbag.py","lineno":593}
{"timestamp":"2025-10-16T18:54:29.421806Z","level":"warning","event":"The `airflow.decorators.dag` attribute is deprecated. Please use `'airflow.sdk.dag'`.","category":"DeprecatedImportWarning","filename":"/opt/airflow/dags/salse2s3.py","lineno":7,"logger":"py.warnings"}
{"timestamp":"2025-10-16T18:54:29.422027Z","level":"warning","event":"The `airflow.decorators.task` attribute is deprecated. Please use `'airflow.sdk.task'`.","category":"DeprecatedImportWarning","filename":"/opt/airflow/dags/salse2s3.py","lineno":7,"logger":"py.warnings"}
{"timestamp":"2025-10-16T18:54:29.422060Z","level":"warning","event":"The `airflow.hooks.base.BaseHook` attribute is deprecated. Please use `'airflow.sdk.bases.hook.BaseHook'`.","category":"DeprecatedImportWarning","filename":"/opt/airflow/dags/utilities/conections.py","lineno":4,"logger":"py.warnings"}
{"timestamp":"2025-10-16T18:54:59.835290Z","level":"info","event":"Filling up the DagBag from /opt/airflow/dags/salse2s3.py","logger":"airflow.models.dagbag.DagBag","filename":"dagbag.py","lineno":593}
{"timestamp":"2025-10-16T18:54:59.863069Z","level":"warning","event":"The `airflow.decorators.dag` attribute is deprecated. Please use `'airflow.sdk.dag'`.","category":"DeprecatedImportWarning","filename":"/opt/airflow/dags/salse2s3.py","lineno":7,"logger":"py.warnings"}
{"timestamp":"2025-10-16T18:54:59.863160Z","level":"warning","event":"The `airflow.decorators.task` attribute is deprecated. Please use `'airflow.sdk.task'`.","category":"DeprecatedImportWarning","filename":"/opt/airflow/dags/salse2s3.py","lineno":7,"logger":"py.warnings"}
{"timestamp":"2025-10-16T18:54:59.863212Z","level":"warning","event":"The `airflow.hooks.base.BaseHook` attribute is deprecated. Please use `'airflow.sdk.bases.hook.BaseHook'`.","category":"DeprecatedImportWarning","filename":"/opt/airflow/dags/utilities/conections.py","lineno":4,"logger":"py.warnings"}
{"timestamp":"2025-10-16T18:55:30.257929Z","level":"info","event":"Filling up the DagBag from /opt/airflow/dags/salse2s3.py","logger":"airflow.models.dagbag.DagBag","filename":"dagbag.py","lineno":593}
{"timestamp":"2025-10-16T18:55:30.279449Z","level":"warning","event":"The `airflow.decorators.dag` attribute is deprecated. Please use `'airflow.sdk.dag'`.","category":"DeprecatedImportWarning","filename":"/opt/airflow/dags/salse2s3.py","lineno":7,"logger":"py.warnings"}
{"timestamp":"2025-10-16T18:55:30.279707Z","level":"warning","event":"The `airflow.decorators.task` attribute is deprecated. Please use `'airflow.sdk.task'`.","category":"DeprecatedImportWarning","filename":"/opt/airflow/dags/salse2s3.py","lineno":7,"logger":"py.warnings"}
{"timestamp":"2025-10-16T18:55:30.279742Z","level":"warning","event":"The `airflow.hooks.base.BaseHook` attribute is deprecated. Please use `'airflow.sdk.bases.hook.BaseHook'`.","category":"DeprecatedImportWarning","filename":"/opt/airflow/dags/utilities/conections.py","lineno":4,"logger":"py.warnings"}
{"timestamp":"2025-10-16T18:56:00.717258Z","level":"info","event":"Filling up the DagBag from /opt/airflow/dags/salse2s3.py","logger":"airflow.models.dagbag.DagBag","filename":"dagbag.py","lineno":593}
{"timestamp":"2025-10-16T18:56:00.744969Z","level":"warning","event":"The `airflow.decorators.dag` attribute is deprecated. Please use `'airflow.sdk.dag'`.","category":"DeprecatedImportWarning","filename":"/opt/airflow/dags/salse2s3.py","lineno":7,"logger":"py.warnings"}
{"timestamp":"2025-10-16T18:56:00.745041Z","level":"warning","event":"The `airflow.decorators.task` attribute is deprecated. Please use `'airflow.sdk.task'`.","category":"DeprecatedImportWarning","filename":"/opt/airflow/dags/salse2s3.py","lineno":7,"logger":"py.warnings"}
{"timestamp":"2025-10-16T18:56:00.745073Z","level":"warning","event":"The `airflow.hooks.base.BaseHook` attribute is deprecated. Please use `'airflow.sdk.bases.hook.BaseHook'`.","category":"DeprecatedImportWarning","filename":"/opt/airflow/dags/utilities/conections.py","lineno":4,"logger":"py.warnings"}
{"timestamp":"2025-10-16T18:56:31.220860Z","level":"info","event":"Filling up the DagBag from /opt/airflow/dags/salse2s3.py","logger":"airflow.models.dagbag.DagBag","filename":"dagbag.py","lineno":593}
{"timestamp":"2025-10-16T18:56:31.239974Z","level":"warning","event":"The `airflow.decorators.dag` attribute is deprecated. Please use `'airflow.sdk.dag'`.","category":"DeprecatedImportWarning","filename":"/opt/airflow/dags/salse2s3.py","lineno":7,"logger":"py.warnings"}
{"timestamp":"2025-10-16T18:56:31.240039Z","level":"warning","event":"The `airflow.decorators.task` attribute is deprecated. Please use `'airflow.sdk.task'`.","category":"DeprecatedImportWarning","filename":"/opt/airflow/dags/salse2s3.py","lineno":7,"logger":"py.warnings"}
{"timestamp":"2025-10-16T18:56:31.240072Z","level":"warning","event":"The `airflow.hooks.base.BaseHook` attribute is deprecated. Please use `'airflow.sdk.bases.hook.BaseHook'`.","category":"DeprecatedImportWarning","filename":"/opt/airflow/dags/utilities/conections.py","lineno":4,"logger":"py.warnings"}
{"timestamp":"2025-10-16T18:57:01.565393Z","level":"info","event":"Filling up the DagBag from /opt/airflow/dags/salse2s3.py","logger":"airflow.models.dagbag.DagBag","filename":"dagbag.py","lineno":593}
{"timestamp":"2025-10-16T18:57:01.580380Z","level":"warning","event":"The `airflow.decorators.dag` attribute is deprecated. Please use `'airflow.sdk.dag'`.","category":"DeprecatedImportWarning","filename":"/opt/airflow/dags/salse2s3.py","lineno":7,"logger":"py.warnings"}
{"timestamp":"2025-10-16T18:57:01.580443Z","level":"warning","event":"The `airflow.decorators.task` attribute is deprecated. Please use `'airflow.sdk.task'`.","category":"DeprecatedImportWarning","filename":"/opt/airflow/dags/salse2s3.py","lineno":7,"logger":"py.warnings"}
{"timestamp":"2025-10-16T18:57:01.580478Z","level":"warning","event":"The `airflow.hooks.base.BaseHook` attribute is deprecated. Please use `'airflow.sdk.bases.hook.BaseHook'`.","category":"DeprecatedImportWarning","filename":"/opt/airflow/dags/utilities/conections.py","lineno":4,"logger":"py.warnings"}
{"timestamp":"2025-10-16T18:57:31.999981Z","level":"info","event":"Filling up the DagBag from /opt/airflow/dags/salse2s3.py","logger":"airflow.models.dagbag.DagBag","filename":"dagbag.py","lineno":593}
{"timestamp":"2025-10-16T18:57:32.017023Z","level":"warning","event":"The `airflow.decorators.dag` attribute is deprecated. Please use `'airflow.sdk.dag'`.","category":"DeprecatedImportWarning","filename":"/opt/airflow/dags/salse2s3.py","lineno":7,"logger":"py.warnings"}
{"timestamp":"2025-10-16T18:57:32.017088Z","level":"warning","event":"The `airflow.decorators.task` attribute is deprecated. Please use `'airflow.sdk.task'`.","category":"DeprecatedImportWarning","filename":"/opt/airflow/dags/salse2s3.py","lineno":7,"logger":"py.warnings"}
{"timestamp":"2025-10-16T18:57:32.017120Z","level":"warning","event":"The `airflow.hooks.base.BaseHook` attribute is deprecated. Please use `'airflow.sdk.bases.hook.BaseHook'`.","category":"DeprecatedImportWarning","filename":"/opt/airflow/dags/utilities/conections.py","lineno":4,"logger":"py.warnings"}
{"timestamp":"2025-10-16T18:58:02.429535Z","level":"info","event":"Filling up the DagBag from /opt/airflow/dags/salse2s3.py","logger":"airflow.models.dagbag.DagBag","filename":"dagbag.py","lineno":593}
{"timestamp":"2025-10-16T18:58:02.441668Z","level":"warning","event":"The `airflow.decorators.dag` attribute is deprecated. Please use `'airflow.sdk.dag'`.","category":"DeprecatedImportWarning","filename":"/opt/airflow/dags/salse2s3.py","lineno":7,"logger":"py.warnings"}
{"timestamp":"2025-10-16T18:58:02.441732Z","level":"warning","event":"The `airflow.decorators.task` attribute is deprecated. Please use `'airflow.sdk.task'`.","category":"DeprecatedImportWarning","filename":"/opt/airflow/dags/salse2s3.py","lineno":7,"logger":"py.warnings"}
{"timestamp":"2025-10-16T18:58:02.441767Z","level":"warning","event":"The `airflow.hooks.base.BaseHook` attribute is deprecated. Please use `'airflow.sdk.bases.hook.BaseHook'`.","category":"DeprecatedImportWarning","filename":"/opt/airflow/dags/utilities/conections.py","lineno":4,"logger":"py.warnings"}
{"timestamp":"2025-10-16T18:58:32.813611Z","level":"info","event":"Filling up the DagBag from /opt/airflow/dags/salse2s3.py","logger":"airflow.models.dagbag.DagBag","filename":"dagbag.py","lineno":593}
{"timestamp":"2025-10-16T18:58:32.829199Z","level":"warning","event":"The `airflow.decorators.dag` attribute is deprecated. Please use `'airflow.sdk.dag'`.","category":"DeprecatedImportWarning","filename":"/opt/airflow/dags/salse2s3.py","lineno":7,"logger":"py.warnings"}
{"timestamp":"2025-10-16T18:58:32.829262Z","level":"warning","event":"The `airflow.decorators.task` attribute is deprecated. Please use `'airflow.sdk.task'`.","category":"DeprecatedImportWarning","filename":"/opt/airflow/dags/salse2s3.py","lineno":7,"logger":"py.warnings"}
{"timestamp":"2025-10-16T18:58:32.829295Z","level":"warning","event":"The `airflow.hooks.base.BaseHook` attribute is deprecated. Please use `'airflow.sdk.bases.hook.BaseHook'`.","category":"DeprecatedImportWarning","filename":"/opt/airflow/dags/utilities/conections.py","lineno":4,"logger":"py.warnings"}
{"timestamp":"2025-10-16T18:59:03.161903Z","level":"info","event":"Filling up the DagBag from /opt/airflow/dags/salse2s3.py","logger":"airflow.models.dagbag.DagBag","filename":"dagbag.py","lineno":593}
{"timestamp":"2025-10-16T18:59:03.178347Z","level":"warning","event":"The `airflow.decorators.dag` attribute is deprecated. Please use `'airflow.sdk.dag'`.","category":"DeprecatedImportWarning","filename":"/opt/airflow/dags/salse2s3.py","lineno":7,"logger":"py.warnings"}
{"timestamp":"2025-10-16T18:59:03.178430Z","level":"warning","event":"The `airflow.decorators.task` attribute is deprecated. Please use `'airflow.sdk.task'`.","category":"DeprecatedImportWarning","filename":"/opt/airflow/dags/salse2s3.py","lineno":7,"logger":"py.warnings"}
{"timestamp":"2025-10-16T18:59:03.178470Z","level":"warning","event":"The `airflow.hooks.base.BaseHook` attribute is deprecated. Please use `'airflow.sdk.bases.hook.BaseHook'`.","category":"DeprecatedImportWarning","filename":"/opt/airflow/dags/utilities/conections.py","lineno":4,"logger":"py.warnings"}
{"timestamp":"2025-10-16T18:59:33.623654Z","level":"info","event":"Filling up the DagBag from /opt/airflow/dags/salse2s3.py","logger":"airflow.models.dagbag.DagBag","filename":"dagbag.py","lineno":593}
{"timestamp":"2025-10-16T18:59:33.640987Z","level":"warning","event":"The `airflow.decorators.dag` attribute is deprecated. Please use `'airflow.sdk.dag'`.","category":"DeprecatedImportWarning","filename":"/opt/airflow/dags/salse2s3.py","lineno":7,"logger":"py.warnings"}
{"timestamp":"2025-10-16T18:59:33.641172Z","level":"warning","event":"The `airflow.decorators.task` attribute is deprecated. Please use `'airflow.sdk.task'`.","category":"DeprecatedImportWarning","filename":"/opt/airflow/dags/salse2s3.py","lineno":7,"logger":"py.warnings"}
{"timestamp":"2025-10-16T18:59:33.641218Z","level":"warning","event":"The `airflow.hooks.base.BaseHook` attribute is deprecated. Please use `'airflow.sdk.bases.hook.BaseHook'`.","category":"DeprecatedImportWarning","filename":"/opt/airflow/dags/utilities/conections.py","lineno":4,"logger":"py.warnings"}
{"timestamp":"2025-10-16T19:00:04.045368Z","level":"info","event":"Filling up the DagBag from /opt/airflow/dags/salse2s3.py","logger":"airflow.models.dagbag.DagBag","filename":"dagbag.py","lineno":593}
{"timestamp":"2025-10-16T19:00:04.060442Z","level":"warning","event":"The `airflow.decorators.dag` attribute is deprecated. Please use `'airflow.sdk.dag'`.","category":"DeprecatedImportWarning","filename":"/opt/airflow/dags/salse2s3.py","lineno":7,"logger":"py.warnings"}
{"timestamp":"2025-10-16T19:00:04.060645Z","level":"warning","event":"The `airflow.decorators.task` attribute is deprecated. Please use `'airflow.sdk.task'`.","category":"DeprecatedImportWarning","filename":"/opt/airflow/dags/salse2s3.py","lineno":7,"logger":"py.warnings"}
{"timestamp":"2025-10-16T19:00:04.060687Z","level":"warning","event":"The `airflow.hooks.base.BaseHook` attribute is deprecated. Please use `'airflow.sdk.bases.hook.BaseHook'`.","category":"DeprecatedImportWarning","filename":"/opt/airflow/dags/utilities/conections.py","lineno":4,"logger":"py.warnings"}
{"timestamp":"2025-10-16T19:00:34.463076Z","level":"info","event":"Filling up the DagBag from /opt/airflow/dags/salse2s3.py","logger":"airflow.models.dagbag.DagBag","filename":"dagbag.py","lineno":593}
{"timestamp":"2025-10-16T19:00:34.474241Z","level":"warning","event":"The `airflow.decorators.dag` attribute is deprecated. Please use `'airflow.sdk.dag'`.","category":"DeprecatedImportWarning","filename":"/opt/airflow/dags/salse2s3.py","lineno":7,"logger":"py.warnings"}
{"timestamp":"2025-10-16T19:00:34.474318Z","level":"warning","event":"The `airflow.decorators.task` attribute is deprecated. Please use `'airflow.sdk.task'`.","category":"DeprecatedImportWarning","filename":"/opt/airflow/dags/salse2s3.py","lineno":7,"logger":"py.warnings"}
{"timestamp":"2025-10-16T19:00:34.474351Z","level":"warning","event":"The `airflow.hooks.base.BaseHook` attribute is deprecated. Please use `'airflow.sdk.bases.hook.BaseHook'`.","category":"DeprecatedImportWarning","filename":"/opt/airflow/dags/utilities/conections.py","lineno":4,"logger":"py.warnings"}
{"timestamp":"2025-10-16T19:01:04.845324Z","level":"info","event":"Filling up the DagBag from /opt/airflow/dags/salse2s3.py","logger":"airflow.models.dagbag.DagBag","filename":"dagbag.py","lineno":593}
{"timestamp":"2025-10-16T19:01:04.872014Z","level":"warning","event":"The `airflow.decorators.dag` attribute is deprecated. Please use `'airflow.sdk.dag'`.","category":"DeprecatedImportWarning","filename":"/opt/airflow/dags/salse2s3.py","lineno":7,"logger":"py.warnings"}
{"timestamp":"2025-10-16T19:01:04.872277Z","level":"warning","event":"The `airflow.decorators.task` attribute is deprecated. Please use `'airflow.sdk.task'`.","category":"DeprecatedImportWarning","filename":"/opt/airflow/dags/salse2s3.py","lineno":7,"logger":"py.warnings"}
{"timestamp":"2025-10-16T19:01:04.872316Z","level":"warning","event":"The `airflow.hooks.base.BaseHook` attribute is deprecated. Please use `'airflow.sdk.bases.hook.BaseHook'`.","category":"DeprecatedImportWarning","filename":"/opt/airflow/dags/utilities/conections.py","lineno":4,"logger":"py.warnings"}
{"timestamp":"2025-10-16T19:01:08.968820Z","level":"info","event":"Filling up the DagBag from /opt/airflow/dags/salse2s3.py","logger":"airflow.models.dagbag.DagBag","filename":"dagbag.py","lineno":593}
{"timestamp":"2025-10-16T19:01:08.982250Z","level":"warning","event":"The `airflow.decorators.dag` attribute is deprecated. Please use `'airflow.sdk.dag'`.","category":"DeprecatedImportWarning","filename":"/opt/airflow/dags/salse2s3.py","lineno":7,"logger":"py.warnings"}
{"timestamp":"2025-10-16T19:01:08.982313Z","level":"warning","event":"The `airflow.decorators.task` attribute is deprecated. Please use `'airflow.sdk.task'`.","category":"DeprecatedImportWarning","filename":"/opt/airflow/dags/salse2s3.py","lineno":7,"logger":"py.warnings"}
{"timestamp":"2025-10-16T19:01:08.982346Z","level":"warning","event":"The `airflow.hooks.base.BaseHook` attribute is deprecated. Please use `'airflow.sdk.bases.hook.BaseHook'`.","category":"DeprecatedImportWarning","filename":"/opt/airflow/dags/utilities/conections.py","lineno":4,"logger":"py.warnings"}
{"timestamp":"2025-10-16T19:01:19.166082Z","level":"info","event":"Filling up the DagBag from /opt/airflow/dags/salse2s3.py","logger":"airflow.models.dagbag.DagBag","filename":"dagbag.py","lineno":593}
{"timestamp":"2025-10-16T19:01:19.179552Z","level":"error","event":"Failed to import: /opt/airflow/dags/salse2s3.py","logger":"airflow.models.dagbag.DagBag","filename":"dagbag.py","lineno":415,"error_detail":[{"exc_type":"ImportError","exc_value":"cannot import name 'Dag' from 'airflow.decorators' (/home/airflow/.local/lib/python3.12/site-packages/airflow/decorators/__init__.py)","exc_notes":[],"syntax_error":null,"is_cause":false,"frames":[{"filename":"/home/airflow/.local/lib/python3.12/site-packages/airflow/models/dagbag.py","lineno":405,"name":"parse"},{"filename":"<frozen importlib._bootstrap_external>","lineno":999,"name":"exec_module"},{"filename":"<frozen importlib._bootstrap>","lineno":488,"name":"_call_with_frames_removed"},{"filename":"/opt/airflow/dags/salse2s3.py","lineno":7,"name":"<module>"}],"is_group":false,"exceptions":[]}]}
{"timestamp":"2025-10-16T19:01:19.182283Z","level":"warning","event":"The `airflow.decorators.task` attribute is deprecated. Please use `'airflow.sdk.task'`.","category":"DeprecatedImportWarning","filename":"/opt/airflow/dags/salse2s3.py","lineno":7,"logger":"py.warnings"}
{"timestamp":"2025-10-16T19:01:36.479143Z","level":"info","event":"Filling up the DagBag from /opt/airflow/dags/salse2s3.py","logger":"airflow.models.dagbag.DagBag","filename":"dagbag.py","lineno":593}
{"timestamp":"2025-10-16T19:01:36.490161Z","level":"error","event":"Failed to import: /opt/airflow/dags/salse2s3.py","logger":"airflow.models.dagbag.DagBag","filename":"dagbag.py","lineno":415,"error_detail":[{"exc_type":"ImportError","exc_value":"cannot import name 'Dag' from 'airflow' (/home/airflow/.local/lib/python3.12/site-packages/airflow/__init__.py)","exc_notes":[],"syntax_error":null,"is_cause":false,"frames":[{"filename":"/home/airflow/.local/lib/python3.12/site-packages/airflow/models/dagbag.py","lineno":405,"name":"parse"},{"filename":"<frozen importlib._bootstrap_external>","lineno":999,"name":"exec_module"},{"filename":"<frozen importlib._bootstrap>","lineno":488,"name":"_call_with_frames_removed"},{"filename":"/opt/airflow/dags/salse2s3.py","lineno":7,"name":"<module>"}],"is_group":false,"exceptions":[]}]}
{"timestamp":"2025-10-16T19:02:06.974697Z","level":"info","event":"Filling up the DagBag from /opt/airflow/dags/salse2s3.py","logger":"airflow.models.dagbag.DagBag","filename":"dagbag.py","lineno":593}
{"timestamp":"2025-10-16T19:02:06.981276Z","level":"error","event":"Failed to import: /opt/airflow/dags/salse2s3.py","logger":"airflow.models.dagbag.DagBag","filename":"dagbag.py","lineno":415,"error_detail":[{"exc_type":"ImportError","exc_value":"cannot import name 'Dag' from 'airflow' (/home/airflow/.local/lib/python3.12/site-packages/airflow/__init__.py)","exc_notes":[],"syntax_error":null,"is_cause":false,"frames":[{"filename":"/home/airflow/.local/lib/python3.12/site-packages/airflow/models/dagbag.py","lineno":405,"name":"parse"},{"filename":"<frozen importlib._bootstrap_external>","lineno":999,"name":"exec_module"},{"filename":"<frozen importlib._bootstrap>","lineno":488,"name":"_call_with_frames_removed"},{"filename":"/opt/airflow/dags/salse2s3.py","lineno":7,"name":"<module>"}],"is_group":false,"exceptions":[]}]}
{"timestamp":"2025-10-16T19:02:37.363031Z","level":"info","event":"Filling up the DagBag from /opt/airflow/dags/salse2s3.py","logger":"airflow.models.dagbag.DagBag","filename":"dagbag.py","lineno":593}
{"timestamp":"2025-10-16T19:02:37.368940Z","level":"error","event":"Failed to import: /opt/airflow/dags/salse2s3.py","logger":"airflow.models.dagbag.DagBag","filename":"dagbag.py","lineno":415,"error_detail":[{"exc_type":"ImportError","exc_value":"cannot import name 'Dag' from 'airflow' (/home/airflow/.local/lib/python3.12/site-packages/airflow/__init__.py)","exc_notes":[],"syntax_error":null,"is_cause":false,"frames":[{"filename":"/home/airflow/.local/lib/python3.12/site-packages/airflow/models/dagbag.py","lineno":405,"name":"parse"},{"filename":"<frozen importlib._bootstrap_external>","lineno":999,"name":"exec_module"},{"filename":"<frozen importlib._bootstrap>","lineno":488,"name":"_call_with_frames_removed"},{"filename":"/opt/airflow/dags/salse2s3.py","lineno":7,"name":"<module>"}],"is_group":false,"exceptions":[]}]}
{"timestamp":"2025-10-16T19:03:07.785233Z","level":"info","event":"Filling up the DagBag from /opt/airflow/dags/salse2s3.py","logger":"airflow.models.dagbag.DagBag","filename":"dagbag.py","lineno":593}
{"timestamp":"2025-10-16T19:03:07.789759Z","level":"error","event":"Failed to import: /opt/airflow/dags/salse2s3.py","logger":"airflow.models.dagbag.DagBag","filename":"dagbag.py","lineno":415,"error_detail":[{"exc_type":"ImportError","exc_value":"cannot import name 'Dag' from 'airflow' (/home/airflow/.local/lib/python3.12/site-packages/airflow/__init__.py)","exc_notes":[],"syntax_error":null,"is_cause":false,"frames":[{"filename":"/home/airflow/.local/lib/python3.12/site-packages/airflow/models/dagbag.py","lineno":405,"name":"parse"},{"filename":"<frozen importlib._bootstrap_external>","lineno":999,"name":"exec_module"},{"filename":"<frozen importlib._bootstrap>","lineno":488,"name":"_call_with_frames_removed"},{"filename":"/opt/airflow/dags/salse2s3.py","lineno":7,"name":"<module>"}],"is_group":false,"exceptions":[]}]}
{"timestamp":"2025-10-16T19:03:38.199849Z","level":"info","event":"Filling up the DagBag from /opt/airflow/dags/salse2s3.py","logger":"airflow.models.dagbag.DagBag","filename":"dagbag.py","lineno":593}
{"timestamp":"2025-10-16T19:03:38.204789Z","level":"error","event":"Failed to import: /opt/airflow/dags/salse2s3.py","logger":"airflow.models.dagbag.DagBag","filename":"dagbag.py","lineno":415,"error_detail":[{"exc_type":"ImportError","exc_value":"cannot import name 'Dag' from 'airflow' (/home/airflow/.local/lib/python3.12/site-packages/airflow/__init__.py)","exc_notes":[],"syntax_error":null,"is_cause":false,"frames":[{"filename":"/home/airflow/.local/lib/python3.12/site-packages/airflow/models/dagbag.py","lineno":405,"name":"parse"},{"filename":"<frozen importlib._bootstrap_external>","lineno":999,"name":"exec_module"},{"filename":"<frozen importlib._bootstrap>","lineno":488,"name":"_call_with_frames_removed"},{"filename":"/opt/airflow/dags/salse2s3.py","lineno":7,"name":"<module>"}],"is_group":false,"exceptions":[]}]}
{"timestamp":"2025-10-16T19:04:08.691359Z","level":"info","event":"Filling up the DagBag from /opt/airflow/dags/salse2s3.py","logger":"airflow.models.dagbag.DagBag","filename":"dagbag.py","lineno":593}
{"timestamp":"2025-10-16T19:04:08.701112Z","level":"error","event":"Failed to import: /opt/airflow/dags/salse2s3.py","logger":"airflow.models.dagbag.DagBag","filename":"dagbag.py","lineno":415,"error_detail":[{"exc_type":"ImportError","exc_value":"cannot import name 'Dag' from 'airflow' (/home/airflow/.local/lib/python3.12/site-packages/airflow/__init__.py)","exc_notes":[],"syntax_error":null,"is_cause":false,"frames":[{"filename":"/home/airflow/.local/lib/python3.12/site-packages/airflow/models/dagbag.py","lineno":405,"name":"parse"},{"filename":"<frozen importlib._bootstrap_external>","lineno":999,"name":"exec_module"},{"filename":"<frozen importlib._bootstrap>","lineno":488,"name":"_call_with_frames_removed"},{"filename":"/opt/airflow/dags/salse2s3.py","lineno":7,"name":"<module>"}],"is_group":false,"exceptions":[]}]}
{"timestamp":"2025-10-16T19:04:39.019998Z","level":"info","event":"Filling up the DagBag from /opt/airflow/dags/salse2s3.py","logger":"airflow.models.dagbag.DagBag","filename":"dagbag.py","lineno":593}
{"timestamp":"2025-10-16T19:04:39.025768Z","level":"error","event":"Failed to import: /opt/airflow/dags/salse2s3.py","logger":"airflow.models.dagbag.DagBag","filename":"dagbag.py","lineno":415,"error_detail":[{"exc_type":"ImportError","exc_value":"cannot import name 'Dag' from 'airflow' (/home/airflow/.local/lib/python3.12/site-packages/airflow/__init__.py)","exc_notes":[],"syntax_error":null,"is_cause":false,"frames":[{"filename":"/home/airflow/.local/lib/python3.12/site-packages/airflow/models/dagbag.py","lineno":405,"name":"parse"},{"filename":"<frozen importlib._bootstrap_external>","lineno":999,"name":"exec_module"},{"filename":"<frozen importlib._bootstrap>","lineno":488,"name":"_call_with_frames_removed"},{"filename":"/opt/airflow/dags/salse2s3.py","lineno":7,"name":"<module>"}],"is_group":false,"exceptions":[]}]}
{"timestamp":"2025-10-16T19:05:09.434206Z","level":"info","event":"Filling up the DagBag from /opt/airflow/dags/salse2s3.py","logger":"airflow.models.dagbag.DagBag","filename":"dagbag.py","lineno":593}
{"timestamp":"2025-10-16T19:05:09.438030Z","level":"error","event":"Failed to import: /opt/airflow/dags/salse2s3.py","logger":"airflow.models.dagbag.DagBag","filename":"dagbag.py","lineno":415,"error_detail":[{"exc_type":"ImportError","exc_value":"cannot import name 'Dag' from 'airflow' (/home/airflow/.local/lib/python3.12/site-packages/airflow/__init__.py)","exc_notes":[],"syntax_error":null,"is_cause":false,"frames":[{"filename":"/home/airflow/.local/lib/python3.12/site-packages/airflow/models/dagbag.py","lineno":405,"name":"parse"},{"filename":"<frozen importlib._bootstrap_external>","lineno":999,"name":"exec_module"},{"filename":"<frozen importlib._bootstrap>","lineno":488,"name":"_call_with_frames_removed"},{"filename":"/opt/airflow/dags/salse2s3.py","lineno":7,"name":"<module>"}],"is_group":false,"exceptions":[]}]}
{"timestamp":"2025-10-16T19:05:39.856983Z","level":"info","event":"Filling up the DagBag from /opt/airflow/dags/salse2s3.py","logger":"airflow.models.dagbag.DagBag","filename":"dagbag.py","lineno":593}
{"timestamp":"2025-10-16T19:05:39.861406Z","level":"error","event":"Failed to import: /opt/airflow/dags/salse2s3.py","logger":"airflow.models.dagbag.DagBag","filename":"dagbag.py","lineno":415,"error_detail":[{"exc_type":"ImportError","exc_value":"cannot import name 'Dag' from 'airflow' (/home/airflow/.local/lib/python3.12/site-packages/airflow/__init__.py)","exc_notes":[],"syntax_error":null,"is_cause":false,"frames":[{"filename":"/home/airflow/.local/lib/python3.12/site-packages/airflow/models/dagbag.py","lineno":405,"name":"parse"},{"filename":"<frozen importlib._bootstrap_external>","lineno":999,"name":"exec_module"},{"filename":"<frozen importlib._bootstrap>","lineno":488,"name":"_call_with_frames_removed"},{"filename":"/opt/airflow/dags/salse2s3.py","lineno":7,"name":"<module>"}],"is_group":false,"exceptions":[]}]}
{"timestamp":"2025-10-16T19:06:10.279180Z","level":"info","event":"Filling up the DagBag from /opt/airflow/dags/salse2s3.py","logger":"airflow.models.dagbag.DagBag","filename":"dagbag.py","lineno":593}
{"timestamp":"2025-10-16T19:06:10.283637Z","level":"error","event":"Failed to import: /opt/airflow/dags/salse2s3.py","logger":"airflow.models.dagbag.DagBag","filename":"dagbag.py","lineno":415,"error_detail":[{"exc_type":"ImportError","exc_value":"cannot import name 'Dag' from 'airflow' (/home/airflow/.local/lib/python3.12/site-packages/airflow/__init__.py)","exc_notes":[],"syntax_error":null,"is_cause":false,"frames":[{"filename":"/home/airflow/.local/lib/python3.12/site-packages/airflow/models/dagbag.py","lineno":405,"name":"parse"},{"filename":"<frozen importlib._bootstrap_external>","lineno":999,"name":"exec_module"},{"filename":"<frozen importlib._bootstrap>","lineno":488,"name":"_call_with_frames_removed"},{"filename":"/opt/airflow/dags/salse2s3.py","lineno":7,"name":"<module>"}],"is_group":false,"exceptions":[]}]}
{"timestamp":"2025-10-16T19:06:40.607526Z","level":"info","event":"Filling up the DagBag from /opt/airflow/dags/salse2s3.py","logger":"airflow.models.dagbag.DagBag","filename":"dagbag.py","lineno":593}
{"timestamp":"2025-10-16T19:06:40.611202Z","level":"error","event":"Failed to import: /opt/airflow/dags/salse2s3.py","logger":"airflow.models.dagbag.DagBag","filename":"dagbag.py","lineno":415,"error_detail":[{"exc_type":"ImportError","exc_value":"cannot import name 'Dag' from 'airflow' (/home/airflow/.local/lib/python3.12/site-packages/airflow/__init__.py)","exc_notes":[],"syntax_error":null,"is_cause":false,"frames":[{"filename":"/home/airflow/.local/lib/python3.12/site-packages/airflow/models/dagbag.py","lineno":405,"name":"parse"},{"filename":"<frozen importlib._bootstrap_external>","lineno":999,"name":"exec_module"},{"filename":"<frozen importlib._bootstrap>","lineno":488,"name":"_call_with_frames_removed"},{"filename":"/opt/airflow/dags/salse2s3.py","lineno":7,"name":"<module>"}],"is_group":false,"exceptions":[]}]}
{"timestamp":"2025-10-16T19:07:11.039246Z","level":"info","event":"Filling up the DagBag from /opt/airflow/dags/salse2s3.py","logger":"airflow.models.dagbag.DagBag","filename":"dagbag.py","lineno":593}
{"timestamp":"2025-10-16T19:07:11.043668Z","level":"error","event":"Failed to import: /opt/airflow/dags/salse2s3.py","logger":"airflow.models.dagbag.DagBag","filename":"dagbag.py","lineno":415,"error_detail":[{"exc_type":"ImportError","exc_value":"cannot import name 'Dag' from 'airflow' (/home/airflow/.local/lib/python3.12/site-packages/airflow/__init__.py)","exc_notes":[],"syntax_error":null,"is_cause":false,"frames":[{"filename":"/home/airflow/.local/lib/python3.12/site-packages/airflow/models/dagbag.py","lineno":405,"name":"parse"},{"filename":"<frozen importlib._bootstrap_external>","lineno":999,"name":"exec_module"},{"filename":"<frozen importlib._bootstrap>","lineno":488,"name":"_call_with_frames_removed"},{"filename":"/opt/airflow/dags/salse2s3.py","lineno":7,"name":"<module>"}],"is_group":false,"exceptions":[]}]}
{"timestamp":"2025-10-16T19:07:41.486289Z","level":"info","event":"Filling up the DagBag from /opt/airflow/dags/salse2s3.py","logger":"airflow.models.dagbag.DagBag","filename":"dagbag.py","lineno":593}
{"timestamp":"2025-10-16T19:07:41.490597Z","level":"error","event":"Failed to import: /opt/airflow/dags/salse2s3.py","logger":"airflow.models.dagbag.DagBag","filename":"dagbag.py","lineno":415,"error_detail":[{"exc_type":"ImportError","exc_value":"cannot import name 'Dag' from 'airflow' (/home/airflow/.local/lib/python3.12/site-packages/airflow/__init__.py)","exc_notes":[],"syntax_error":null,"is_cause":false,"frames":[{"filename":"/home/airflow/.local/lib/python3.12/site-packages/airflow/models/dagbag.py","lineno":405,"name":"parse"},{"filename":"<frozen importlib._bootstrap_external>","lineno":999,"name":"exec_module"},{"filename":"<frozen importlib._bootstrap>","lineno":488,"name":"_call_with_frames_removed"},{"filename":"/opt/airflow/dags/salse2s3.py","lineno":7,"name":"<module>"}],"is_group":false,"exceptions":[]}]}
{"timestamp":"2025-10-16T19:08:11.915288Z","level":"info","event":"Filling up the DagBag from /opt/airflow/dags/salse2s3.py","logger":"airflow.models.dagbag.DagBag","filename":"dagbag.py","lineno":593}
{"timestamp":"2025-10-16T19:08:11.920121Z","level":"error","event":"Failed to import: /opt/airflow/dags/salse2s3.py","logger":"airflow.models.dagbag.DagBag","filename":"dagbag.py","lineno":415,"error_detail":[{"exc_type":"ImportError","exc_value":"cannot import name 'Dag' from 'airflow' (/home/airflow/.local/lib/python3.12/site-packages/airflow/__init__.py)","exc_notes":[],"syntax_error":null,"is_cause":false,"frames":[{"filename":"/home/airflow/.local/lib/python3.12/site-packages/airflow/models/dagbag.py","lineno":405,"name":"parse"},{"filename":"<frozen importlib._bootstrap_external>","lineno":999,"name":"exec_module"},{"filename":"<frozen importlib._bootstrap>","lineno":488,"name":"_call_with_frames_removed"},{"filename":"/opt/airflow/dags/salse2s3.py","lineno":7,"name":"<module>"}],"is_group":false,"exceptions":[]}]}
{"timestamp":"2025-10-16T19:08:42.304197Z","level":"info","event":"Filling up the DagBag from /opt/airflow/dags/salse2s3.py","logger":"airflow.models.dagbag.DagBag","filename":"dagbag.py","lineno":593}
{"timestamp":"2025-10-16T19:08:42.308071Z","level":"error","event":"Failed to import: /opt/airflow/dags/salse2s3.py","logger":"airflow.models.dagbag.DagBag","filename":"dagbag.py","lineno":415,"error_detail":[{"exc_type":"ImportError","exc_value":"cannot import name 'Dag' from 'airflow' (/home/airflow/.local/lib/python3.12/site-packages/airflow/__init__.py)","exc_notes":[],"syntax_error":null,"is_cause":false,"frames":[{"filename":"/home/airflow/.local/lib/python3.12/site-packages/airflow/models/dagbag.py","lineno":405,"name":"parse"},{"filename":"<frozen importlib._bootstrap_external>","lineno":999,"name":"exec_module"},{"filename":"<frozen importlib._bootstrap>","lineno":488,"name":"_call_with_frames_removed"},{"filename":"/opt/airflow/dags/salse2s3.py","lineno":7,"name":"<module>"}],"is_group":false,"exceptions":[]}]}
{"timestamp":"2025-10-16T19:09:12.709620Z","level":"info","event":"Filling up the DagBag from /opt/airflow/dags/salse2s3.py","logger":"airflow.models.dagbag.DagBag","filename":"dagbag.py","lineno":593}
{"timestamp":"2025-10-16T19:09:12.713732Z","level":"error","event":"Failed to import: /opt/airflow/dags/salse2s3.py","logger":"airflow.models.dagbag.DagBag","filename":"dagbag.py","lineno":415,"error_detail":[{"exc_type":"ImportError","exc_value":"cannot import name 'Dag' from 'airflow' (/home/airflow/.local/lib/python3.12/site-packages/airflow/__init__.py)","exc_notes":[],"syntax_error":null,"is_cause":false,"frames":[{"filename":"/home/airflow/.local/lib/python3.12/site-packages/airflow/models/dagbag.py","lineno":405,"name":"parse"},{"filename":"<frozen importlib._bootstrap_external>","lineno":999,"name":"exec_module"},{"filename":"<frozen importlib._bootstrap>","lineno":488,"name":"_call_with_frames_removed"},{"filename":"/opt/airflow/dags/salse2s3.py","lineno":7,"name":"<module>"}],"is_group":false,"exceptions":[]}]}
{"timestamp":"2025-10-16T19:09:43.090381Z","level":"info","event":"Filling up the DagBag from /opt/airflow/dags/salse2s3.py","logger":"airflow.models.dagbag.DagBag","filename":"dagbag.py","lineno":593}
{"timestamp":"2025-10-16T19:09:43.093723Z","level":"error","event":"Failed to import: /opt/airflow/dags/salse2s3.py","logger":"airflow.models.dagbag.DagBag","filename":"dagbag.py","lineno":415,"error_detail":[{"exc_type":"ImportError","exc_value":"cannot import name 'Dag' from 'airflow' (/home/airflow/.local/lib/python3.12/site-packages/airflow/__init__.py)","exc_notes":[],"syntax_error":null,"is_cause":false,"frames":[{"filename":"/home/airflow/.local/lib/python3.12/site-packages/airflow/models/dagbag.py","lineno":405,"name":"parse"},{"filename":"<frozen importlib._bootstrap_external>","lineno":999,"name":"exec_module"},{"filename":"<frozen importlib._bootstrap>","lineno":488,"name":"_call_with_frames_removed"},{"filename":"/opt/airflow/dags/salse2s3.py","lineno":7,"name":"<module>"}],"is_group":false,"exceptions":[]}]}
{"timestamp":"2025-10-16T19:10:13.508715Z","level":"info","event":"Filling up the DagBag from /opt/airflow/dags/salse2s3.py","logger":"airflow.models.dagbag.DagBag","filename":"dagbag.py","lineno":593}
{"timestamp":"2025-10-16T19:10:13.512509Z","level":"error","event":"Failed to import: /opt/airflow/dags/salse2s3.py","logger":"airflow.models.dagbag.DagBag","filename":"dagbag.py","lineno":415,"error_detail":[{"exc_type":"ImportError","exc_value":"cannot import name 'Dag' from 'airflow' (/home/airflow/.local/lib/python3.12/site-packages/airflow/__init__.py)","exc_notes":[],"syntax_error":null,"is_cause":false,"frames":[{"filename":"/home/airflow/.local/lib/python3.12/site-packages/airflow/models/dagbag.py","lineno":405,"name":"parse"},{"filename":"<frozen importlib._bootstrap_external>","lineno":999,"name":"exec_module"},{"filename":"<frozen importlib._bootstrap>","lineno":488,"name":"_call_with_frames_removed"},{"filename":"/opt/airflow/dags/salse2s3.py","lineno":7,"name":"<module>"}],"is_group":false,"exceptions":[]}]}
{"timestamp":"2025-10-16T19:10:43.928064Z","level":"info","event":"Filling up the DagBag from /opt/airflow/dags/salse2s3.py","logger":"airflow.models.dagbag.DagBag","filename":"dagbag.py","lineno":593}
{"timestamp":"2025-10-16T19:10:43.934929Z","level":"error","event":"Failed to import: /opt/airflow/dags/salse2s3.py","logger":"airflow.models.dagbag.DagBag","filename":"dagbag.py","lineno":415,"error_detail":[{"exc_type":"ImportError","exc_value":"cannot import name 'Dag' from 'airflow' (/home/airflow/.local/lib/python3.12/site-packages/airflow/__init__.py)","exc_notes":[],"syntax_error":null,"is_cause":false,"frames":[{"filename":"/home/airflow/.local/lib/python3.12/site-packages/airflow/models/dagbag.py","lineno":405,"name":"parse"},{"filename":"<frozen importlib._bootstrap_external>","lineno":999,"name":"exec_module"},{"filename":"<frozen importlib._bootstrap>","lineno":488,"name":"_call_with_frames_removed"},{"filename":"/opt/airflow/dags/salse2s3.py","lineno":7,"name":"<module>"}],"is_group":false,"exceptions":[]}]}
{"timestamp":"2025-10-16T19:11:14.333835Z","level":"info","event":"Filling up the DagBag from /opt/airflow/dags/salse2s3.py","logger":"airflow.models.dagbag.DagBag","filename":"dagbag.py","lineno":593}
{"timestamp":"2025-10-16T19:11:14.337186Z","level":"error","event":"Failed to import: /opt/airflow/dags/salse2s3.py","logger":"airflow.models.dagbag.DagBag","filename":"dagbag.py","lineno":415,"error_detail":[{"exc_type":"ImportError","exc_value":"cannot import name 'Dag' from 'airflow' (/home/airflow/.local/lib/python3.12/site-packages/airflow/__init__.py)","exc_notes":[],"syntax_error":null,"is_cause":false,"frames":[{"filename":"/home/airflow/.local/lib/python3.12/site-packages/airflow/models/dagbag.py","lineno":405,"name":"parse"},{"filename":"<frozen importlib._bootstrap_external>","lineno":999,"name":"exec_module"},{"filename":"<frozen importlib._bootstrap>","lineno":488,"name":"_call_with_frames_removed"},{"filename":"/opt/airflow/dags/salse2s3.py","lineno":7,"name":"<module>"}],"is_group":false,"exceptions":[]}]}
{"timestamp":"2025-10-16T19:11:44.776023Z","level":"info","event":"Filling up the DagBag from /opt/airflow/dags/salse2s3.py","logger":"airflow.models.dagbag.DagBag","filename":"dagbag.py","lineno":593}
{"timestamp":"2025-10-16T19:11:44.780441Z","level":"error","event":"Failed to import: /opt/airflow/dags/salse2s3.py","logger":"airflow.models.dagbag.DagBag","filename":"dagbag.py","lineno":415,"error_detail":[{"exc_type":"ImportError","exc_value":"cannot import name 'Dag' from 'airflow' (/home/airflow/.local/lib/python3.12/site-packages/airflow/__init__.py)","exc_notes":[],"syntax_error":null,"is_cause":false,"frames":[{"filename":"/home/airflow/.local/lib/python3.12/site-packages/airflow/models/dagbag.py","lineno":405,"name":"parse"},{"filename":"<frozen importlib._bootstrap_external>","lineno":999,"name":"exec_module"},{"filename":"<frozen importlib._bootstrap>","lineno":488,"name":"_call_with_frames_removed"},{"filename":"/opt/airflow/dags/salse2s3.py","lineno":7,"name":"<module>"}],"is_group":false,"exceptions":[]}]}
{"timestamp":"2025-10-16T19:12:15.227547Z","level":"info","event":"Filling up the DagBag from /opt/airflow/dags/salse2s3.py","logger":"airflow.models.dagbag.DagBag","filename":"dagbag.py","lineno":593}
{"timestamp":"2025-10-16T19:12:15.231930Z","level":"error","event":"Failed to import: /opt/airflow/dags/salse2s3.py","logger":"airflow.models.dagbag.DagBag","filename":"dagbag.py","lineno":415,"error_detail":[{"exc_type":"ImportError","exc_value":"cannot import name 'Dag' from 'airflow' (/home/airflow/.local/lib/python3.12/site-packages/airflow/__init__.py)","exc_notes":[],"syntax_error":null,"is_cause":false,"frames":[{"filename":"/home/airflow/.local/lib/python3.12/site-packages/airflow/models/dagbag.py","lineno":405,"name":"parse"},{"filename":"<frozen importlib._bootstrap_external>","lineno":999,"name":"exec_module"},{"filename":"<frozen importlib._bootstrap>","lineno":488,"name":"_call_with_frames_removed"},{"filename":"/opt/airflow/dags/salse2s3.py","lineno":7,"name":"<module>"}],"is_group":false,"exceptions":[]}]}
{"timestamp":"2025-10-16T19:12:45.626063Z","level":"info","event":"Filling up the DagBag from /opt/airflow/dags/salse2s3.py","logger":"airflow.models.dagbag.DagBag","filename":"dagbag.py","lineno":593}
{"timestamp":"2025-10-16T19:12:45.635588Z","level":"error","event":"Failed to import: /opt/airflow/dags/salse2s3.py","logger":"airflow.models.dagbag.DagBag","filename":"dagbag.py","lineno":415,"error_detail":[{"exc_type":"ImportError","exc_value":"cannot import name 'Dag' from 'airflow' (/home/airflow/.local/lib/python3.12/site-packages/airflow/__init__.py)","exc_notes":[],"syntax_error":null,"is_cause":false,"frames":[{"filename":"/home/airflow/.local/lib/python3.12/site-packages/airflow/models/dagbag.py","lineno":405,"name":"parse"},{"filename":"<frozen importlib._bootstrap_external>","lineno":999,"name":"exec_module"},{"filename":"<frozen importlib._bootstrap>","lineno":488,"name":"_call_with_frames_removed"},{"filename":"/opt/airflow/dags/salse2s3.py","lineno":7,"name":"<module>"}],"is_group":false,"exceptions":[]}]}
{"timestamp":"2025-10-16T19:13:16.083702Z","level":"info","event":"Filling up the DagBag from /opt/airflow/dags/salse2s3.py","logger":"airflow.models.dagbag.DagBag","filename":"dagbag.py","lineno":593}
{"timestamp":"2025-10-16T19:13:16.087905Z","level":"error","event":"Failed to import: /opt/airflow/dags/salse2s3.py","logger":"airflow.models.dagbag.DagBag","filename":"dagbag.py","lineno":415,"error_detail":[{"exc_type":"ImportError","exc_value":"cannot import name 'Dag' from 'airflow' (/home/airflow/.local/lib/python3.12/site-packages/airflow/__init__.py)","exc_notes":[],"syntax_error":null,"is_cause":false,"frames":[{"filename":"/home/airflow/.local/lib/python3.12/site-packages/airflow/models/dagbag.py","lineno":405,"name":"parse"},{"filename":"<frozen importlib._bootstrap_external>","lineno":999,"name":"exec_module"},{"filename":"<frozen importlib._bootstrap>","lineno":488,"name":"_call_with_frames_removed"},{"filename":"/opt/airflow/dags/salse2s3.py","lineno":7,"name":"<module>"}],"is_group":false,"exceptions":[]}]}
{"timestamp":"2025-10-16T19:13:46.552336Z","level":"info","event":"Filling up the DagBag from /opt/airflow/dags/salse2s3.py","logger":"airflow.models.dagbag.DagBag","filename":"dagbag.py","lineno":593}
{"timestamp":"2025-10-16T19:13:46.557135Z","level":"error","event":"Failed to import: /opt/airflow/dags/salse2s3.py","logger":"airflow.models.dagbag.DagBag","filename":"dagbag.py","lineno":415,"error_detail":[{"exc_type":"ImportError","exc_value":"cannot import name 'Dag' from 'airflow' (/home/airflow/.local/lib/python3.12/site-packages/airflow/__init__.py)","exc_notes":[],"syntax_error":null,"is_cause":false,"frames":[{"filename":"/home/airflow/.local/lib/python3.12/site-packages/airflow/models/dagbag.py","lineno":405,"name":"parse"},{"filename":"<frozen importlib._bootstrap_external>","lineno":999,"name":"exec_module"},{"filename":"<frozen importlib._bootstrap>","lineno":488,"name":"_call_with_frames_removed"},{"filename":"/opt/airflow/dags/salse2s3.py","lineno":7,"name":"<module>"}],"is_group":false,"exceptions":[]}]}
{"timestamp":"2025-10-16T19:14:16.971216Z","level":"info","event":"Filling up the DagBag from /opt/airflow/dags/salse2s3.py","logger":"airflow.models.dagbag.DagBag","filename":"dagbag.py","lineno":593}
{"timestamp":"2025-10-16T19:14:16.975525Z","level":"error","event":"Failed to import: /opt/airflow/dags/salse2s3.py","logger":"airflow.models.dagbag.DagBag","filename":"dagbag.py","lineno":415,"error_detail":[{"exc_type":"ImportError","exc_value":"cannot import name 'Dag' from 'airflow' (/home/airflow/.local/lib/python3.12/site-packages/airflow/__init__.py)","exc_notes":[],"syntax_error":null,"is_cause":false,"frames":[{"filename":"/home/airflow/.local/lib/python3.12/site-packages/airflow/models/dagbag.py","lineno":405,"name":"parse"},{"filename":"<frozen importlib._bootstrap_external>","lineno":999,"name":"exec_module"},{"filename":"<frozen importlib._bootstrap>","lineno":488,"name":"_call_with_frames_removed"},{"filename":"/opt/airflow/dags/salse2s3.py","lineno":7,"name":"<module>"}],"is_group":false,"exceptions":[]}]}
{"timestamp":"2025-10-16T19:14:47.469743Z","level":"info","event":"Filling up the DagBag from /opt/airflow/dags/salse2s3.py","logger":"airflow.models.dagbag.DagBag","filename":"dagbag.py","lineno":593}
{"timestamp":"2025-10-16T19:14:47.476367Z","level":"error","event":"Failed to import: /opt/airflow/dags/salse2s3.py","logger":"airflow.models.dagbag.DagBag","filename":"dagbag.py","lineno":415,"error_detail":[{"exc_type":"ImportError","exc_value":"cannot import name 'Dag' from 'airflow' (/home/airflow/.local/lib/python3.12/site-packages/airflow/__init__.py)","exc_notes":[],"syntax_error":null,"is_cause":false,"frames":[{"filename":"/home/airflow/.local/lib/python3.12/site-packages/airflow/models/dagbag.py","lineno":405,"name":"parse"},{"filename":"<frozen importlib._bootstrap_external>","lineno":999,"name":"exec_module"},{"filename":"<frozen importlib._bootstrap>","lineno":488,"name":"_call_with_frames_removed"},{"filename":"/opt/airflow/dags/salse2s3.py","lineno":7,"name":"<module>"}],"is_group":false,"exceptions":[]}]}
{"timestamp":"2025-10-16T19:15:17.937708Z","level":"info","event":"Filling up the DagBag from /opt/airflow/dags/salse2s3.py","logger":"airflow.models.dagbag.DagBag","filename":"dagbag.py","lineno":593}
{"timestamp":"2025-10-16T19:15:17.941805Z","level":"error","event":"Failed to import: /opt/airflow/dags/salse2s3.py","logger":"airflow.models.dagbag.DagBag","filename":"dagbag.py","lineno":415,"error_detail":[{"exc_type":"ImportError","exc_value":"cannot import name 'Dag' from 'airflow' (/home/airflow/.local/lib/python3.12/site-packages/airflow/__init__.py)","exc_notes":[],"syntax_error":null,"is_cause":false,"frames":[{"filename":"/home/airflow/.local/lib/python3.12/site-packages/airflow/models/dagbag.py","lineno":405,"name":"parse"},{"filename":"<frozen importlib._bootstrap_external>","lineno":999,"name":"exec_module"},{"filename":"<frozen importlib._bootstrap>","lineno":488,"name":"_call_with_frames_removed"},{"filename":"/opt/airflow/dags/salse2s3.py","lineno":7,"name":"<module>"}],"is_group":false,"exceptions":[]}]}
{"timestamp":"2025-10-16T19:15:48.369908Z","level":"info","event":"Filling up the DagBag from /opt/airflow/dags/salse2s3.py","logger":"airflow.models.dagbag.DagBag","filename":"dagbag.py","lineno":593}
{"timestamp":"2025-10-16T19:15:48.375786Z","level":"error","event":"Failed to import: /opt/airflow/dags/salse2s3.py","logger":"airflow.models.dagbag.DagBag","filename":"dagbag.py","lineno":415,"error_detail":[{"exc_type":"ImportError","exc_value":"cannot import name 'Dag' from 'airflow' (/home/airflow/.local/lib/python3.12/site-packages/airflow/__init__.py)","exc_notes":[],"syntax_error":null,"is_cause":false,"frames":[{"filename":"/home/airflow/.local/lib/python3.12/site-packages/airflow/models/dagbag.py","lineno":405,"name":"parse"},{"filename":"<frozen importlib._bootstrap_external>","lineno":999,"name":"exec_module"},{"filename":"<frozen importlib._bootstrap>","lineno":488,"name":"_call_with_frames_removed"},{"filename":"/opt/airflow/dags/salse2s3.py","lineno":7,"name":"<module>"}],"is_group":false,"exceptions":[]}]}
{"timestamp":"2025-10-16T19:16:18.797918Z","level":"info","event":"Filling up the DagBag from /opt/airflow/dags/salse2s3.py","logger":"airflow.models.dagbag.DagBag","filename":"dagbag.py","lineno":593}
{"timestamp":"2025-10-16T19:16:18.803057Z","level":"error","event":"Failed to import: /opt/airflow/dags/salse2s3.py","logger":"airflow.models.dagbag.DagBag","filename":"dagbag.py","lineno":415,"error_detail":[{"exc_type":"ImportError","exc_value":"cannot import name 'Dag' from 'airflow' (/home/airflow/.local/lib/python3.12/site-packages/airflow/__init__.py)","exc_notes":[],"syntax_error":null,"is_cause":false,"frames":[{"filename":"/home/airflow/.local/lib/python3.12/site-packages/airflow/models/dagbag.py","lineno":405,"name":"parse"},{"filename":"<frozen importlib._bootstrap_external>","lineno":999,"name":"exec_module"},{"filename":"<frozen importlib._bootstrap>","lineno":488,"name":"_call_with_frames_removed"},{"filename":"/opt/airflow/dags/salse2s3.py","lineno":7,"name":"<module>"}],"is_group":false,"exceptions":[]}]}
{"timestamp":"2025-10-16T19:16:49.184274Z","level":"info","event":"Filling up the DagBag from /opt/airflow/dags/salse2s3.py","logger":"airflow.models.dagbag.DagBag","filename":"dagbag.py","lineno":593}
{"timestamp":"2025-10-16T19:16:49.188973Z","level":"error","event":"Failed to import: /opt/airflow/dags/salse2s3.py","logger":"airflow.models.dagbag.DagBag","filename":"dagbag.py","lineno":415,"error_detail":[{"exc_type":"ImportError","exc_value":"cannot import name 'Dag' from 'airflow' (/home/airflow/.local/lib/python3.12/site-packages/airflow/__init__.py)","exc_notes":[],"syntax_error":null,"is_cause":false,"frames":[{"filename":"/home/airflow/.local/lib/python3.12/site-packages/airflow/models/dagbag.py","lineno":405,"name":"parse"},{"filename":"<frozen importlib._bootstrap_external>","lineno":999,"name":"exec_module"},{"filename":"<frozen importlib._bootstrap>","lineno":488,"name":"_call_with_frames_removed"},{"filename":"/opt/airflow/dags/salse2s3.py","lineno":7,"name":"<module>"}],"is_group":false,"exceptions":[]}]}
{"timestamp":"2025-10-16T19:17:19.602116Z","level":"info","event":"Filling up the DagBag from /opt/airflow/dags/salse2s3.py","logger":"airflow.models.dagbag.DagBag","filename":"dagbag.py","lineno":593}
{"timestamp":"2025-10-16T19:17:19.605600Z","level":"error","event":"Failed to import: /opt/airflow/dags/salse2s3.py","logger":"airflow.models.dagbag.DagBag","filename":"dagbag.py","lineno":415,"error_detail":[{"exc_type":"ImportError","exc_value":"cannot import name 'Dag' from 'airflow' (/home/airflow/.local/lib/python3.12/site-packages/airflow/__init__.py)","exc_notes":[],"syntax_error":null,"is_cause":false,"frames":[{"filename":"/home/airflow/.local/lib/python3.12/site-packages/airflow/models/dagbag.py","lineno":405,"name":"parse"},{"filename":"<frozen importlib._bootstrap_external>","lineno":999,"name":"exec_module"},{"filename":"<frozen importlib._bootstrap>","lineno":488,"name":"_call_with_frames_removed"},{"filename":"/opt/airflow/dags/salse2s3.py","lineno":7,"name":"<module>"}],"is_group":false,"exceptions":[]}]}
{"timestamp":"2025-10-16T19:17:49.976301Z","level":"info","event":"Filling up the DagBag from /opt/airflow/dags/salse2s3.py","logger":"airflow.models.dagbag.DagBag","filename":"dagbag.py","lineno":593}
{"timestamp":"2025-10-16T19:17:49.980811Z","level":"error","event":"Failed to import: /opt/airflow/dags/salse2s3.py","logger":"airflow.models.dagbag.DagBag","filename":"dagbag.py","lineno":415,"error_detail":[{"exc_type":"ImportError","exc_value":"cannot import name 'Dag' from 'airflow' (/home/airflow/.local/lib/python3.12/site-packages/airflow/__init__.py)","exc_notes":[],"syntax_error":null,"is_cause":false,"frames":[{"filename":"/home/airflow/.local/lib/python3.12/site-packages/airflow/models/dagbag.py","lineno":405,"name":"parse"},{"filename":"<frozen importlib._bootstrap_external>","lineno":999,"name":"exec_module"},{"filename":"<frozen importlib._bootstrap>","lineno":488,"name":"_call_with_frames_removed"},{"filename":"/opt/airflow/dags/salse2s3.py","lineno":7,"name":"<module>"}],"is_group":false,"exceptions":[]}]}
{"timestamp":"2025-10-16T19:18:20.362118Z","level":"info","event":"Filling up the DagBag from /opt/airflow/dags/salse2s3.py","logger":"airflow.models.dagbag.DagBag","filename":"dagbag.py","lineno":593}
{"timestamp":"2025-10-16T19:18:20.366895Z","level":"error","event":"Failed to import: /opt/airflow/dags/salse2s3.py","logger":"airflow.models.dagbag.DagBag","filename":"dagbag.py","lineno":415,"error_detail":[{"exc_type":"ImportError","exc_value":"cannot import name 'Dag' from 'airflow' (/home/airflow/.local/lib/python3.12/site-packages/airflow/__init__.py)","exc_notes":[],"syntax_error":null,"is_cause":false,"frames":[{"filename":"/home/airflow/.local/lib/python3.12/site-packages/airflow/models/dagbag.py","lineno":405,"name":"parse"},{"filename":"<frozen importlib._bootstrap_external>","lineno":999,"name":"exec_module"},{"filename":"<frozen importlib._bootstrap>","lineno":488,"name":"_call_with_frames_removed"},{"filename":"/opt/airflow/dags/salse2s3.py","lineno":7,"name":"<module>"}],"is_group":false,"exceptions":[]}]}
{"timestamp":"2025-10-16T19:18:50.819770Z","level":"info","event":"Filling up the DagBag from /opt/airflow/dags/salse2s3.py","logger":"airflow.models.dagbag.DagBag","filename":"dagbag.py","lineno":593}
{"timestamp":"2025-10-16T19:18:50.824711Z","level":"error","event":"Failed to import: /opt/airflow/dags/salse2s3.py","logger":"airflow.models.dagbag.DagBag","filename":"dagbag.py","lineno":415,"error_detail":[{"exc_type":"ImportError","exc_value":"cannot import name 'Dag' from 'airflow' (/home/airflow/.local/lib/python3.12/site-packages/airflow/__init__.py)","exc_notes":[],"syntax_error":null,"is_cause":false,"frames":[{"filename":"/home/airflow/.local/lib/python3.12/site-packages/airflow/models/dagbag.py","lineno":405,"name":"parse"},{"filename":"<frozen importlib._bootstrap_external>","lineno":999,"name":"exec_module"},{"filename":"<frozen importlib._bootstrap>","lineno":488,"name":"_call_with_frames_removed"},{"filename":"/opt/airflow/dags/salse2s3.py","lineno":7,"name":"<module>"}],"is_group":false,"exceptions":[]}]}
{"timestamp":"2025-10-16T19:19:21.214123Z","level":"info","event":"Filling up the DagBag from /opt/airflow/dags/salse2s3.py","logger":"airflow.models.dagbag.DagBag","filename":"dagbag.py","lineno":593}
{"timestamp":"2025-10-16T19:19:21.217012Z","level":"error","event":"Failed to import: /opt/airflow/dags/salse2s3.py","logger":"airflow.models.dagbag.DagBag","filename":"dagbag.py","lineno":415,"error_detail":[{"exc_type":"ImportError","exc_value":"cannot import name 'Dag' from 'airflow' (/home/airflow/.local/lib/python3.12/site-packages/airflow/__init__.py)","exc_notes":[],"syntax_error":null,"is_cause":false,"frames":[{"filename":"/home/airflow/.local/lib/python3.12/site-packages/airflow/models/dagbag.py","lineno":405,"name":"parse"},{"filename":"<frozen importlib._bootstrap_external>","lineno":999,"name":"exec_module"},{"filename":"<frozen importlib._bootstrap>","lineno":488,"name":"_call_with_frames_removed"},{"filename":"/opt/airflow/dags/salse2s3.py","lineno":7,"name":"<module>"}],"is_group":false,"exceptions":[]}]}
{"timestamp":"2025-10-16T19:19:51.601163Z","level":"info","event":"Filling up the DagBag from /opt/airflow/dags/salse2s3.py","logger":"airflow.models.dagbag.DagBag","filename":"dagbag.py","lineno":593}
{"timestamp":"2025-10-16T19:19:51.604897Z","level":"error","event":"Failed to import: /opt/airflow/dags/salse2s3.py","logger":"airflow.models.dagbag.DagBag","filename":"dagbag.py","lineno":415,"error_detail":[{"exc_type":"ImportError","exc_value":"cannot import name 'Dag' from 'airflow' (/home/airflow/.local/lib/python3.12/site-packages/airflow/__init__.py)","exc_notes":[],"syntax_error":null,"is_cause":false,"frames":[{"filename":"/home/airflow/.local/lib/python3.12/site-packages/airflow/models/dagbag.py","lineno":405,"name":"parse"},{"filename":"<frozen importlib._bootstrap_external>","lineno":999,"name":"exec_module"},{"filename":"<frozen importlib._bootstrap>","lineno":488,"name":"_call_with_frames_removed"},{"filename":"/opt/airflow/dags/salse2s3.py","lineno":7,"name":"<module>"}],"is_group":false,"exceptions":[]}]}
{"timestamp":"2025-10-16T19:20:22.012320Z","level":"info","event":"Filling up the DagBag from /opt/airflow/dags/salse2s3.py","logger":"airflow.models.dagbag.DagBag","filename":"dagbag.py","lineno":593}
{"timestamp":"2025-10-16T19:20:22.016884Z","level":"error","event":"Failed to import: /opt/airflow/dags/salse2s3.py","logger":"airflow.models.dagbag.DagBag","filename":"dagbag.py","lineno":415,"error_detail":[{"exc_type":"ImportError","exc_value":"cannot import name 'Dag' from 'airflow' (/home/airflow/.local/lib/python3.12/site-packages/airflow/__init__.py)","exc_notes":[],"syntax_error":null,"is_cause":false,"frames":[{"filename":"/home/airflow/.local/lib/python3.12/site-packages/airflow/models/dagbag.py","lineno":405,"name":"parse"},{"filename":"<frozen importlib._bootstrap_external>","lineno":999,"name":"exec_module"},{"filename":"<frozen importlib._bootstrap>","lineno":488,"name":"_call_with_frames_removed"},{"filename":"/opt/airflow/dags/salse2s3.py","lineno":7,"name":"<module>"}],"is_group":false,"exceptions":[]}]}
{"timestamp":"2025-10-16T19:20:52.409900Z","level":"info","event":"Filling up the DagBag from /opt/airflow/dags/salse2s3.py","logger":"airflow.models.dagbag.DagBag","filename":"dagbag.py","lineno":593}
{"timestamp":"2025-10-16T19:20:52.415246Z","level":"error","event":"Failed to import: /opt/airflow/dags/salse2s3.py","logger":"airflow.models.dagbag.DagBag","filename":"dagbag.py","lineno":415,"error_detail":[{"exc_type":"ImportError","exc_value":"cannot import name 'Dag' from 'airflow' (/home/airflow/.local/lib/python3.12/site-packages/airflow/__init__.py)","exc_notes":[],"syntax_error":null,"is_cause":false,"frames":[{"filename":"/home/airflow/.local/lib/python3.12/site-packages/airflow/models/dagbag.py","lineno":405,"name":"parse"},{"filename":"<frozen importlib._bootstrap_external>","lineno":999,"name":"exec_module"},{"filename":"<frozen importlib._bootstrap>","lineno":488,"name":"_call_with_frames_removed"},{"filename":"/opt/airflow/dags/salse2s3.py","lineno":7,"name":"<module>"}],"is_group":false,"exceptions":[]}]}
{"timestamp":"2025-10-16T19:21:22.822271Z","level":"info","event":"Filling up the DagBag from /opt/airflow/dags/salse2s3.py","logger":"airflow.models.dagbag.DagBag","filename":"dagbag.py","lineno":593}
{"timestamp":"2025-10-16T19:21:22.826578Z","level":"error","event":"Failed to import: /opt/airflow/dags/salse2s3.py","logger":"airflow.models.dagbag.DagBag","filename":"dagbag.py","lineno":415,"error_detail":[{"exc_type":"ImportError","exc_value":"cannot import name 'Dag' from 'airflow' (/home/airflow/.local/lib/python3.12/site-packages/airflow/__init__.py)","exc_notes":[],"syntax_error":null,"is_cause":false,"frames":[{"filename":"/home/airflow/.local/lib/python3.12/site-packages/airflow/models/dagbag.py","lineno":405,"name":"parse"},{"filename":"<frozen importlib._bootstrap_external>","lineno":999,"name":"exec_module"},{"filename":"<frozen importlib._bootstrap>","lineno":488,"name":"_call_with_frames_removed"},{"filename":"/opt/airflow/dags/salse2s3.py","lineno":7,"name":"<module>"}],"is_group":false,"exceptions":[]}]}
{"timestamp":"2025-10-16T19:21:53.246400Z","level":"info","event":"Filling up the DagBag from /opt/airflow/dags/salse2s3.py","logger":"airflow.models.dagbag.DagBag","filename":"dagbag.py","lineno":593}
{"timestamp":"2025-10-16T19:21:53.250570Z","level":"error","event":"Failed to import: /opt/airflow/dags/salse2s3.py","logger":"airflow.models.dagbag.DagBag","filename":"dagbag.py","lineno":415,"error_detail":[{"exc_type":"ImportError","exc_value":"cannot import name 'Dag' from 'airflow' (/home/airflow/.local/lib/python3.12/site-packages/airflow/__init__.py)","exc_notes":[],"syntax_error":null,"is_cause":false,"frames":[{"filename":"/home/airflow/.local/lib/python3.12/site-packages/airflow/models/dagbag.py","lineno":405,"name":"parse"},{"filename":"<frozen importlib._bootstrap_external>","lineno":999,"name":"exec_module"},{"filename":"<frozen importlib._bootstrap>","lineno":488,"name":"_call_with_frames_removed"},{"filename":"/opt/airflow/dags/salse2s3.py","lineno":7,"name":"<module>"}],"is_group":false,"exceptions":[]}]}
{"timestamp":"2025-10-16T19:22:23.704420Z","level":"info","event":"Filling up the DagBag from /opt/airflow/dags/salse2s3.py","logger":"airflow.models.dagbag.DagBag","filename":"dagbag.py","lineno":593}
{"timestamp":"2025-10-16T19:22:23.708655Z","level":"error","event":"Failed to import: /opt/airflow/dags/salse2s3.py","logger":"airflow.models.dagbag.DagBag","filename":"dagbag.py","lineno":415,"error_detail":[{"exc_type":"ImportError","exc_value":"cannot import name 'Dag' from 'airflow' (/home/airflow/.local/lib/python3.12/site-packages/airflow/__init__.py)","exc_notes":[],"syntax_error":null,"is_cause":false,"frames":[{"filename":"/home/airflow/.local/lib/python3.12/site-packages/airflow/models/dagbag.py","lineno":405,"name":"parse"},{"filename":"<frozen importlib._bootstrap_external>","lineno":999,"name":"exec_module"},{"filename":"<frozen importlib._bootstrap>","lineno":488,"name":"_call_with_frames_removed"},{"filename":"/opt/airflow/dags/salse2s3.py","lineno":7,"name":"<module>"}],"is_group":false,"exceptions":[]}]}
{"timestamp":"2025-10-16T19:22:54.171022Z","level":"info","event":"Filling up the DagBag from /opt/airflow/dags/salse2s3.py","logger":"airflow.models.dagbag.DagBag","filename":"dagbag.py","lineno":593}
{"timestamp":"2025-10-16T19:22:54.176047Z","level":"error","event":"Failed to import: /opt/airflow/dags/salse2s3.py","logger":"airflow.models.dagbag.DagBag","filename":"dagbag.py","lineno":415,"error_detail":[{"exc_type":"ImportError","exc_value":"cannot import name 'Dag' from 'airflow' (/home/airflow/.local/lib/python3.12/site-packages/airflow/__init__.py)","exc_notes":[],"syntax_error":null,"is_cause":false,"frames":[{"filename":"/home/airflow/.local/lib/python3.12/site-packages/airflow/models/dagbag.py","lineno":405,"name":"parse"},{"filename":"<frozen importlib._bootstrap_external>","lineno":999,"name":"exec_module"},{"filename":"<frozen importlib._bootstrap>","lineno":488,"name":"_call_with_frames_removed"},{"filename":"/opt/airflow/dags/salse2s3.py","lineno":7,"name":"<module>"}],"is_group":false,"exceptions":[]}]}
{"timestamp":"2025-10-16T19:23:24.614825Z","level":"info","event":"Filling up the DagBag from /opt/airflow/dags/salse2s3.py","logger":"airflow.models.dagbag.DagBag","filename":"dagbag.py","lineno":593}
{"timestamp":"2025-10-16T19:23:24.621179Z","level":"error","event":"Failed to import: /opt/airflow/dags/salse2s3.py","logger":"airflow.models.dagbag.DagBag","filename":"dagbag.py","lineno":415,"error_detail":[{"exc_type":"ImportError","exc_value":"cannot import name 'Dag' from 'airflow' (/home/airflow/.local/lib/python3.12/site-packages/airflow/__init__.py)","exc_notes":[],"syntax_error":null,"is_cause":false,"frames":[{"filename":"/home/airflow/.local/lib/python3.12/site-packages/airflow/models/dagbag.py","lineno":405,"name":"parse"},{"filename":"<frozen importlib._bootstrap_external>","lineno":999,"name":"exec_module"},{"filename":"<frozen importlib._bootstrap>","lineno":488,"name":"_call_with_frames_removed"},{"filename":"/opt/airflow/dags/salse2s3.py","lineno":7,"name":"<module>"}],"is_group":false,"exceptions":[]}]}
{"timestamp":"2025-10-16T19:23:55.033190Z","level":"info","event":"Filling up the DagBag from /opt/airflow/dags/salse2s3.py","logger":"airflow.models.dagbag.DagBag","filename":"dagbag.py","lineno":593}
{"timestamp":"2025-10-16T19:23:55.037822Z","level":"error","event":"Failed to import: /opt/airflow/dags/salse2s3.py","logger":"airflow.models.dagbag.DagBag","filename":"dagbag.py","lineno":415,"error_detail":[{"exc_type":"ImportError","exc_value":"cannot import name 'Dag' from 'airflow' (/home/airflow/.local/lib/python3.12/site-packages/airflow/__init__.py)","exc_notes":[],"syntax_error":null,"is_cause":false,"frames":[{"filename":"/home/airflow/.local/lib/python3.12/site-packages/airflow/models/dagbag.py","lineno":405,"name":"parse"},{"filename":"<frozen importlib._bootstrap_external>","lineno":999,"name":"exec_module"},{"filename":"<frozen importlib._bootstrap>","lineno":488,"name":"_call_with_frames_removed"},{"filename":"/opt/airflow/dags/salse2s3.py","lineno":7,"name":"<module>"}],"is_group":false,"exceptions":[]}]}
{"timestamp":"2025-10-16T19:24:25.449802Z","level":"info","event":"Filling up the DagBag from /opt/airflow/dags/salse2s3.py","logger":"airflow.models.dagbag.DagBag","filename":"dagbag.py","lineno":593}
{"timestamp":"2025-10-16T19:24:25.454235Z","level":"error","event":"Failed to import: /opt/airflow/dags/salse2s3.py","logger":"airflow.models.dagbag.DagBag","filename":"dagbag.py","lineno":415,"error_detail":[{"exc_type":"ImportError","exc_value":"cannot import name 'Dag' from 'airflow' (/home/airflow/.local/lib/python3.12/site-packages/airflow/__init__.py)","exc_notes":[],"syntax_error":null,"is_cause":false,"frames":[{"filename":"/home/airflow/.local/lib/python3.12/site-packages/airflow/models/dagbag.py","lineno":405,"name":"parse"},{"filename":"<frozen importlib._bootstrap_external>","lineno":999,"name":"exec_module"},{"filename":"<frozen importlib._bootstrap>","lineno":488,"name":"_call_with_frames_removed"},{"filename":"/opt/airflow/dags/salse2s3.py","lineno":7,"name":"<module>"}],"is_group":false,"exceptions":[]}]}
{"timestamp":"2025-10-16T19:24:55.909707Z","level":"info","event":"Filling up the DagBag from /opt/airflow/dags/salse2s3.py","logger":"airflow.models.dagbag.DagBag","filename":"dagbag.py","lineno":593}
{"timestamp":"2025-10-16T19:24:55.914190Z","level":"error","event":"Failed to import: /opt/airflow/dags/salse2s3.py","logger":"airflow.models.dagbag.DagBag","filename":"dagbag.py","lineno":415,"error_detail":[{"exc_type":"ImportError","exc_value":"cannot import name 'Dag' from 'airflow' (/home/airflow/.local/lib/python3.12/site-packages/airflow/__init__.py)","exc_notes":[],"syntax_error":null,"is_cause":false,"frames":[{"filename":"/home/airflow/.local/lib/python3.12/site-packages/airflow/models/dagbag.py","lineno":405,"name":"parse"},{"filename":"<frozen importlib._bootstrap_external>","lineno":999,"name":"exec_module"},{"filename":"<frozen importlib._bootstrap>","lineno":488,"name":"_call_with_frames_removed"},{"filename":"/opt/airflow/dags/salse2s3.py","lineno":7,"name":"<module>"}],"is_group":false,"exceptions":[]}]}
{"timestamp":"2025-10-16T19:25:26.328355Z","level":"info","event":"Filling up the DagBag from /opt/airflow/dags/salse2s3.py","logger":"airflow.models.dagbag.DagBag","filename":"dagbag.py","lineno":593}
{"timestamp":"2025-10-16T19:25:26.332298Z","level":"error","event":"Failed to import: /opt/airflow/dags/salse2s3.py","logger":"airflow.models.dagbag.DagBag","filename":"dagbag.py","lineno":415,"error_detail":[{"exc_type":"ImportError","exc_value":"cannot import name 'Dag' from 'airflow' (/home/airflow/.local/lib/python3.12/site-packages/airflow/__init__.py)","exc_notes":[],"syntax_error":null,"is_cause":false,"frames":[{"filename":"/home/airflow/.local/lib/python3.12/site-packages/airflow/models/dagbag.py","lineno":405,"name":"parse"},{"filename":"<frozen importlib._bootstrap_external>","lineno":999,"name":"exec_module"},{"filename":"<frozen importlib._bootstrap>","lineno":488,"name":"_call_with_frames_removed"},{"filename":"/opt/airflow/dags/salse2s3.py","lineno":7,"name":"<module>"}],"is_group":false,"exceptions":[]}]}
{"timestamp":"2025-10-16T19:25:56.764580Z","level":"info","event":"Filling up the DagBag from /opt/airflow/dags/salse2s3.py","logger":"airflow.models.dagbag.DagBag","filename":"dagbag.py","lineno":593}
{"timestamp":"2025-10-16T19:25:56.770292Z","level":"error","event":"Failed to import: /opt/airflow/dags/salse2s3.py","logger":"airflow.models.dagbag.DagBag","filename":"dagbag.py","lineno":415,"error_detail":[{"exc_type":"ImportError","exc_value":"cannot import name 'Dag' from 'airflow' (/home/airflow/.local/lib/python3.12/site-packages/airflow/__init__.py)","exc_notes":[],"syntax_error":null,"is_cause":false,"frames":[{"filename":"/home/airflow/.local/lib/python3.12/site-packages/airflow/models/dagbag.py","lineno":405,"name":"parse"},{"filename":"<frozen importlib._bootstrap_external>","lineno":999,"name":"exec_module"},{"filename":"<frozen importlib._bootstrap>","lineno":488,"name":"_call_with_frames_removed"},{"filename":"/opt/airflow/dags/salse2s3.py","lineno":7,"name":"<module>"}],"is_group":false,"exceptions":[]}]}
{"timestamp":"2025-10-16T19:26:27.231735Z","level":"info","event":"Filling up the DagBag from /opt/airflow/dags/salse2s3.py","logger":"airflow.models.dagbag.DagBag","filename":"dagbag.py","lineno":593}
{"timestamp":"2025-10-16T19:26:27.235542Z","level":"error","event":"Failed to import: /opt/airflow/dags/salse2s3.py","logger":"airflow.models.dagbag.DagBag","filename":"dagbag.py","lineno":415,"error_detail":[{"exc_type":"ImportError","exc_value":"cannot import name 'Dag' from 'airflow' (/home/airflow/.local/lib/python3.12/site-packages/airflow/__init__.py)","exc_notes":[],"syntax_error":null,"is_cause":false,"frames":[{"filename":"/home/airflow/.local/lib/python3.12/site-packages/airflow/models/dagbag.py","lineno":405,"name":"parse"},{"filename":"<frozen importlib._bootstrap_external>","lineno":999,"name":"exec_module"},{"filename":"<frozen importlib._bootstrap>","lineno":488,"name":"_call_with_frames_removed"},{"filename":"/opt/airflow/dags/salse2s3.py","lineno":7,"name":"<module>"}],"is_group":false,"exceptions":[]}]}
{"timestamp":"2025-10-16T19:26:57.651790Z","level":"info","event":"Filling up the DagBag from /opt/airflow/dags/salse2s3.py","logger":"airflow.models.dagbag.DagBag","filename":"dagbag.py","lineno":593}
{"timestamp":"2025-10-16T19:26:57.657140Z","level":"error","event":"Failed to import: /opt/airflow/dags/salse2s3.py","logger":"airflow.models.dagbag.DagBag","filename":"dagbag.py","lineno":415,"error_detail":[{"exc_type":"ImportError","exc_value":"cannot import name 'Dag' from 'airflow' (/home/airflow/.local/lib/python3.12/site-packages/airflow/__init__.py)","exc_notes":[],"syntax_error":null,"is_cause":false,"frames":[{"filename":"/home/airflow/.local/lib/python3.12/site-packages/airflow/models/dagbag.py","lineno":405,"name":"parse"},{"filename":"<frozen importlib._bootstrap_external>","lineno":999,"name":"exec_module"},{"filename":"<frozen importlib._bootstrap>","lineno":488,"name":"_call_with_frames_removed"},{"filename":"/opt/airflow/dags/salse2s3.py","lineno":7,"name":"<module>"}],"is_group":false,"exceptions":[]}]}
{"timestamp":"2025-10-16T19:27:27.978278Z","level":"info","event":"Filling up the DagBag from /opt/airflow/dags/salse2s3.py","logger":"airflow.models.dagbag.DagBag","filename":"dagbag.py","lineno":593}
{"timestamp":"2025-10-16T19:27:27.981268Z","level":"error","event":"Failed to import: /opt/airflow/dags/salse2s3.py","logger":"airflow.models.dagbag.DagBag","filename":"dagbag.py","lineno":415,"error_detail":[{"exc_type":"ImportError","exc_value":"cannot import name 'Dag' from 'airflow' (/home/airflow/.local/lib/python3.12/site-packages/airflow/__init__.py)","exc_notes":[],"syntax_error":null,"is_cause":false,"frames":[{"filename":"/home/airflow/.local/lib/python3.12/site-packages/airflow/models/dagbag.py","lineno":405,"name":"parse"},{"filename":"<frozen importlib._bootstrap_external>","lineno":999,"name":"exec_module"},{"filename":"<frozen importlib._bootstrap>","lineno":488,"name":"_call_with_frames_removed"},{"filename":"/opt/airflow/dags/salse2s3.py","lineno":7,"name":"<module>"}],"is_group":false,"exceptions":[]}]}
{"timestamp":"2025-10-16T19:27:58.403919Z","level":"info","event":"Filling up the DagBag from /opt/airflow/dags/salse2s3.py","logger":"airflow.models.dagbag.DagBag","filename":"dagbag.py","lineno":593}
{"timestamp":"2025-10-16T19:27:58.407035Z","level":"error","event":"Failed to import: /opt/airflow/dags/salse2s3.py","logger":"airflow.models.dagbag.DagBag","filename":"dagbag.py","lineno":415,"error_detail":[{"exc_type":"ImportError","exc_value":"cannot import name 'Dag' from 'airflow' (/home/airflow/.local/lib/python3.12/site-packages/airflow/__init__.py)","exc_notes":[],"syntax_error":null,"is_cause":false,"frames":[{"filename":"/home/airflow/.local/lib/python3.12/site-packages/airflow/models/dagbag.py","lineno":405,"name":"parse"},{"filename":"<frozen importlib._bootstrap_external>","lineno":999,"name":"exec_module"},{"filename":"<frozen importlib._bootstrap>","lineno":488,"name":"_call_with_frames_removed"},{"filename":"/opt/airflow/dags/salse2s3.py","lineno":7,"name":"<module>"}],"is_group":false,"exceptions":[]}]}
{"timestamp":"2025-10-16T19:28:28.802114Z","level":"info","event":"Filling up the DagBag from /opt/airflow/dags/salse2s3.py","logger":"airflow.models.dagbag.DagBag","filename":"dagbag.py","lineno":593}
{"timestamp":"2025-10-16T19:28:28.806029Z","level":"error","event":"Failed to import: /opt/airflow/dags/salse2s3.py","logger":"airflow.models.dagbag.DagBag","filename":"dagbag.py","lineno":415,"error_detail":[{"exc_type":"ImportError","exc_value":"cannot import name 'Dag' from 'airflow' (/home/airflow/.local/lib/python3.12/site-packages/airflow/__init__.py)","exc_notes":[],"syntax_error":null,"is_cause":false,"frames":[{"filename":"/home/airflow/.local/lib/python3.12/site-packages/airflow/models/dagbag.py","lineno":405,"name":"parse"},{"filename":"<frozen importlib._bootstrap_external>","lineno":999,"name":"exec_module"},{"filename":"<frozen importlib._bootstrap>","lineno":488,"name":"_call_with_frames_removed"},{"filename":"/opt/airflow/dags/salse2s3.py","lineno":7,"name":"<module>"}],"is_group":false,"exceptions":[]}]}
{"timestamp":"2025-10-16T19:28:59.241959Z","level":"info","event":"Filling up the DagBag from /opt/airflow/dags/salse2s3.py","logger":"airflow.models.dagbag.DagBag","filename":"dagbag.py","lineno":593}
{"timestamp":"2025-10-16T19:28:59.246651Z","level":"error","event":"Failed to import: /opt/airflow/dags/salse2s3.py","logger":"airflow.models.dagbag.DagBag","filename":"dagbag.py","lineno":415,"error_detail":[{"exc_type":"ImportError","exc_value":"cannot import name 'Dag' from 'airflow' (/home/airflow/.local/lib/python3.12/site-packages/airflow/__init__.py)","exc_notes":[],"syntax_error":null,"is_cause":false,"frames":[{"filename":"/home/airflow/.local/lib/python3.12/site-packages/airflow/models/dagbag.py","lineno":405,"name":"parse"},{"filename":"<frozen importlib._bootstrap_external>","lineno":999,"name":"exec_module"},{"filename":"<frozen importlib._bootstrap>","lineno":488,"name":"_call_with_frames_removed"},{"filename":"/opt/airflow/dags/salse2s3.py","lineno":7,"name":"<module>"}],"is_group":false,"exceptions":[]}]}
{"timestamp":"2025-10-16T19:29:29.621765Z","level":"info","event":"Filling up the DagBag from /opt/airflow/dags/salse2s3.py","logger":"airflow.models.dagbag.DagBag","filename":"dagbag.py","lineno":593}
{"timestamp":"2025-10-16T19:29:29.624813Z","level":"error","event":"Failed to import: /opt/airflow/dags/salse2s3.py","logger":"airflow.models.dagbag.DagBag","filename":"dagbag.py","lineno":415,"error_detail":[{"exc_type":"ImportError","exc_value":"cannot import name 'Dag' from 'airflow' (/home/airflow/.local/lib/python3.12/site-packages/airflow/__init__.py)","exc_notes":[],"syntax_error":null,"is_cause":false,"frames":[{"filename":"/home/airflow/.local/lib/python3.12/site-packages/airflow/models/dagbag.py","lineno":405,"name":"parse"},{"filename":"<frozen importlib._bootstrap_external>","lineno":999,"name":"exec_module"},{"filename":"<frozen importlib._bootstrap>","lineno":488,"name":"_call_with_frames_removed"},{"filename":"/opt/airflow/dags/salse2s3.py","lineno":7,"name":"<module>"}],"is_group":false,"exceptions":[]}]}
{"timestamp":"2025-10-16T19:29:46.866090Z","level":"info","event":"Filling up the DagBag from /opt/airflow/dags/salse2s3.py","logger":"airflow.models.dagbag.DagBag","filename":"dagbag.py","lineno":593}
{"timestamp":"2025-10-16T19:29:46.891401Z","level":"warning","event":"The `airflow.decorators.dag` attribute is deprecated. Please use `'airflow.sdk.dag'`.","category":"DeprecatedImportWarning","filename":"/opt/airflow/dags/salse2s3.py","lineno":7,"logger":"py.warnings"}
{"timestamp":"2025-10-16T19:29:46.891522Z","level":"warning","event":"The `airflow.decorators.task` attribute is deprecated. Please use `'airflow.sdk.task'`.","category":"DeprecatedImportWarning","filename":"/opt/airflow/dags/salse2s3.py","lineno":7,"logger":"py.warnings"}
{"timestamp":"2025-10-16T19:30:17.282932Z","level":"info","event":"Filling up the DagBag from /opt/airflow/dags/salse2s3.py","logger":"airflow.models.dagbag.DagBag","filename":"dagbag.py","lineno":593}
{"timestamp":"2025-10-16T19:30:17.296356Z","level":"warning","event":"The `airflow.decorators.dag` attribute is deprecated. Please use `'airflow.sdk.dag'`.","category":"DeprecatedImportWarning","filename":"/opt/airflow/dags/salse2s3.py","lineno":7,"logger":"py.warnings"}
{"timestamp":"2025-10-16T19:30:17.296418Z","level":"warning","event":"The `airflow.decorators.task` attribute is deprecated. Please use `'airflow.sdk.task'`.","category":"DeprecatedImportWarning","filename":"/opt/airflow/dags/salse2s3.py","lineno":7,"logger":"py.warnings"}
{"timestamp":"2025-10-16T19:30:47.688123Z","level":"info","event":"Filling up the DagBag from /opt/airflow/dags/salse2s3.py","logger":"airflow.models.dagbag.DagBag","filename":"dagbag.py","lineno":593}
{"timestamp":"2025-10-16T19:30:47.705593Z","level":"warning","event":"The `airflow.decorators.dag` attribute is deprecated. Please use `'airflow.sdk.dag'`.","category":"DeprecatedImportWarning","filename":"/opt/airflow/dags/salse2s3.py","lineno":7,"logger":"py.warnings"}
{"timestamp":"2025-10-16T19:30:47.706132Z","level":"warning","event":"The `airflow.decorators.task` attribute is deprecated. Please use `'airflow.sdk.task'`.","category":"DeprecatedImportWarning","filename":"/opt/airflow/dags/salse2s3.py","lineno":7,"logger":"py.warnings"}
{"timestamp":"2025-10-16T19:31:18.123271Z","level":"info","event":"Filling up the DagBag from /opt/airflow/dags/salse2s3.py","logger":"airflow.models.dagbag.DagBag","filename":"dagbag.py","lineno":593}
{"timestamp":"2025-10-16T19:31:18.138398Z","level":"warning","event":"The `airflow.decorators.dag` attribute is deprecated. Please use `'airflow.sdk.dag'`.","category":"DeprecatedImportWarning","filename":"/opt/airflow/dags/salse2s3.py","lineno":7,"logger":"py.warnings"}
{"timestamp":"2025-10-16T19:31:18.138574Z","level":"warning","event":"The `airflow.decorators.task` attribute is deprecated. Please use `'airflow.sdk.task'`.","category":"DeprecatedImportWarning","filename":"/opt/airflow/dags/salse2s3.py","lineno":7,"logger":"py.warnings"}
{"timestamp":"2025-10-16T19:31:48.520827Z","level":"info","event":"Filling up the DagBag from /opt/airflow/dags/salse2s3.py","logger":"airflow.models.dagbag.DagBag","filename":"dagbag.py","lineno":593}
{"timestamp":"2025-10-16T19:31:48.536050Z","level":"warning","event":"The `airflow.decorators.dag` attribute is deprecated. Please use `'airflow.sdk.dag'`.","category":"DeprecatedImportWarning","filename":"/opt/airflow/dags/salse2s3.py","lineno":7,"logger":"py.warnings"}
{"timestamp":"2025-10-16T19:31:48.536242Z","level":"warning","event":"The `airflow.decorators.task` attribute is deprecated. Please use `'airflow.sdk.task'`.","category":"DeprecatedImportWarning","filename":"/opt/airflow/dags/salse2s3.py","lineno":7,"logger":"py.warnings"}
{"timestamp":"2025-10-16T19:32:18.967395Z","level":"info","event":"Filling up the DagBag from /opt/airflow/dags/salse2s3.py","logger":"airflow.models.dagbag.DagBag","filename":"dagbag.py","lineno":593}
{"timestamp":"2025-10-16T19:32:18.985166Z","level":"warning","event":"The `airflow.decorators.dag` attribute is deprecated. Please use `'airflow.sdk.dag'`.","category":"DeprecatedImportWarning","filename":"/opt/airflow/dags/salse2s3.py","lineno":7,"logger":"py.warnings"}
{"timestamp":"2025-10-16T19:32:18.985356Z","level":"warning","event":"The `airflow.decorators.task` attribute is deprecated. Please use `'airflow.sdk.task'`.","category":"DeprecatedImportWarning","filename":"/opt/airflow/dags/salse2s3.py","lineno":7,"logger":"py.warnings"}
{"timestamp":"2025-10-16T19:32:49.420344Z","level":"info","event":"Filling up the DagBag from /opt/airflow/dags/salse2s3.py","logger":"airflow.models.dagbag.DagBag","filename":"dagbag.py","lineno":593}
{"timestamp":"2025-10-16T19:32:49.435453Z","level":"warning","event":"The `airflow.decorators.dag` attribute is deprecated. Please use `'airflow.sdk.dag'`.","category":"DeprecatedImportWarning","filename":"/opt/airflow/dags/salse2s3.py","lineno":7,"logger":"py.warnings"}
{"timestamp":"2025-10-16T19:32:49.435645Z","level":"warning","event":"The `airflow.decorators.task` attribute is deprecated. Please use `'airflow.sdk.task'`.","category":"DeprecatedImportWarning","filename":"/opt/airflow/dags/salse2s3.py","lineno":7,"logger":"py.warnings"}
{"timestamp":"2025-10-16T19:33:19.820006Z","level":"info","event":"Filling up the DagBag from /opt/airflow/dags/salse2s3.py","logger":"airflow.models.dagbag.DagBag","filename":"dagbag.py","lineno":593}
{"timestamp":"2025-10-16T19:33:19.833761Z","level":"warning","event":"The `airflow.decorators.dag` attribute is deprecated. Please use `'airflow.sdk.dag'`.","category":"DeprecatedImportWarning","filename":"/opt/airflow/dags/salse2s3.py","lineno":7,"logger":"py.warnings"}
{"timestamp":"2025-10-16T19:33:19.833947Z","level":"warning","event":"The `airflow.decorators.task` attribute is deprecated. Please use `'airflow.sdk.task'`.","category":"DeprecatedImportWarning","filename":"/opt/airflow/dags/salse2s3.py","lineno":7,"logger":"py.warnings"}
{"timestamp":"2025-10-16T19:33:50.217780Z","level":"info","event":"Filling up the DagBag from /opt/airflow/dags/salse2s3.py","logger":"airflow.models.dagbag.DagBag","filename":"dagbag.py","lineno":593}
{"timestamp":"2025-10-16T19:33:50.238410Z","level":"warning","event":"The `airflow.decorators.dag` attribute is deprecated. Please use `'airflow.sdk.dag'`.","category":"DeprecatedImportWarning","filename":"/opt/airflow/dags/salse2s3.py","lineno":7,"logger":"py.warnings"}
{"timestamp":"2025-10-16T19:33:50.238487Z","level":"warning","event":"The `airflow.decorators.task` attribute is deprecated. Please use `'airflow.sdk.task'`.","category":"DeprecatedImportWarning","filename":"/opt/airflow/dags/salse2s3.py","lineno":7,"logger":"py.warnings"}
{"timestamp":"2025-10-16T19:34:20.673783Z","level":"info","event":"Filling up the DagBag from /opt/airflow/dags/salse2s3.py","logger":"airflow.models.dagbag.DagBag","filename":"dagbag.py","lineno":593}
{"timestamp":"2025-10-16T19:34:20.690375Z","level":"warning","event":"The `airflow.decorators.dag` attribute is deprecated. Please use `'airflow.sdk.dag'`.","category":"DeprecatedImportWarning","filename":"/opt/airflow/dags/salse2s3.py","lineno":7,"logger":"py.warnings"}
{"timestamp":"2025-10-16T19:34:20.690553Z","level":"warning","event":"The `airflow.decorators.task` attribute is deprecated. Please use `'airflow.sdk.task'`.","category":"DeprecatedImportWarning","filename":"/opt/airflow/dags/salse2s3.py","lineno":7,"logger":"py.warnings"}
{"timestamp":"2025-10-16T19:34:51.179855Z","level":"info","event":"Filling up the DagBag from /opt/airflow/dags/salse2s3.py","logger":"airflow.models.dagbag.DagBag","filename":"dagbag.py","lineno":593}
{"timestamp":"2025-10-16T19:34:51.198593Z","level":"warning","event":"The `airflow.decorators.dag` attribute is deprecated. Please use `'airflow.sdk.dag'`.","category":"DeprecatedImportWarning","filename":"/opt/airflow/dags/salse2s3.py","lineno":7,"logger":"py.warnings"}
{"timestamp":"2025-10-16T19:34:51.198778Z","level":"warning","event":"The `airflow.decorators.task` attribute is deprecated. Please use `'airflow.sdk.task'`.","category":"DeprecatedImportWarning","filename":"/opt/airflow/dags/salse2s3.py","lineno":7,"logger":"py.warnings"}
{"timestamp":"2025-10-16T19:35:21.627140Z","level":"info","event":"Filling up the DagBag from /opt/airflow/dags/salse2s3.py","logger":"airflow.models.dagbag.DagBag","filename":"dagbag.py","lineno":593}
{"timestamp":"2025-10-16T19:35:21.642375Z","level":"warning","event":"The `airflow.decorators.dag` attribute is deprecated. Please use `'airflow.sdk.dag'`.","category":"DeprecatedImportWarning","filename":"/opt/airflow/dags/salse2s3.py","lineno":7,"logger":"py.warnings"}
{"timestamp":"2025-10-16T19:35:21.642578Z","level":"warning","event":"The `airflow.decorators.task` attribute is deprecated. Please use `'airflow.sdk.task'`.","category":"DeprecatedImportWarning","filename":"/opt/airflow/dags/salse2s3.py","lineno":7,"logger":"py.warnings"}
{"timestamp":"2025-10-16T19:35:52.081927Z","level":"info","event":"Filling up the DagBag from /opt/airflow/dags/salse2s3.py","logger":"airflow.models.dagbag.DagBag","filename":"dagbag.py","lineno":593}
{"timestamp":"2025-10-16T19:35:52.097701Z","level":"warning","event":"The `airflow.decorators.dag` attribute is deprecated. Please use `'airflow.sdk.dag'`.","category":"DeprecatedImportWarning","filename":"/opt/airflow/dags/salse2s3.py","lineno":7,"logger":"py.warnings"}
{"timestamp":"2025-10-16T19:35:52.097904Z","level":"warning","event":"The `airflow.decorators.task` attribute is deprecated. Please use `'airflow.sdk.task'`.","category":"DeprecatedImportWarning","filename":"/opt/airflow/dags/salse2s3.py","lineno":7,"logger":"py.warnings"}
{"timestamp":"2025-10-16T19:36:22.518538Z","level":"info","event":"Filling up the DagBag from /opt/airflow/dags/salse2s3.py","logger":"airflow.models.dagbag.DagBag","filename":"dagbag.py","lineno":593}
{"timestamp":"2025-10-16T19:36:22.533320Z","level":"warning","event":"The `airflow.decorators.dag` attribute is deprecated. Please use `'airflow.sdk.dag'`.","category":"DeprecatedImportWarning","filename":"/opt/airflow/dags/salse2s3.py","lineno":7,"logger":"py.warnings"}
{"timestamp":"2025-10-16T19:36:22.533510Z","level":"warning","event":"The `airflow.decorators.task` attribute is deprecated. Please use `'airflow.sdk.task'`.","category":"DeprecatedImportWarning","filename":"/opt/airflow/dags/salse2s3.py","lineno":7,"logger":"py.warnings"}
{"timestamp":"2025-10-16T19:36:52.950308Z","level":"info","event":"Filling up the DagBag from /opt/airflow/dags/salse2s3.py","logger":"airflow.models.dagbag.DagBag","filename":"dagbag.py","lineno":593}
{"timestamp":"2025-10-16T19:36:52.966242Z","level":"warning","event":"The `airflow.decorators.dag` attribute is deprecated. Please use `'airflow.sdk.dag'`.","category":"DeprecatedImportWarning","filename":"/opt/airflow/dags/salse2s3.py","lineno":7,"logger":"py.warnings"}
{"timestamp":"2025-10-16T19:36:52.966412Z","level":"warning","event":"The `airflow.decorators.task` attribute is deprecated. Please use `'airflow.sdk.task'`.","category":"DeprecatedImportWarning","filename":"/opt/airflow/dags/salse2s3.py","lineno":7,"logger":"py.warnings"}
{"timestamp":"2025-10-16T19:37:23.408297Z","level":"info","event":"Filling up the DagBag from /opt/airflow/dags/salse2s3.py","logger":"airflow.models.dagbag.DagBag","filename":"dagbag.py","lineno":593}
{"timestamp":"2025-10-16T19:37:23.422237Z","level":"warning","event":"The `airflow.decorators.dag` attribute is deprecated. Please use `'airflow.sdk.dag'`.","category":"DeprecatedImportWarning","filename":"/opt/airflow/dags/salse2s3.py","lineno":7,"logger":"py.warnings"}
{"timestamp":"2025-10-16T19:37:23.422304Z","level":"warning","event":"The `airflow.decorators.task` attribute is deprecated. Please use `'airflow.sdk.task'`.","category":"DeprecatedImportWarning","filename":"/opt/airflow/dags/salse2s3.py","lineno":7,"logger":"py.warnings"}
{"timestamp":"2025-10-16T19:37:53.811205Z","level":"info","event":"Filling up the DagBag from /opt/airflow/dags/salse2s3.py","logger":"airflow.models.dagbag.DagBag","filename":"dagbag.py","lineno":593}
{"timestamp":"2025-10-16T19:37:53.827424Z","level":"warning","event":"The `airflow.decorators.dag` attribute is deprecated. Please use `'airflow.sdk.dag'`.","category":"DeprecatedImportWarning","filename":"/opt/airflow/dags/salse2s3.py","lineno":7,"logger":"py.warnings"}
{"timestamp":"2025-10-16T19:37:53.827487Z","level":"warning","event":"The `airflow.decorators.task` attribute is deprecated. Please use `'airflow.sdk.task'`.","category":"DeprecatedImportWarning","filename":"/opt/airflow/dags/salse2s3.py","lineno":7,"logger":"py.warnings"}
{"timestamp":"2025-10-16T19:38:24.243958Z","level":"info","event":"Filling up the DagBag from /opt/airflow/dags/salse2s3.py","logger":"airflow.models.dagbag.DagBag","filename":"dagbag.py","lineno":593}
{"timestamp":"2025-10-16T19:38:24.257645Z","level":"warning","event":"The `airflow.decorators.dag` attribute is deprecated. Please use `'airflow.sdk.dag'`.","category":"DeprecatedImportWarning","filename":"/opt/airflow/dags/salse2s3.py","lineno":7,"logger":"py.warnings"}
{"timestamp":"2025-10-16T19:38:24.257722Z","level":"warning","event":"The `airflow.decorators.task` attribute is deprecated. Please use `'airflow.sdk.task'`.","category":"DeprecatedImportWarning","filename":"/opt/airflow/dags/salse2s3.py","lineno":7,"logger":"py.warnings"}
{"timestamp":"2025-10-16T19:38:36.469395Z","level":"info","event":"Filling up the DagBag from /opt/airflow/dags/salse2s3.py","logger":"airflow.models.dagbag.DagBag","filename":"dagbag.py","lineno":593}
{"timestamp":"2025-10-16T19:38:36.487547Z","level":"warning","event":"The `airflow.decorators.dag` attribute is deprecated. Please use `'airflow.sdk.dag'`.","category":"DeprecatedImportWarning","filename":"/opt/airflow/dags/salse2s3.py","lineno":7,"logger":"py.warnings"}
{"timestamp":"2025-10-16T19:38:36.487615Z","level":"warning","event":"The `airflow.decorators.task` attribute is deprecated. Please use `'airflow.sdk.task'`.","category":"DeprecatedImportWarning","filename":"/opt/airflow/dags/salse2s3.py","lineno":7,"logger":"py.warnings"}
{"timestamp":"2025-10-16T19:38:39.542416Z","level":"info","event":"Filling up the DagBag from /opt/airflow/dags/salse2s3.py","logger":"airflow.models.dagbag.DagBag","filename":"dagbag.py","lineno":593}
{"timestamp":"2025-10-16T19:38:39.560412Z","level":"warning","event":"The `airflow.decorators.dag` attribute is deprecated. Please use `'airflow.sdk.dag'`.","category":"DeprecatedImportWarning","filename":"/opt/airflow/dags/salse2s3.py","lineno":7,"logger":"py.warnings"}
{"timestamp":"2025-10-16T19:38:39.560487Z","level":"warning","event":"The `airflow.decorators.task` attribute is deprecated. Please use `'airflow.sdk.task'`.","category":"DeprecatedImportWarning","filename":"/opt/airflow/dags/salse2s3.py","lineno":7,"logger":"py.warnings"}
{"timestamp":"2025-10-16T19:38:43.665048Z","level":"info","event":"Filling up the DagBag from /opt/airflow/dags/salse2s3.py","logger":"airflow.models.dagbag.DagBag","filename":"dagbag.py","lineno":593}
{"timestamp":"2025-10-16T19:38:43.700416Z","level":"warning","event":"The `airflow.decorators.dag` attribute is deprecated. Please use `'airflow.sdk.dag'`.","category":"DeprecatedImportWarning","filename":"/opt/airflow/dags/salse2s3.py","lineno":7,"logger":"py.warnings"}
{"timestamp":"2025-10-16T19:38:43.700529Z","level":"warning","event":"The `airflow.decorators.task` attribute is deprecated. Please use `'airflow.sdk.task'`.","category":"DeprecatedImportWarning","filename":"/opt/airflow/dags/salse2s3.py","lineno":7,"logger":"py.warnings"}
{"timestamp":"2025-10-16T19:39:14.082564Z","level":"info","event":"Filling up the DagBag from /opt/airflow/dags/salse2s3.py","logger":"airflow.models.dagbag.DagBag","filename":"dagbag.py","lineno":593}
{"timestamp":"2025-10-16T19:39:14.095848Z","level":"warning","event":"The `airflow.decorators.dag` attribute is deprecated. Please use `'airflow.sdk.dag'`.","category":"DeprecatedImportWarning","filename":"/opt/airflow/dags/salse2s3.py","lineno":7,"logger":"py.warnings"}
{"timestamp":"2025-10-16T19:39:14.095915Z","level":"warning","event":"The `airflow.decorators.task` attribute is deprecated. Please use `'airflow.sdk.task'`.","category":"DeprecatedImportWarning","filename":"/opt/airflow/dags/salse2s3.py","lineno":7,"logger":"py.warnings"}
{"timestamp":"2025-10-16T19:39:44.487559Z","level":"info","event":"Filling up the DagBag from /opt/airflow/dags/salse2s3.py","logger":"airflow.models.dagbag.DagBag","filename":"dagbag.py","lineno":593}
{"timestamp":"2025-10-16T19:39:44.501688Z","level":"warning","event":"The `airflow.decorators.dag` attribute is deprecated. Please use `'airflow.sdk.dag'`.","category":"DeprecatedImportWarning","filename":"/opt/airflow/dags/salse2s3.py","lineno":7,"logger":"py.warnings"}
{"timestamp":"2025-10-16T19:39:44.501756Z","level":"warning","event":"The `airflow.decorators.task` attribute is deprecated. Please use `'airflow.sdk.task'`.","category":"DeprecatedImportWarning","filename":"/opt/airflow/dags/salse2s3.py","lineno":7,"logger":"py.warnings"}
{"timestamp":"2025-10-16T19:40:14.927699Z","level":"info","event":"Filling up the DagBag from /opt/airflow/dags/salse2s3.py","logger":"airflow.models.dagbag.DagBag","filename":"dagbag.py","lineno":593}
{"timestamp":"2025-10-16T19:40:14.956778Z","level":"warning","event":"The `airflow.decorators.dag` attribute is deprecated. Please use `'airflow.sdk.dag'`.","category":"DeprecatedImportWarning","filename":"/opt/airflow/dags/salse2s3.py","lineno":7,"logger":"py.warnings"}
{"timestamp":"2025-10-16T19:40:14.956920Z","level":"warning","event":"The `airflow.decorators.task` attribute is deprecated. Please use `'airflow.sdk.task'`.","category":"DeprecatedImportWarning","filename":"/opt/airflow/dags/salse2s3.py","lineno":7,"logger":"py.warnings"}
{"timestamp":"2025-10-16T19:40:45.438181Z","level":"info","event":"Filling up the DagBag from /opt/airflow/dags/salse2s3.py","logger":"airflow.models.dagbag.DagBag","filename":"dagbag.py","lineno":593}
{"timestamp":"2025-10-16T19:40:45.461016Z","level":"warning","event":"The `airflow.decorators.dag` attribute is deprecated. Please use `'airflow.sdk.dag'`.","category":"DeprecatedImportWarning","filename":"/opt/airflow/dags/salse2s3.py","lineno":7,"logger":"py.warnings"}
{"timestamp":"2025-10-16T19:40:45.461229Z","level":"warning","event":"The `airflow.decorators.task` attribute is deprecated. Please use `'airflow.sdk.task'`.","category":"DeprecatedImportWarning","filename":"/opt/airflow/dags/salse2s3.py","lineno":7,"logger":"py.warnings"}
{"timestamp":"2025-10-16T19:40:46.517299Z","level":"info","event":"Filling up the DagBag from /opt/airflow/dags/salse2s3.py","logger":"airflow.models.dagbag.DagBag","filename":"dagbag.py","lineno":593}
{"timestamp":"2025-10-16T19:40:46.537827Z","level":"warning","event":"The `airflow.decorators.dag` attribute is deprecated. Please use `'airflow.sdk.dag'`.","category":"DeprecatedImportWarning","filename":"/opt/airflow/dags/salse2s3.py","lineno":7,"logger":"py.warnings"}
{"timestamp":"2025-10-16T19:40:46.537902Z","level":"warning","event":"The `airflow.decorators.task` attribute is deprecated. Please use `'airflow.sdk.task'`.","category":"DeprecatedImportWarning","filename":"/opt/airflow/dags/salse2s3.py","lineno":7,"logger":"py.warnings"}
{"timestamp":"2025-10-16T19:40:56.724558Z","level":"info","event":"Filling up the DagBag from /opt/airflow/dags/salse2s3.py","logger":"airflow.models.dagbag.DagBag","filename":"dagbag.py","lineno":593}
{"timestamp":"2025-10-16T19:40:56.746047Z","level":"warning","event":"The `airflow.decorators.dag` attribute is deprecated. Please use `'airflow.sdk.dag'`.","category":"DeprecatedImportWarning","filename":"/opt/airflow/dags/salse2s3.py","lineno":7,"logger":"py.warnings"}
{"timestamp":"2025-10-16T19:40:56.746434Z","level":"warning","event":"The `airflow.decorators.task` attribute is deprecated. Please use `'airflow.sdk.task'`.","category":"DeprecatedImportWarning","filename":"/opt/airflow/dags/salse2s3.py","lineno":7,"logger":"py.warnings"}
{"timestamp":"2025-10-16T19:41:27.132457Z","level":"info","event":"Filling up the DagBag from /opt/airflow/dags/salse2s3.py","logger":"airflow.models.dagbag.DagBag","filename":"dagbag.py","lineno":593}
{"timestamp":"2025-10-16T19:41:27.148986Z","level":"warning","event":"The `airflow.decorators.dag` attribute is deprecated. Please use `'airflow.sdk.dag'`.","category":"DeprecatedImportWarning","filename":"/opt/airflow/dags/salse2s3.py","lineno":7,"logger":"py.warnings"}
{"timestamp":"2025-10-16T19:41:27.149170Z","level":"warning","event":"The `airflow.decorators.task` attribute is deprecated. Please use `'airflow.sdk.task'`.","category":"DeprecatedImportWarning","filename":"/opt/airflow/dags/salse2s3.py","lineno":7,"logger":"py.warnings"}
{"timestamp":"2025-10-16T19:41:34.294715Z","level":"info","event":"Filling up the DagBag from /opt/airflow/dags/salse2s3.py","logger":"airflow.models.dagbag.DagBag","filename":"dagbag.py","lineno":593}
{"timestamp":"2025-10-16T19:41:34.309681Z","level":"warning","event":"The `airflow.decorators.dag` attribute is deprecated. Please use `'airflow.sdk.dag'`.","category":"DeprecatedImportWarning","filename":"/opt/airflow/dags/salse2s3.py","lineno":7,"logger":"py.warnings"}
{"timestamp":"2025-10-16T19:41:34.309738Z","level":"warning","event":"The `airflow.decorators.task` attribute is deprecated. Please use `'airflow.sdk.task'`.","category":"DeprecatedImportWarning","filename":"/opt/airflow/dags/salse2s3.py","lineno":7,"logger":"py.warnings"}
{"timestamp":"2025-10-16T19:42:01.599231Z","level":"info","event":"Filling up the DagBag from /opt/airflow/dags/salse2s3.py","logger":"airflow.models.dagbag.DagBag","filename":"dagbag.py","lineno":593}
{"timestamp":"2025-10-16T19:42:01.620591Z","level":"warning","event":"The `airflow.decorators.dag` attribute is deprecated. Please use `'airflow.sdk.dag'`.","category":"DeprecatedImportWarning","filename":"/opt/airflow/dags/salse2s3.py","lineno":7,"logger":"py.warnings"}
{"timestamp":"2025-10-16T19:42:01.620646Z","level":"warning","event":"The `airflow.decorators.task` attribute is deprecated. Please use `'airflow.sdk.task'`.","category":"DeprecatedImportWarning","filename":"/opt/airflow/dags/salse2s3.py","lineno":7,"logger":"py.warnings"}
{"timestamp":"2025-10-16T19:42:14.836388Z","level":"info","event":"Filling up the DagBag from /opt/airflow/dags/salse2s3.py","logger":"airflow.models.dagbag.DagBag","filename":"dagbag.py","lineno":593}
{"timestamp":"2025-10-16T19:42:14.854726Z","level":"warning","event":"The `airflow.decorators.dag` attribute is deprecated. Please use `'airflow.sdk.dag'`.","category":"DeprecatedImportWarning","filename":"/opt/airflow/dags/salse2s3.py","lineno":7,"logger":"py.warnings"}
{"timestamp":"2025-10-16T19:42:14.854824Z","level":"warning","event":"The `airflow.decorators.task` attribute is deprecated. Please use `'airflow.sdk.task'`.","category":"DeprecatedImportWarning","filename":"/opt/airflow/dags/salse2s3.py","lineno":7,"logger":"py.warnings"}
{"timestamp":"2025-10-16T19:42:45.271034Z","level":"info","event":"Filling up the DagBag from /opt/airflow/dags/salse2s3.py","logger":"airflow.models.dagbag.DagBag","filename":"dagbag.py","lineno":593}
{"timestamp":"2025-10-16T19:42:45.287827Z","level":"warning","event":"The `airflow.decorators.dag` attribute is deprecated. Please use `'airflow.sdk.dag'`.","category":"DeprecatedImportWarning","filename":"/opt/airflow/dags/salse2s3.py","lineno":7,"logger":"py.warnings"}
{"timestamp":"2025-10-16T19:42:45.288025Z","level":"warning","event":"The `airflow.decorators.task` attribute is deprecated. Please use `'airflow.sdk.task'`.","category":"DeprecatedImportWarning","filename":"/opt/airflow/dags/salse2s3.py","lineno":7,"logger":"py.warnings"}
{"timestamp":"2025-10-16T19:43:15.722543Z","level":"info","event":"Filling up the DagBag from /opt/airflow/dags/salse2s3.py","logger":"airflow.models.dagbag.DagBag","filename":"dagbag.py","lineno":593}
{"timestamp":"2025-10-16T19:43:15.736855Z","level":"warning","event":"The `airflow.decorators.dag` attribute is deprecated. Please use `'airflow.sdk.dag'`.","category":"DeprecatedImportWarning","filename":"/opt/airflow/dags/salse2s3.py","lineno":7,"logger":"py.warnings"}
{"timestamp":"2025-10-16T19:43:15.736927Z","level":"warning","event":"The `airflow.decorators.task` attribute is deprecated. Please use `'airflow.sdk.task'`.","category":"DeprecatedImportWarning","filename":"/opt/airflow/dags/salse2s3.py","lineno":7,"logger":"py.warnings"}
{"timestamp":"2025-10-16T19:43:46.104575Z","level":"info","event":"Filling up the DagBag from /opt/airflow/dags/salse2s3.py","logger":"airflow.models.dagbag.DagBag","filename":"dagbag.py","lineno":593}
{"timestamp":"2025-10-16T19:43:46.120305Z","level":"warning","event":"The `airflow.decorators.dag` attribute is deprecated. Please use `'airflow.sdk.dag'`.","category":"DeprecatedImportWarning","filename":"/opt/airflow/dags/salse2s3.py","lineno":7,"logger":"py.warnings"}
{"timestamp":"2025-10-16T19:43:46.120527Z","level":"warning","event":"The `airflow.decorators.task` attribute is deprecated. Please use `'airflow.sdk.task'`.","category":"DeprecatedImportWarning","filename":"/opt/airflow/dags/salse2s3.py","lineno":7,"logger":"py.warnings"}
{"timestamp":"2025-10-16T19:43:49.207176Z","level":"info","event":"Filling up the DagBag from /opt/airflow/dags/salse2s3.py","logger":"airflow.models.dagbag.DagBag","filename":"dagbag.py","lineno":593}
{"timestamp":"2025-10-16T19:43:49.225277Z","level":"warning","event":"The `airflow.decorators.dag` attribute is deprecated. Please use `'airflow.sdk.dag'`.","category":"DeprecatedImportWarning","filename":"/opt/airflow/dags/salse2s3.py","lineno":7,"logger":"py.warnings"}
{"timestamp":"2025-10-16T19:43:49.225343Z","level":"warning","event":"The `airflow.decorators.task` attribute is deprecated. Please use `'airflow.sdk.task'`.","category":"DeprecatedImportWarning","filename":"/opt/airflow/dags/salse2s3.py","lineno":7,"logger":"py.warnings"}
{"timestamp":"2025-10-16T19:44:04.424278Z","level":"info","event":"Filling up the DagBag from /opt/airflow/dags/salse2s3.py","logger":"airflow.models.dagbag.DagBag","filename":"dagbag.py","lineno":593}
{"timestamp":"2025-10-16T19:44:04.443186Z","level":"warning","event":"The `airflow.decorators.dag` attribute is deprecated. Please use `'airflow.sdk.dag'`.","category":"DeprecatedImportWarning","filename":"/opt/airflow/dags/salse2s3.py","lineno":7,"logger":"py.warnings"}
{"timestamp":"2025-10-16T19:44:04.443259Z","level":"warning","event":"The `airflow.decorators.task` attribute is deprecated. Please use `'airflow.sdk.task'`.","category":"DeprecatedImportWarning","filename":"/opt/airflow/dags/salse2s3.py","lineno":7,"logger":"py.warnings"}
{"timestamp":"2025-10-16T19:44:11.584751Z","level":"info","event":"Filling up the DagBag from /opt/airflow/dags/salse2s3.py","logger":"airflow.models.dagbag.DagBag","filename":"dagbag.py","lineno":593}
{"timestamp":"2025-10-16T19:44:11.600885Z","level":"warning","event":"The `airflow.decorators.dag` attribute is deprecated. Please use `'airflow.sdk.dag'`.","category":"DeprecatedImportWarning","filename":"/opt/airflow/dags/salse2s3.py","lineno":7,"logger":"py.warnings"}
{"timestamp":"2025-10-16T19:44:11.600953Z","level":"warning","event":"The `airflow.decorators.task` attribute is deprecated. Please use `'airflow.sdk.task'`.","category":"DeprecatedImportWarning","filename":"/opt/airflow/dags/salse2s3.py","lineno":7,"logger":"py.warnings"}
{"timestamp":"2025-10-16T19:44:12.659730Z","level":"info","event":"Filling up the DagBag from /opt/airflow/dags/salse2s3.py","logger":"airflow.models.dagbag.DagBag","filename":"dagbag.py","lineno":593}
{"timestamp":"2025-10-16T19:44:12.674472Z","level":"warning","event":"The `airflow.decorators.dag` attribute is deprecated. Please use `'airflow.sdk.dag'`.","category":"DeprecatedImportWarning","filename":"/opt/airflow/dags/salse2s3.py","lineno":7,"logger":"py.warnings"}
{"timestamp":"2025-10-16T19:44:12.674549Z","level":"warning","event":"The `airflow.decorators.task` attribute is deprecated. Please use `'airflow.sdk.task'`.","category":"DeprecatedImportWarning","filename":"/opt/airflow/dags/salse2s3.py","lineno":7,"logger":"py.warnings"}
{"timestamp":"2025-10-16T19:44:42.063767Z","level":"info","event":"Filling up the DagBag from /opt/airflow/dags/salse2s3.py","logger":"airflow.models.dagbag.DagBag","filename":"dagbag.py","lineno":593}
{"timestamp":"2025-10-16T19:44:42.078545Z","level":"warning","event":"The `airflow.decorators.dag` attribute is deprecated. Please use `'airflow.sdk.dag'`.","category":"DeprecatedImportWarning","filename":"/opt/airflow/dags/salse2s3.py","lineno":7,"logger":"py.warnings"}
{"timestamp":"2025-10-16T19:44:42.078613Z","level":"warning","event":"The `airflow.decorators.task` attribute is deprecated. Please use `'airflow.sdk.task'`.","category":"DeprecatedImportWarning","filename":"/opt/airflow/dags/salse2s3.py","lineno":7,"logger":"py.warnings"}
{"timestamp":"2025-10-16T19:45:12.476606Z","level":"info","event":"Filling up the DagBag from /opt/airflow/dags/salse2s3.py","logger":"airflow.models.dagbag.DagBag","filename":"dagbag.py","lineno":593}
{"timestamp":"2025-10-16T19:45:12.489932Z","level":"warning","event":"The `airflow.decorators.dag` attribute is deprecated. Please use `'airflow.sdk.dag'`.","category":"DeprecatedImportWarning","filename":"/opt/airflow/dags/salse2s3.py","lineno":7,"logger":"py.warnings"}
{"timestamp":"2025-10-16T19:45:12.490124Z","level":"warning","event":"The `airflow.decorators.task` attribute is deprecated. Please use `'airflow.sdk.task'`.","category":"DeprecatedImportWarning","filename":"/opt/airflow/dags/salse2s3.py","lineno":7,"logger":"py.warnings"}
{"timestamp":"2025-10-16T19:45:42.854962Z","level":"info","event":"Filling up the DagBag from /opt/airflow/dags/salse2s3.py","logger":"airflow.models.dagbag.DagBag","filename":"dagbag.py","lineno":593}
{"timestamp":"2025-10-16T19:45:42.870712Z","level":"warning","event":"The `airflow.decorators.dag` attribute is deprecated. Please use `'airflow.sdk.dag'`.","category":"DeprecatedImportWarning","filename":"/opt/airflow/dags/salse2s3.py","lineno":7,"logger":"py.warnings"}
{"timestamp":"2025-10-16T19:45:42.870941Z","level":"warning","event":"The `airflow.decorators.task` attribute is deprecated. Please use `'airflow.sdk.task'`.","category":"DeprecatedImportWarning","filename":"/opt/airflow/dags/salse2s3.py","lineno":7,"logger":"py.warnings"}
{"timestamp":"2025-10-16T19:46:13.292178Z","level":"info","event":"Filling up the DagBag from /opt/airflow/dags/salse2s3.py","logger":"airflow.models.dagbag.DagBag","filename":"dagbag.py","lineno":593}
{"timestamp":"2025-10-16T19:46:13.309770Z","level":"warning","event":"The `airflow.decorators.dag` attribute is deprecated. Please use `'airflow.sdk.dag'`.","category":"DeprecatedImportWarning","filename":"/opt/airflow/dags/salse2s3.py","lineno":7,"logger":"py.warnings"}
{"timestamp":"2025-10-16T19:46:13.309831Z","level":"warning","event":"The `airflow.decorators.task` attribute is deprecated. Please use `'airflow.sdk.task'`.","category":"DeprecatedImportWarning","filename":"/opt/airflow/dags/salse2s3.py","lineno":7,"logger":"py.warnings"}
{"timestamp":"2025-10-16T19:46:43.715626Z","level":"info","event":"Filling up the DagBag from /opt/airflow/dags/salse2s3.py","logger":"airflow.models.dagbag.DagBag","filename":"dagbag.py","lineno":593}
{"timestamp":"2025-10-16T19:46:43.727652Z","level":"warning","event":"The `airflow.decorators.dag` attribute is deprecated. Please use `'airflow.sdk.dag'`.","category":"DeprecatedImportWarning","filename":"/opt/airflow/dags/salse2s3.py","lineno":7,"logger":"py.warnings"}
{"timestamp":"2025-10-16T19:46:43.727839Z","level":"warning","event":"The `airflow.decorators.task` attribute is deprecated. Please use `'airflow.sdk.task'`.","category":"DeprecatedImportWarning","filename":"/opt/airflow/dags/salse2s3.py","lineno":7,"logger":"py.warnings"}
{"timestamp":"2025-10-16T19:46:47.827818Z","level":"info","event":"Filling up the DagBag from /opt/airflow/dags/salse2s3.py","logger":"airflow.models.dagbag.DagBag","filename":"dagbag.py","lineno":593}
{"timestamp":"2025-10-16T19:46:47.843658Z","level":"warning","event":"The `airflow.decorators.dag` attribute is deprecated. Please use `'airflow.sdk.dag'`.","category":"DeprecatedImportWarning","filename":"/opt/airflow/dags/salse2s3.py","lineno":7,"logger":"py.warnings"}
{"timestamp":"2025-10-16T19:46:47.843724Z","level":"warning","event":"The `airflow.decorators.task` attribute is deprecated. Please use `'airflow.sdk.task'`.","category":"DeprecatedImportWarning","filename":"/opt/airflow/dags/salse2s3.py","lineno":7,"logger":"py.warnings"}
{"timestamp":"2025-10-16T19:46:50.913738Z","level":"info","event":"Filling up the DagBag from /opt/airflow/dags/salse2s3.py","logger":"airflow.models.dagbag.DagBag","filename":"dagbag.py","lineno":593}
{"timestamp":"2025-10-16T19:46:50.925773Z","level":"warning","event":"The `airflow.decorators.dag` attribute is deprecated. Please use `'airflow.sdk.dag'`.","category":"DeprecatedImportWarning","filename":"/opt/airflow/dags/salse2s3.py","lineno":7,"logger":"py.warnings"}
{"timestamp":"2025-10-16T19:46:50.925842Z","level":"warning","event":"The `airflow.decorators.task` attribute is deprecated. Please use `'airflow.sdk.task'`.","category":"DeprecatedImportWarning","filename":"/opt/airflow/dags/salse2s3.py","lineno":7,"logger":"py.warnings"}
{"timestamp":"2025-10-16T19:47:21.263898Z","level":"info","event":"Filling up the DagBag from /opt/airflow/dags/salse2s3.py","logger":"airflow.models.dagbag.DagBag","filename":"dagbag.py","lineno":593}
{"timestamp":"2025-10-16T19:47:21.275194Z","level":"warning","event":"The `airflow.decorators.dag` attribute is deprecated. Please use `'airflow.sdk.dag'`.","category":"DeprecatedImportWarning","filename":"/opt/airflow/dags/salse2s3.py","lineno":7,"logger":"py.warnings"}
{"timestamp":"2025-10-16T19:47:21.275280Z","level":"warning","event":"The `airflow.decorators.task` attribute is deprecated. Please use `'airflow.sdk.task'`.","category":"DeprecatedImportWarning","filename":"/opt/airflow/dags/salse2s3.py","lineno":7,"logger":"py.warnings"}
{"timestamp":"2025-10-16T19:47:51.671353Z","level":"info","event":"Filling up the DagBag from /opt/airflow/dags/salse2s3.py","logger":"airflow.models.dagbag.DagBag","filename":"dagbag.py","lineno":593}
{"timestamp":"2025-10-16T19:47:51.687328Z","level":"warning","event":"The `airflow.decorators.dag` attribute is deprecated. Please use `'airflow.sdk.dag'`.","category":"DeprecatedImportWarning","filename":"/opt/airflow/dags/salse2s3.py","lineno":7,"logger":"py.warnings"}
{"timestamp":"2025-10-16T19:47:51.687522Z","level":"warning","event":"The `airflow.decorators.task` attribute is deprecated. Please use `'airflow.sdk.task'`.","category":"DeprecatedImportWarning","filename":"/opt/airflow/dags/salse2s3.py","lineno":7,"logger":"py.warnings"}
{"timestamp":"2025-10-16T19:48:10.972189Z","level":"info","event":"Filling up the DagBag from /opt/airflow/dags/salse2s3.py","logger":"airflow.models.dagbag.DagBag","filename":"dagbag.py","lineno":593}
{"timestamp":"2025-10-16T19:48:10.991766Z","level":"warning","event":"The `airflow.decorators.dag` attribute is deprecated. Please use `'airflow.sdk.dag'`.","category":"DeprecatedImportWarning","filename":"/opt/airflow/dags/salse2s3.py","lineno":7,"logger":"py.warnings"}
{"timestamp":"2025-10-16T19:48:10.991833Z","level":"warning","event":"The `airflow.decorators.task` attribute is deprecated. Please use `'airflow.sdk.task'`.","category":"DeprecatedImportWarning","filename":"/opt/airflow/dags/salse2s3.py","lineno":7,"logger":"py.warnings"}
{"timestamp":"2025-10-16T19:48:41.380445Z","level":"info","event":"Filling up the DagBag from /opt/airflow/dags/salse2s3.py","logger":"airflow.models.dagbag.DagBag","filename":"dagbag.py","lineno":593}
{"timestamp":"2025-10-16T19:48:41.397746Z","level":"warning","event":"The `airflow.decorators.dag` attribute is deprecated. Please use `'airflow.sdk.dag'`.","category":"DeprecatedImportWarning","filename":"/opt/airflow/dags/salse2s3.py","lineno":7,"logger":"py.warnings"}
{"timestamp":"2025-10-16T19:48:41.397815Z","level":"warning","event":"The `airflow.decorators.task` attribute is deprecated. Please use `'airflow.sdk.task'`.","category":"DeprecatedImportWarning","filename":"/opt/airflow/dags/salse2s3.py","lineno":7,"logger":"py.warnings"}
{"timestamp":"2025-10-16T19:48:42.468371Z","level":"info","event":"Filling up the DagBag from /opt/airflow/dags/salse2s3.py","logger":"airflow.models.dagbag.DagBag","filename":"dagbag.py","lineno":593}
{"timestamp":"2025-10-16T19:48:42.482648Z","level":"warning","event":"The `airflow.decorators.dag` attribute is deprecated. Please use `'airflow.sdk.dag'`.","category":"DeprecatedImportWarning","filename":"/opt/airflow/dags/salse2s3.py","lineno":7,"logger":"py.warnings"}
{"timestamp":"2025-10-16T19:48:42.482844Z","level":"warning","event":"The `airflow.decorators.task` attribute is deprecated. Please use `'airflow.sdk.task'`.","category":"DeprecatedImportWarning","filename":"/opt/airflow/dags/salse2s3.py","lineno":7,"logger":"py.warnings"}
{"timestamp":"2025-10-16T19:49:13.035781Z","level":"info","event":"Filling up the DagBag from /opt/airflow/dags/salse2s3.py","logger":"airflow.models.dagbag.DagBag","filename":"dagbag.py","lineno":593}
{"timestamp":"2025-10-16T19:49:13.054494Z","level":"warning","event":"The `airflow.decorators.dag` attribute is deprecated. Please use `'airflow.sdk.dag'`.","category":"DeprecatedImportWarning","filename":"/opt/airflow/dags/salse2s3.py","lineno":7,"logger":"py.warnings"}
{"timestamp":"2025-10-16T19:49:13.054674Z","level":"warning","event":"The `airflow.decorators.task` attribute is deprecated. Please use `'airflow.sdk.task'`.","category":"DeprecatedImportWarning","filename":"/opt/airflow/dags/salse2s3.py","lineno":7,"logger":"py.warnings"}
{"timestamp":"2025-10-16T19:49:43.501572Z","level":"info","event":"Filling up the DagBag from /opt/airflow/dags/salse2s3.py","logger":"airflow.models.dagbag.DagBag","filename":"dagbag.py","lineno":593}
{"timestamp":"2025-10-16T19:49:43.515947Z","level":"warning","event":"The `airflow.decorators.dag` attribute is deprecated. Please use `'airflow.sdk.dag'`.","category":"DeprecatedImportWarning","filename":"/opt/airflow/dags/salse2s3.py","lineno":7,"logger":"py.warnings"}
{"timestamp":"2025-10-16T19:49:43.516143Z","level":"warning","event":"The `airflow.decorators.task` attribute is deprecated. Please use `'airflow.sdk.task'`.","category":"DeprecatedImportWarning","filename":"/opt/airflow/dags/salse2s3.py","lineno":7,"logger":"py.warnings"}
{"timestamp":"2025-10-16T19:50:13.900852Z","level":"info","event":"Filling up the DagBag from /opt/airflow/dags/salse2s3.py","logger":"airflow.models.dagbag.DagBag","filename":"dagbag.py","lineno":593}
{"timestamp":"2025-10-16T19:50:13.913404Z","level":"warning","event":"The `airflow.decorators.dag` attribute is deprecated. Please use `'airflow.sdk.dag'`.","category":"DeprecatedImportWarning","filename":"/opt/airflow/dags/salse2s3.py","lineno":7,"logger":"py.warnings"}
{"timestamp":"2025-10-16T19:50:13.913588Z","level":"warning","event":"The `airflow.decorators.task` attribute is deprecated. Please use `'airflow.sdk.task'`.","category":"DeprecatedImportWarning","filename":"/opt/airflow/dags/salse2s3.py","lineno":7,"logger":"py.warnings"}
{"timestamp":"2025-10-16T19:50:44.263922Z","level":"info","event":"Filling up the DagBag from /opt/airflow/dags/salse2s3.py","logger":"airflow.models.dagbag.DagBag","filename":"dagbag.py","lineno":593}
{"timestamp":"2025-10-16T19:50:44.279659Z","level":"warning","event":"The `airflow.decorators.dag` attribute is deprecated. Please use `'airflow.sdk.dag'`.","category":"DeprecatedImportWarning","filename":"/opt/airflow/dags/salse2s3.py","lineno":7,"logger":"py.warnings"}
{"timestamp":"2025-10-16T19:50:44.279722Z","level":"warning","event":"The `airflow.decorators.task` attribute is deprecated. Please use `'airflow.sdk.task'`.","category":"DeprecatedImportWarning","filename":"/opt/airflow/dags/salse2s3.py","lineno":7,"logger":"py.warnings"}
{"timestamp":"2025-10-16T19:51:14.716188Z","level":"info","event":"Filling up the DagBag from /opt/airflow/dags/salse2s3.py","logger":"airflow.models.dagbag.DagBag","filename":"dagbag.py","lineno":593}
{"timestamp":"2025-10-16T19:51:14.730391Z","level":"warning","event":"The `airflow.decorators.dag` attribute is deprecated. Please use `'airflow.sdk.dag'`.","category":"DeprecatedImportWarning","filename":"/opt/airflow/dags/salse2s3.py","lineno":7,"logger":"py.warnings"}
{"timestamp":"2025-10-16T19:51:14.730571Z","level":"warning","event":"The `airflow.decorators.task` attribute is deprecated. Please use `'airflow.sdk.task'`.","category":"DeprecatedImportWarning","filename":"/opt/airflow/dags/salse2s3.py","lineno":7,"logger":"py.warnings"}
{"timestamp":"2025-10-16T19:51:45.106696Z","level":"info","event":"Filling up the DagBag from /opt/airflow/dags/salse2s3.py","logger":"airflow.models.dagbag.DagBag","filename":"dagbag.py","lineno":593}
{"timestamp":"2025-10-16T19:51:45.120751Z","level":"warning","event":"The `airflow.decorators.dag` attribute is deprecated. Please use `'airflow.sdk.dag'`.","category":"DeprecatedImportWarning","filename":"/opt/airflow/dags/salse2s3.py","lineno":7,"logger":"py.warnings"}
{"timestamp":"2025-10-16T19:51:45.120930Z","level":"warning","event":"The `airflow.decorators.task` attribute is deprecated. Please use `'airflow.sdk.task'`.","category":"DeprecatedImportWarning","filename":"/opt/airflow/dags/salse2s3.py","lineno":7,"logger":"py.warnings"}
{"timestamp":"2025-10-16T19:52:15.506603Z","level":"info","event":"Filling up the DagBag from /opt/airflow/dags/salse2s3.py","logger":"airflow.models.dagbag.DagBag","filename":"dagbag.py","lineno":593}
{"timestamp":"2025-10-16T19:52:15.520872Z","level":"warning","event":"The `airflow.decorators.dag` attribute is deprecated. Please use `'airflow.sdk.dag'`.","category":"DeprecatedImportWarning","filename":"/opt/airflow/dags/salse2s3.py","lineno":7,"logger":"py.warnings"}
{"timestamp":"2025-10-16T19:52:15.520939Z","level":"warning","event":"The `airflow.decorators.task` attribute is deprecated. Please use `'airflow.sdk.task'`.","category":"DeprecatedImportWarning","filename":"/opt/airflow/dags/salse2s3.py","lineno":7,"logger":"py.warnings"}
{"timestamp":"2025-10-16T19:52:45.880092Z","level":"info","event":"Filling up the DagBag from /opt/airflow/dags/salse2s3.py","logger":"airflow.models.dagbag.DagBag","filename":"dagbag.py","lineno":593}
{"timestamp":"2025-10-16T19:52:45.894791Z","level":"warning","event":"The `airflow.decorators.dag` attribute is deprecated. Please use `'airflow.sdk.dag'`.","category":"DeprecatedImportWarning","filename":"/opt/airflow/dags/salse2s3.py","lineno":7,"logger":"py.warnings"}
{"timestamp":"2025-10-16T19:52:45.894970Z","level":"warning","event":"The `airflow.decorators.task` attribute is deprecated. Please use `'airflow.sdk.task'`.","category":"DeprecatedImportWarning","filename":"/opt/airflow/dags/salse2s3.py","lineno":7,"logger":"py.warnings"}
{"timestamp":"2025-10-16T19:53:16.285784Z","level":"info","event":"Filling up the DagBag from /opt/airflow/dags/salse2s3.py","logger":"airflow.models.dagbag.DagBag","filename":"dagbag.py","lineno":593}
{"timestamp":"2025-10-16T19:53:16.302249Z","level":"warning","event":"The `airflow.decorators.dag` attribute is deprecated. Please use `'airflow.sdk.dag'`.","category":"DeprecatedImportWarning","filename":"/opt/airflow/dags/salse2s3.py","lineno":7,"logger":"py.warnings"}
{"timestamp":"2025-10-16T19:53:16.302477Z","level":"warning","event":"The `airflow.decorators.task` attribute is deprecated. Please use `'airflow.sdk.task'`.","category":"DeprecatedImportWarning","filename":"/opt/airflow/dags/salse2s3.py","lineno":7,"logger":"py.warnings"}
{"timestamp":"2025-10-16T19:53:46.702947Z","level":"info","event":"Filling up the DagBag from /opt/airflow/dags/salse2s3.py","logger":"airflow.models.dagbag.DagBag","filename":"dagbag.py","lineno":593}
{"timestamp":"2025-10-16T19:53:46.719145Z","level":"warning","event":"The `airflow.decorators.dag` attribute is deprecated. Please use `'airflow.sdk.dag'`.","category":"DeprecatedImportWarning","filename":"/opt/airflow/dags/salse2s3.py","lineno":7,"logger":"py.warnings"}
{"timestamp":"2025-10-16T19:53:46.719213Z","level":"warning","event":"The `airflow.decorators.task` attribute is deprecated. Please use `'airflow.sdk.task'`.","category":"DeprecatedImportWarning","filename":"/opt/airflow/dags/salse2s3.py","lineno":7,"logger":"py.warnings"}
{"timestamp":"2025-10-16T19:54:17.128230Z","level":"info","event":"Filling up the DagBag from /opt/airflow/dags/salse2s3.py","logger":"airflow.models.dagbag.DagBag","filename":"dagbag.py","lineno":593}
{"timestamp":"2025-10-16T19:54:17.140214Z","level":"warning","event":"The `airflow.decorators.dag` attribute is deprecated. Please use `'airflow.sdk.dag'`.","category":"DeprecatedImportWarning","filename":"/opt/airflow/dags/salse2s3.py","lineno":7,"logger":"py.warnings"}
{"timestamp":"2025-10-16T19:54:17.140383Z","level":"warning","event":"The `airflow.decorators.task` attribute is deprecated. Please use `'airflow.sdk.task'`.","category":"DeprecatedImportWarning","filename":"/opt/airflow/dags/salse2s3.py","lineno":7,"logger":"py.warnings"}
{"timestamp":"2025-10-16T19:54:47.439893Z","level":"info","event":"Filling up the DagBag from /opt/airflow/dags/salse2s3.py","logger":"airflow.models.dagbag.DagBag","filename":"dagbag.py","lineno":593}
{"timestamp":"2025-10-16T19:54:47.453556Z","level":"warning","event":"The `airflow.decorators.dag` attribute is deprecated. Please use `'airflow.sdk.dag'`.","category":"DeprecatedImportWarning","filename":"/opt/airflow/dags/salse2s3.py","lineno":7,"logger":"py.warnings"}
{"timestamp":"2025-10-16T19:54:47.453739Z","level":"warning","event":"The `airflow.decorators.task` attribute is deprecated. Please use `'airflow.sdk.task'`.","category":"DeprecatedImportWarning","filename":"/opt/airflow/dags/salse2s3.py","lineno":7,"logger":"py.warnings"}
{"timestamp":"2025-10-16T19:55:17.873084Z","level":"info","event":"Filling up the DagBag from /opt/airflow/dags/salse2s3.py","logger":"airflow.models.dagbag.DagBag","filename":"dagbag.py","lineno":593}
{"timestamp":"2025-10-16T19:55:17.887756Z","level":"warning","event":"The `airflow.decorators.dag` attribute is deprecated. Please use `'airflow.sdk.dag'`.","category":"DeprecatedImportWarning","filename":"/opt/airflow/dags/salse2s3.py","lineno":7,"logger":"py.warnings"}
{"timestamp":"2025-10-16T19:55:17.887821Z","level":"warning","event":"The `airflow.decorators.task` attribute is deprecated. Please use `'airflow.sdk.task'`.","category":"DeprecatedImportWarning","filename":"/opt/airflow/dags/salse2s3.py","lineno":7,"logger":"py.warnings"}
{"timestamp":"2025-10-16T19:55:48.285168Z","level":"info","event":"Filling up the DagBag from /opt/airflow/dags/salse2s3.py","logger":"airflow.models.dagbag.DagBag","filename":"dagbag.py","lineno":593}
{"timestamp":"2025-10-16T19:55:48.301220Z","level":"warning","event":"The `airflow.decorators.dag` attribute is deprecated. Please use `'airflow.sdk.dag'`.","category":"DeprecatedImportWarning","filename":"/opt/airflow/dags/salse2s3.py","lineno":7,"logger":"py.warnings"}
{"timestamp":"2025-10-16T19:55:48.301292Z","level":"warning","event":"The `airflow.decorators.task` attribute is deprecated. Please use `'airflow.sdk.task'`.","category":"DeprecatedImportWarning","filename":"/opt/airflow/dags/salse2s3.py","lineno":7,"logger":"py.warnings"}
{"timestamp":"2025-10-16T19:56:03.551528Z","level":"info","event":"Filling up the DagBag from /opt/airflow/dags/salse2s3.py","logger":"airflow.models.dagbag.DagBag","filename":"dagbag.py","lineno":593}
{"timestamp":"2025-10-16T19:56:03.556129Z","level":"error","event":"Failed to import: /opt/airflow/dags/salse2s3.py","logger":"airflow.models.dagbag.DagBag","filename":"dagbag.py","lineno":415,"error_detail":[{"exc_type":"SyntaxError","exc_value":"expected 'except' or 'finally' block (salse2s3.py, line 118)","exc_notes":[],"syntax_error":{"offset":9,"filename":"/opt/airflow/dags/salse2s3.py","line":"        else:\n","lineno":118,"msg":"expected 'except' or 'finally' block"},"is_cause":false,"frames":[{"filename":"/home/airflow/.local/lib/python3.12/site-packages/airflow/models/dagbag.py","lineno":405,"name":"parse"},{"filename":"<frozen importlib._bootstrap_external>","lineno":995,"name":"exec_module"},{"filename":"<frozen importlib._bootstrap_external>","lineno":1133,"name":"get_code"},{"filename":"<frozen importlib._bootstrap_external>","lineno":1063,"name":"source_to_code"},{"filename":"<frozen importlib._bootstrap>","lineno":488,"name":"_call_with_frames_removed"}],"is_group":false,"exceptions":[]}]}
{"timestamp":"2025-10-16T19:56:13.736075Z","level":"info","event":"Filling up the DagBag from /opt/airflow/dags/salse2s3.py","logger":"airflow.models.dagbag.DagBag","filename":"dagbag.py","lineno":593}
{"timestamp":"2025-10-16T19:56:13.741344Z","level":"error","event":"Failed to import: /opt/airflow/dags/salse2s3.py","logger":"airflow.models.dagbag.DagBag","filename":"dagbag.py","lineno":415,"error_detail":[{"exc_type":"SyntaxError","exc_value":"expected 'except' or 'finally' block (salse2s3.py, line 118)","exc_notes":[],"syntax_error":{"offset":9,"filename":"/opt/airflow/dags/salse2s3.py","line":"        else:\n","lineno":118,"msg":"expected 'except' or 'finally' block"},"is_cause":false,"frames":[{"filename":"/home/airflow/.local/lib/python3.12/site-packages/airflow/models/dagbag.py","lineno":405,"name":"parse"},{"filename":"<frozen importlib._bootstrap_external>","lineno":995,"name":"exec_module"},{"filename":"<frozen importlib._bootstrap_external>","lineno":1133,"name":"get_code"},{"filename":"<frozen importlib._bootstrap_external>","lineno":1063,"name":"source_to_code"},{"filename":"<frozen importlib._bootstrap>","lineno":488,"name":"_call_with_frames_removed"}],"is_group":false,"exceptions":[]}]}
{"timestamp":"2025-10-16T19:56:23.890728Z","level":"info","event":"Filling up the DagBag from /opt/airflow/dags/salse2s3.py","logger":"airflow.models.dagbag.DagBag","filename":"dagbag.py","lineno":593}
{"timestamp":"2025-10-16T19:56:23.909593Z","level":"warning","event":"The `airflow.decorators.dag` attribute is deprecated. Please use `'airflow.sdk.dag'`.","category":"DeprecatedImportWarning","filename":"/opt/airflow/dags/salse2s3.py","lineno":7,"logger":"py.warnings"}
{"timestamp":"2025-10-16T19:56:23.909832Z","level":"warning","event":"The `airflow.decorators.task` attribute is deprecated. Please use `'airflow.sdk.task'`.","category":"DeprecatedImportWarning","filename":"/opt/airflow/dags/salse2s3.py","lineno":7,"logger":"py.warnings"}
{"timestamp":"2025-10-16T19:56:54.297718Z","level":"info","event":"Filling up the DagBag from /opt/airflow/dags/salse2s3.py","logger":"airflow.models.dagbag.DagBag","filename":"dagbag.py","lineno":593}
{"timestamp":"2025-10-16T19:56:54.312091Z","level":"warning","event":"The `airflow.decorators.dag` attribute is deprecated. Please use `'airflow.sdk.dag'`.","category":"DeprecatedImportWarning","filename":"/opt/airflow/dags/salse2s3.py","lineno":7,"logger":"py.warnings"}
{"timestamp":"2025-10-16T19:56:54.312281Z","level":"warning","event":"The `airflow.decorators.task` attribute is deprecated. Please use `'airflow.sdk.task'`.","category":"DeprecatedImportWarning","filename":"/opt/airflow/dags/salse2s3.py","lineno":7,"logger":"py.warnings"}
{"timestamp":"2025-10-16T19:57:24.734453Z","level":"info","event":"Filling up the DagBag from /opt/airflow/dags/salse2s3.py","logger":"airflow.models.dagbag.DagBag","filename":"dagbag.py","lineno":593}
{"timestamp":"2025-10-16T19:57:24.755351Z","level":"warning","event":"The `airflow.decorators.dag` attribute is deprecated. Please use `'airflow.sdk.dag'`.","category":"DeprecatedImportWarning","filename":"/opt/airflow/dags/salse2s3.py","lineno":7,"logger":"py.warnings"}
{"timestamp":"2025-10-16T19:57:24.755412Z","level":"warning","event":"The `airflow.decorators.task` attribute is deprecated. Please use `'airflow.sdk.task'`.","category":"DeprecatedImportWarning","filename":"/opt/airflow/dags/salse2s3.py","lineno":7,"logger":"py.warnings"}
{"timestamp":"2025-10-16T19:57:55.108278Z","level":"info","event":"Filling up the DagBag from /opt/airflow/dags/salse2s3.py","logger":"airflow.models.dagbag.DagBag","filename":"dagbag.py","lineno":593}
{"timestamp":"2025-10-16T19:57:55.121472Z","level":"warning","event":"The `airflow.decorators.dag` attribute is deprecated. Please use `'airflow.sdk.dag'`.","category":"DeprecatedImportWarning","filename":"/opt/airflow/dags/salse2s3.py","lineno":7,"logger":"py.warnings"}
{"timestamp":"2025-10-16T19:57:55.121537Z","level":"warning","event":"The `airflow.decorators.task` attribute is deprecated. Please use `'airflow.sdk.task'`.","category":"DeprecatedImportWarning","filename":"/opt/airflow/dags/salse2s3.py","lineno":7,"logger":"py.warnings"}
{"timestamp":"2025-10-16T19:58:25.516964Z","level":"info","event":"Filling up the DagBag from /opt/airflow/dags/salse2s3.py","logger":"airflow.models.dagbag.DagBag","filename":"dagbag.py","lineno":593}
{"timestamp":"2025-10-16T19:58:25.528849Z","level":"warning","event":"The `airflow.decorators.dag` attribute is deprecated. Please use `'airflow.sdk.dag'`.","category":"DeprecatedImportWarning","filename":"/opt/airflow/dags/salse2s3.py","lineno":7,"logger":"py.warnings"}
{"timestamp":"2025-10-16T19:58:25.529040Z","level":"warning","event":"The `airflow.decorators.task` attribute is deprecated. Please use `'airflow.sdk.task'`.","category":"DeprecatedImportWarning","filename":"/opt/airflow/dags/salse2s3.py","lineno":7,"logger":"py.warnings"}
{"timestamp":"2025-10-16T19:58:55.924251Z","level":"info","event":"Filling up the DagBag from /opt/airflow/dags/salse2s3.py","logger":"airflow.models.dagbag.DagBag","filename":"dagbag.py","lineno":593}
{"timestamp":"2025-10-16T19:58:55.941679Z","level":"warning","event":"The `airflow.decorators.dag` attribute is deprecated. Please use `'airflow.sdk.dag'`.","category":"DeprecatedImportWarning","filename":"/opt/airflow/dags/salse2s3.py","lineno":7,"logger":"py.warnings"}
{"timestamp":"2025-10-16T19:58:55.941914Z","level":"warning","event":"The `airflow.decorators.task` attribute is deprecated. Please use `'airflow.sdk.task'`.","category":"DeprecatedImportWarning","filename":"/opt/airflow/dags/salse2s3.py","lineno":7,"logger":"py.warnings"}
{"timestamp":"2025-10-16T19:59:26.316882Z","level":"info","event":"Filling up the DagBag from /opt/airflow/dags/salse2s3.py","logger":"airflow.models.dagbag.DagBag","filename":"dagbag.py","lineno":593}
{"timestamp":"2025-10-16T19:59:26.329980Z","level":"warning","event":"The `airflow.decorators.dag` attribute is deprecated. Please use `'airflow.sdk.dag'`.","category":"DeprecatedImportWarning","filename":"/opt/airflow/dags/salse2s3.py","lineno":7,"logger":"py.warnings"}
{"timestamp":"2025-10-16T19:59:26.330050Z","level":"warning","event":"The `airflow.decorators.task` attribute is deprecated. Please use `'airflow.sdk.task'`.","category":"DeprecatedImportWarning","filename":"/opt/airflow/dags/salse2s3.py","lineno":7,"logger":"py.warnings"}
{"timestamp":"2025-10-16T19:59:56.768388Z","level":"info","event":"Filling up the DagBag from /opt/airflow/dags/salse2s3.py","logger":"airflow.models.dagbag.DagBag","filename":"dagbag.py","lineno":593}
{"timestamp":"2025-10-16T19:59:56.782305Z","level":"warning","event":"The `airflow.decorators.dag` attribute is deprecated. Please use `'airflow.sdk.dag'`.","category":"DeprecatedImportWarning","filename":"/opt/airflow/dags/salse2s3.py","lineno":7,"logger":"py.warnings"}
{"timestamp":"2025-10-16T19:59:56.782373Z","level":"warning","event":"The `airflow.decorators.task` attribute is deprecated. Please use `'airflow.sdk.task'`.","category":"DeprecatedImportWarning","filename":"/opt/airflow/dags/salse2s3.py","lineno":7,"logger":"py.warnings"}
{"timestamp":"2025-10-16T20:00:27.233344Z","level":"info","event":"Filling up the DagBag from /opt/airflow/dags/salse2s3.py","logger":"airflow.models.dagbag.DagBag","filename":"dagbag.py","lineno":593}
{"timestamp":"2025-10-16T20:00:27.250180Z","level":"warning","event":"The `airflow.decorators.dag` attribute is deprecated. Please use `'airflow.sdk.dag'`.","category":"DeprecatedImportWarning","filename":"/opt/airflow/dags/salse2s3.py","lineno":7,"logger":"py.warnings"}
{"timestamp":"2025-10-16T20:00:27.250355Z","level":"warning","event":"The `airflow.decorators.task` attribute is deprecated. Please use `'airflow.sdk.task'`.","category":"DeprecatedImportWarning","filename":"/opt/airflow/dags/salse2s3.py","lineno":7,"logger":"py.warnings"}
{"timestamp":"2025-10-16T20:00:57.642673Z","level":"info","event":"Filling up the DagBag from /opt/airflow/dags/salse2s3.py","logger":"airflow.models.dagbag.DagBag","filename":"dagbag.py","lineno":593}
{"timestamp":"2025-10-16T20:00:57.657951Z","level":"warning","event":"The `airflow.decorators.dag` attribute is deprecated. Please use `'airflow.sdk.dag'`.","category":"DeprecatedImportWarning","filename":"/opt/airflow/dags/salse2s3.py","lineno":7,"logger":"py.warnings"}
{"timestamp":"2025-10-16T20:00:57.658041Z","level":"warning","event":"The `airflow.decorators.task` attribute is deprecated. Please use `'airflow.sdk.task'`.","category":"DeprecatedImportWarning","filename":"/opt/airflow/dags/salse2s3.py","lineno":7,"logger":"py.warnings"}
{"timestamp":"2025-10-16T20:01:28.081026Z","level":"info","event":"Filling up the DagBag from /opt/airflow/dags/salse2s3.py","logger":"airflow.models.dagbag.DagBag","filename":"dagbag.py","lineno":593}
{"timestamp":"2025-10-16T20:01:28.094963Z","level":"warning","event":"The `airflow.decorators.dag` attribute is deprecated. Please use `'airflow.sdk.dag'`.","category":"DeprecatedImportWarning","filename":"/opt/airflow/dags/salse2s3.py","lineno":7,"logger":"py.warnings"}
{"timestamp":"2025-10-16T20:01:28.095030Z","level":"warning","event":"The `airflow.decorators.task` attribute is deprecated. Please use `'airflow.sdk.task'`.","category":"DeprecatedImportWarning","filename":"/opt/airflow/dags/salse2s3.py","lineno":7,"logger":"py.warnings"}
{"timestamp":"2025-10-16T20:01:58.577849Z","level":"info","event":"Filling up the DagBag from /opt/airflow/dags/salse2s3.py","logger":"airflow.models.dagbag.DagBag","filename":"dagbag.py","lineno":593}
{"timestamp":"2025-10-16T20:01:58.595136Z","level":"warning","event":"The `airflow.decorators.dag` attribute is deprecated. Please use `'airflow.sdk.dag'`.","category":"DeprecatedImportWarning","filename":"/opt/airflow/dags/salse2s3.py","lineno":7,"logger":"py.warnings"}
{"timestamp":"2025-10-16T20:01:58.595204Z","level":"warning","event":"The `airflow.decorators.task` attribute is deprecated. Please use `'airflow.sdk.task'`.","category":"DeprecatedImportWarning","filename":"/opt/airflow/dags/salse2s3.py","lineno":7,"logger":"py.warnings"}
{"timestamp":"2025-10-16T20:02:29.007062Z","level":"info","event":"Filling up the DagBag from /opt/airflow/dags/salse2s3.py","logger":"airflow.models.dagbag.DagBag","filename":"dagbag.py","lineno":593}
{"timestamp":"2025-10-16T20:02:29.022520Z","level":"warning","event":"The `airflow.decorators.dag` attribute is deprecated. Please use `'airflow.sdk.dag'`.","category":"DeprecatedImportWarning","filename":"/opt/airflow/dags/salse2s3.py","lineno":7,"logger":"py.warnings"}
{"timestamp":"2025-10-16T20:02:29.022590Z","level":"warning","event":"The `airflow.decorators.task` attribute is deprecated. Please use `'airflow.sdk.task'`.","category":"DeprecatedImportWarning","filename":"/opt/airflow/dags/salse2s3.py","lineno":7,"logger":"py.warnings"}
{"timestamp":"2025-10-16T20:02:59.425075Z","level":"info","event":"Filling up the DagBag from /opt/airflow/dags/salse2s3.py","logger":"airflow.models.dagbag.DagBag","filename":"dagbag.py","lineno":593}
{"timestamp":"2025-10-16T20:02:59.439739Z","level":"warning","event":"The `airflow.decorators.dag` attribute is deprecated. Please use `'airflow.sdk.dag'`.","category":"DeprecatedImportWarning","filename":"/opt/airflow/dags/salse2s3.py","lineno":7,"logger":"py.warnings"}
{"timestamp":"2025-10-16T20:02:59.439810Z","level":"warning","event":"The `airflow.decorators.task` attribute is deprecated. Please use `'airflow.sdk.task'`.","category":"DeprecatedImportWarning","filename":"/opt/airflow/dags/salse2s3.py","lineno":7,"logger":"py.warnings"}
{"timestamp":"2025-10-16T20:03:29.851659Z","level":"info","event":"Filling up the DagBag from /opt/airflow/dags/salse2s3.py","logger":"airflow.models.dagbag.DagBag","filename":"dagbag.py","lineno":593}
{"timestamp":"2025-10-16T20:03:29.866485Z","level":"warning","event":"The `airflow.decorators.dag` attribute is deprecated. Please use `'airflow.sdk.dag'`.","category":"DeprecatedImportWarning","filename":"/opt/airflow/dags/salse2s3.py","lineno":7,"logger":"py.warnings"}
{"timestamp":"2025-10-16T20:03:29.866710Z","level":"warning","event":"The `airflow.decorators.task` attribute is deprecated. Please use `'airflow.sdk.task'`.","category":"DeprecatedImportWarning","filename":"/opt/airflow/dags/salse2s3.py","lineno":7,"logger":"py.warnings"}
{"timestamp":"2025-10-16T20:04:00.308905Z","level":"info","event":"Filling up the DagBag from /opt/airflow/dags/salse2s3.py","logger":"airflow.models.dagbag.DagBag","filename":"dagbag.py","lineno":593}
{"timestamp":"2025-10-16T20:04:00.323325Z","level":"warning","event":"The `airflow.decorators.dag` attribute is deprecated. Please use `'airflow.sdk.dag'`.","category":"DeprecatedImportWarning","filename":"/opt/airflow/dags/salse2s3.py","lineno":7,"logger":"py.warnings"}
{"timestamp":"2025-10-16T20:04:00.323555Z","level":"warning","event":"The `airflow.decorators.task` attribute is deprecated. Please use `'airflow.sdk.task'`.","category":"DeprecatedImportWarning","filename":"/opt/airflow/dags/salse2s3.py","lineno":7,"logger":"py.warnings"}
{"timestamp":"2025-10-16T20:04:30.757724Z","level":"info","event":"Filling up the DagBag from /opt/airflow/dags/salse2s3.py","logger":"airflow.models.dagbag.DagBag","filename":"dagbag.py","lineno":593}
{"timestamp":"2025-10-16T20:04:30.775877Z","level":"warning","event":"The `airflow.decorators.dag` attribute is deprecated. Please use `'airflow.sdk.dag'`.","category":"DeprecatedImportWarning","filename":"/opt/airflow/dags/salse2s3.py","lineno":7,"logger":"py.warnings"}
{"timestamp":"2025-10-16T20:04:30.775940Z","level":"warning","event":"The `airflow.decorators.task` attribute is deprecated. Please use `'airflow.sdk.task'`.","category":"DeprecatedImportWarning","filename":"/opt/airflow/dags/salse2s3.py","lineno":7,"logger":"py.warnings"}
{"timestamp":"2025-10-16T20:05:01.211063Z","level":"info","event":"Filling up the DagBag from /opt/airflow/dags/salse2s3.py","logger":"airflow.models.dagbag.DagBag","filename":"dagbag.py","lineno":593}
{"timestamp":"2025-10-16T20:05:01.223932Z","level":"warning","event":"The `airflow.decorators.dag` attribute is deprecated. Please use `'airflow.sdk.dag'`.","category":"DeprecatedImportWarning","filename":"/opt/airflow/dags/salse2s3.py","lineno":7,"logger":"py.warnings"}
{"timestamp":"2025-10-16T20:05:01.224005Z","level":"warning","event":"The `airflow.decorators.task` attribute is deprecated. Please use `'airflow.sdk.task'`.","category":"DeprecatedImportWarning","filename":"/opt/airflow/dags/salse2s3.py","lineno":7,"logger":"py.warnings"}
{"timestamp":"2025-10-16T20:05:31.619262Z","level":"info","event":"Filling up the DagBag from /opt/airflow/dags/salse2s3.py","logger":"airflow.models.dagbag.DagBag","filename":"dagbag.py","lineno":593}
{"timestamp":"2025-10-16T20:05:31.634333Z","level":"warning","event":"The `airflow.decorators.dag` attribute is deprecated. Please use `'airflow.sdk.dag'`.","category":"DeprecatedImportWarning","filename":"/opt/airflow/dags/salse2s3.py","lineno":7,"logger":"py.warnings"}
{"timestamp":"2025-10-16T20:05:31.634399Z","level":"warning","event":"The `airflow.decorators.task` attribute is deprecated. Please use `'airflow.sdk.task'`.","category":"DeprecatedImportWarning","filename":"/opt/airflow/dags/salse2s3.py","lineno":7,"logger":"py.warnings"}
{"timestamp":"2025-10-16T20:06:02.044974Z","level":"info","event":"Filling up the DagBag from /opt/airflow/dags/salse2s3.py","logger":"airflow.models.dagbag.DagBag","filename":"dagbag.py","lineno":593}
{"timestamp":"2025-10-16T20:06:02.061975Z","level":"warning","event":"The `airflow.decorators.dag` attribute is deprecated. Please use `'airflow.sdk.dag'`.","category":"DeprecatedImportWarning","filename":"/opt/airflow/dags/salse2s3.py","lineno":7,"logger":"py.warnings"}
{"timestamp":"2025-10-16T20:06:02.062152Z","level":"warning","event":"The `airflow.decorators.task` attribute is deprecated. Please use `'airflow.sdk.task'`.","category":"DeprecatedImportWarning","filename":"/opt/airflow/dags/salse2s3.py","lineno":7,"logger":"py.warnings"}
{"timestamp":"2025-10-16T20:06:09.192574Z","level":"info","event":"Filling up the DagBag from /opt/airflow/dags/salse2s3.py","logger":"airflow.models.dagbag.DagBag","filename":"dagbag.py","lineno":593}
{"timestamp":"2025-10-16T20:06:09.209358Z","level":"warning","event":"The `airflow.decorators.dag` attribute is deprecated. Please use `'airflow.sdk.dag'`.","category":"DeprecatedImportWarning","filename":"/opt/airflow/dags/salse2s3.py","lineno":7,"logger":"py.warnings"}
{"timestamp":"2025-10-16T20:06:09.209533Z","level":"warning","event":"The `airflow.decorators.task` attribute is deprecated. Please use `'airflow.sdk.task'`.","category":"DeprecatedImportWarning","filename":"/opt/airflow/dags/salse2s3.py","lineno":7,"logger":"py.warnings"}
{"timestamp":"2025-10-16T20:06:39.656176Z","level":"info","event":"Filling up the DagBag from /opt/airflow/dags/salse2s3.py","logger":"airflow.models.dagbag.DagBag","filename":"dagbag.py","lineno":593}
{"timestamp":"2025-10-16T20:06:39.669910Z","level":"warning","event":"The `airflow.decorators.dag` attribute is deprecated. Please use `'airflow.sdk.dag'`.","category":"DeprecatedImportWarning","filename":"/opt/airflow/dags/salse2s3.py","lineno":7,"logger":"py.warnings"}
{"timestamp":"2025-10-16T20:06:39.669982Z","level":"warning","event":"The `airflow.decorators.task` attribute is deprecated. Please use `'airflow.sdk.task'`.","category":"DeprecatedImportWarning","filename":"/opt/airflow/dags/salse2s3.py","lineno":7,"logger":"py.warnings"}
{"timestamp":"2025-10-16T20:07:10.077245Z","level":"info","event":"Filling up the DagBag from /opt/airflow/dags/salse2s3.py","logger":"airflow.models.dagbag.DagBag","filename":"dagbag.py","lineno":593}
{"timestamp":"2025-10-16T20:07:10.094981Z","level":"warning","event":"The `airflow.decorators.dag` attribute is deprecated. Please use `'airflow.sdk.dag'`.","category":"DeprecatedImportWarning","filename":"/opt/airflow/dags/salse2s3.py","lineno":7,"logger":"py.warnings"}
{"timestamp":"2025-10-16T20:07:10.095158Z","level":"warning","event":"The `airflow.decorators.task` attribute is deprecated. Please use `'airflow.sdk.task'`.","category":"DeprecatedImportWarning","filename":"/opt/airflow/dags/salse2s3.py","lineno":7,"logger":"py.warnings"}
{"timestamp":"2025-10-16T20:07:30.382625Z","level":"info","event":"Filling up the DagBag from /opt/airflow/dags/salse2s3.py","logger":"airflow.models.dagbag.DagBag","filename":"dagbag.py","lineno":593}
{"timestamp":"2025-10-16T20:07:30.401618Z","level":"warning","event":"The `airflow.decorators.dag` attribute is deprecated. Please use `'airflow.sdk.dag'`.","category":"DeprecatedImportWarning","filename":"/opt/airflow/dags/salse2s3.py","lineno":7,"logger":"py.warnings"}
{"timestamp":"2025-10-16T20:07:30.401720Z","level":"warning","event":"The `airflow.decorators.task` attribute is deprecated. Please use `'airflow.sdk.task'`.","category":"DeprecatedImportWarning","filename":"/opt/airflow/dags/salse2s3.py","lineno":7,"logger":"py.warnings"}
{"timestamp":"2025-10-16T20:08:00.784998Z","level":"info","event":"Filling up the DagBag from /opt/airflow/dags/salse2s3.py","logger":"airflow.models.dagbag.DagBag","filename":"dagbag.py","lineno":593}
{"timestamp":"2025-10-16T20:08:00.805116Z","level":"warning","event":"The `airflow.decorators.dag` attribute is deprecated. Please use `'airflow.sdk.dag'`.","category":"DeprecatedImportWarning","filename":"/opt/airflow/dags/salse2s3.py","lineno":7,"logger":"py.warnings"}
{"timestamp":"2025-10-16T20:08:00.805315Z","level":"warning","event":"The `airflow.decorators.task` attribute is deprecated. Please use `'airflow.sdk.task'`.","category":"DeprecatedImportWarning","filename":"/opt/airflow/dags/salse2s3.py","lineno":7,"logger":"py.warnings"}
{"timestamp":"2025-10-16T20:08:31.223277Z","level":"info","event":"Filling up the DagBag from /opt/airflow/dags/salse2s3.py","logger":"airflow.models.dagbag.DagBag","filename":"dagbag.py","lineno":593}
{"timestamp":"2025-10-16T20:08:31.239120Z","level":"warning","event":"The `airflow.decorators.dag` attribute is deprecated. Please use `'airflow.sdk.dag'`.","category":"DeprecatedImportWarning","filename":"/opt/airflow/dags/salse2s3.py","lineno":7,"logger":"py.warnings"}
{"timestamp":"2025-10-16T20:08:31.239344Z","level":"warning","event":"The `airflow.decorators.task` attribute is deprecated. Please use `'airflow.sdk.task'`.","category":"DeprecatedImportWarning","filename":"/opt/airflow/dags/salse2s3.py","lineno":7,"logger":"py.warnings"}
{"timestamp":"2025-10-16T20:09:01.718153Z","level":"info","event":"Filling up the DagBag from /opt/airflow/dags/salse2s3.py","logger":"airflow.models.dagbag.DagBag","filename":"dagbag.py","lineno":593}
{"timestamp":"2025-10-16T20:09:01.739148Z","level":"warning","event":"The `airflow.decorators.dag` attribute is deprecated. Please use `'airflow.sdk.dag'`.","category":"DeprecatedImportWarning","filename":"/opt/airflow/dags/salse2s3.py","lineno":7,"logger":"py.warnings"}
{"timestamp":"2025-10-16T20:09:01.739226Z","level":"warning","event":"The `airflow.decorators.task` attribute is deprecated. Please use `'airflow.sdk.task'`.","category":"DeprecatedImportWarning","filename":"/opt/airflow/dags/salse2s3.py","lineno":7,"logger":"py.warnings"}
{"timestamp":"2025-10-16T20:09:32.120045Z","level":"info","event":"Filling up the DagBag from /opt/airflow/dags/salse2s3.py","logger":"airflow.models.dagbag.DagBag","filename":"dagbag.py","lineno":593}
{"timestamp":"2025-10-16T20:09:32.131807Z","level":"warning","event":"The `airflow.decorators.dag` attribute is deprecated. Please use `'airflow.sdk.dag'`.","category":"DeprecatedImportWarning","filename":"/opt/airflow/dags/salse2s3.py","lineno":7,"logger":"py.warnings"}
{"timestamp":"2025-10-16T20:09:32.131882Z","level":"warning","event":"The `airflow.decorators.task` attribute is deprecated. Please use `'airflow.sdk.task'`.","category":"DeprecatedImportWarning","filename":"/opt/airflow/dags/salse2s3.py","lineno":7,"logger":"py.warnings"}
{"timestamp":"2025-10-16T20:10:02.526497Z","level":"info","event":"Filling up the DagBag from /opt/airflow/dags/salse2s3.py","logger":"airflow.models.dagbag.DagBag","filename":"dagbag.py","lineno":593}
{"timestamp":"2025-10-16T20:10:02.543551Z","level":"warning","event":"The `airflow.decorators.dag` attribute is deprecated. Please use `'airflow.sdk.dag'`.","category":"DeprecatedImportWarning","filename":"/opt/airflow/dags/salse2s3.py","lineno":7,"logger":"py.warnings"}
{"timestamp":"2025-10-16T20:10:02.543626Z","level":"warning","event":"The `airflow.decorators.task` attribute is deprecated. Please use `'airflow.sdk.task'`.","category":"DeprecatedImportWarning","filename":"/opt/airflow/dags/salse2s3.py","lineno":7,"logger":"py.warnings"}
{"timestamp":"2025-10-16T20:10:33.067703Z","level":"info","event":"Filling up the DagBag from /opt/airflow/dags/salse2s3.py","logger":"airflow.models.dagbag.DagBag","filename":"dagbag.py","lineno":593}
{"timestamp":"2025-10-16T20:10:33.089921Z","level":"warning","event":"The `airflow.decorators.dag` attribute is deprecated. Please use `'airflow.sdk.dag'`.","category":"DeprecatedImportWarning","filename":"/opt/airflow/dags/salse2s3.py","lineno":7,"logger":"py.warnings"}
{"timestamp":"2025-10-16T20:10:33.090350Z","level":"warning","event":"The `airflow.decorators.task` attribute is deprecated. Please use `'airflow.sdk.task'`.","category":"DeprecatedImportWarning","filename":"/opt/airflow/dags/salse2s3.py","lineno":7,"logger":"py.warnings"}
{"timestamp":"2025-10-16T20:11:03.520054Z","level":"info","event":"Filling up the DagBag from /opt/airflow/dags/salse2s3.py","logger":"airflow.models.dagbag.DagBag","filename":"dagbag.py","lineno":593}
{"timestamp":"2025-10-16T20:11:03.538694Z","level":"warning","event":"The `airflow.decorators.dag` attribute is deprecated. Please use `'airflow.sdk.dag'`.","category":"DeprecatedImportWarning","filename":"/opt/airflow/dags/salse2s3.py","lineno":7,"logger":"py.warnings"}
{"timestamp":"2025-10-16T20:11:03.538757Z","level":"warning","event":"The `airflow.decorators.task` attribute is deprecated. Please use `'airflow.sdk.task'`.","category":"DeprecatedImportWarning","filename":"/opt/airflow/dags/salse2s3.py","lineno":7,"logger":"py.warnings"}
{"timestamp":"2025-10-16T20:11:33.918336Z","level":"info","event":"Filling up the DagBag from /opt/airflow/dags/salse2s3.py","logger":"airflow.models.dagbag.DagBag","filename":"dagbag.py","lineno":593}
{"timestamp":"2025-10-16T20:11:33.934427Z","level":"warning","event":"The `airflow.decorators.dag` attribute is deprecated. Please use `'airflow.sdk.dag'`.","category":"DeprecatedImportWarning","filename":"/opt/airflow/dags/salse2s3.py","lineno":7,"logger":"py.warnings"}
{"timestamp":"2025-10-16T20:11:33.934626Z","level":"warning","event":"The `airflow.decorators.task` attribute is deprecated. Please use `'airflow.sdk.task'`.","category":"DeprecatedImportWarning","filename":"/opt/airflow/dags/salse2s3.py","lineno":7,"logger":"py.warnings"}
{"timestamp":"2025-10-16T20:12:04.338696Z","level":"info","event":"Filling up the DagBag from /opt/airflow/dags/salse2s3.py","logger":"airflow.models.dagbag.DagBag","filename":"dagbag.py","lineno":593}
{"timestamp":"2025-10-16T20:12:04.353616Z","level":"warning","event":"The `airflow.decorators.dag` attribute is deprecated. Please use `'airflow.sdk.dag'`.","category":"DeprecatedImportWarning","filename":"/opt/airflow/dags/salse2s3.py","lineno":7,"logger":"py.warnings"}
{"timestamp":"2025-10-16T20:12:04.353692Z","level":"warning","event":"The `airflow.decorators.task` attribute is deprecated. Please use `'airflow.sdk.task'`.","category":"DeprecatedImportWarning","filename":"/opt/airflow/dags/salse2s3.py","lineno":7,"logger":"py.warnings"}
{"timestamp":"2025-10-16T20:12:34.728922Z","level":"info","event":"Filling up the DagBag from /opt/airflow/dags/salse2s3.py","logger":"airflow.models.dagbag.DagBag","filename":"dagbag.py","lineno":593}
{"timestamp":"2025-10-16T20:12:34.740180Z","level":"warning","event":"The `airflow.decorators.dag` attribute is deprecated. Please use `'airflow.sdk.dag'`.","category":"DeprecatedImportWarning","filename":"/opt/airflow/dags/salse2s3.py","lineno":7,"logger":"py.warnings"}
{"timestamp":"2025-10-16T20:12:34.740239Z","level":"warning","event":"The `airflow.decorators.task` attribute is deprecated. Please use `'airflow.sdk.task'`.","category":"DeprecatedImportWarning","filename":"/opt/airflow/dags/salse2s3.py","lineno":7,"logger":"py.warnings"}
{"timestamp":"2025-10-16T20:13:05.186695Z","level":"info","event":"Filling up the DagBag from /opt/airflow/dags/salse2s3.py","logger":"airflow.models.dagbag.DagBag","filename":"dagbag.py","lineno":593}
{"timestamp":"2025-10-16T20:13:05.210583Z","level":"warning","event":"The `airflow.decorators.dag` attribute is deprecated. Please use `'airflow.sdk.dag'`.","category":"DeprecatedImportWarning","filename":"/opt/airflow/dags/salse2s3.py","lineno":7,"logger":"py.warnings"}
{"timestamp":"2025-10-16T20:13:05.210664Z","level":"warning","event":"The `airflow.decorators.task` attribute is deprecated. Please use `'airflow.sdk.task'`.","category":"DeprecatedImportWarning","filename":"/opt/airflow/dags/salse2s3.py","lineno":7,"logger":"py.warnings"}
{"timestamp":"2025-10-16T20:13:09.313654Z","level":"info","event":"Filling up the DagBag from /opt/airflow/dags/salse2s3.py","logger":"airflow.models.dagbag.DagBag","filename":"dagbag.py","lineno":593}
{"timestamp":"2025-10-16T20:13:09.327400Z","level":"warning","event":"The `airflow.decorators.dag` attribute is deprecated. Please use `'airflow.sdk.dag'`.","category":"DeprecatedImportWarning","filename":"/opt/airflow/dags/salse2s3.py","lineno":7,"logger":"py.warnings"}
{"timestamp":"2025-10-16T20:13:09.327464Z","level":"warning","event":"The `airflow.decorators.task` attribute is deprecated. Please use `'airflow.sdk.task'`.","category":"DeprecatedImportWarning","filename":"/opt/airflow/dags/salse2s3.py","lineno":7,"logger":"py.warnings"}
{"timestamp":"2025-10-16T20:13:39.749544Z","level":"info","event":"Filling up the DagBag from /opt/airflow/dags/salse2s3.py","logger":"airflow.models.dagbag.DagBag","filename":"dagbag.py","lineno":593}
{"timestamp":"2025-10-16T20:13:39.768809Z","level":"warning","event":"The `airflow.decorators.dag` attribute is deprecated. Please use `'airflow.sdk.dag'`.","category":"DeprecatedImportWarning","filename":"/opt/airflow/dags/salse2s3.py","lineno":7,"logger":"py.warnings"}
{"timestamp":"2025-10-16T20:13:39.769022Z","level":"warning","event":"The `airflow.decorators.task` attribute is deprecated. Please use `'airflow.sdk.task'`.","category":"DeprecatedImportWarning","filename":"/opt/airflow/dags/salse2s3.py","lineno":7,"logger":"py.warnings"}
{"timestamp":"2025-10-16T20:14:10.166924Z","level":"info","event":"Filling up the DagBag from /opt/airflow/dags/salse2s3.py","logger":"airflow.models.dagbag.DagBag","filename":"dagbag.py","lineno":593}
{"timestamp":"2025-10-16T20:14:10.181885Z","level":"warning","event":"The `airflow.decorators.dag` attribute is deprecated. Please use `'airflow.sdk.dag'`.","category":"DeprecatedImportWarning","filename":"/opt/airflow/dags/salse2s3.py","lineno":7,"logger":"py.warnings"}
{"timestamp":"2025-10-16T20:14:10.182131Z","level":"warning","event":"The `airflow.decorators.task` attribute is deprecated. Please use `'airflow.sdk.task'`.","category":"DeprecatedImportWarning","filename":"/opt/airflow/dags/salse2s3.py","lineno":7,"logger":"py.warnings"}
{"timestamp":"2025-10-16T20:14:40.623516Z","level":"info","event":"Filling up the DagBag from /opt/airflow/dags/salse2s3.py","logger":"airflow.models.dagbag.DagBag","filename":"dagbag.py","lineno":593}
{"timestamp":"2025-10-16T20:14:40.638492Z","level":"warning","event":"The `airflow.decorators.dag` attribute is deprecated. Please use `'airflow.sdk.dag'`.","category":"DeprecatedImportWarning","filename":"/opt/airflow/dags/salse2s3.py","lineno":7,"logger":"py.warnings"}
{"timestamp":"2025-10-16T20:14:40.638561Z","level":"warning","event":"The `airflow.decorators.task` attribute is deprecated. Please use `'airflow.sdk.task'`.","category":"DeprecatedImportWarning","filename":"/opt/airflow/dags/salse2s3.py","lineno":7,"logger":"py.warnings"}
{"timestamp":"2025-10-16T20:15:10.964420Z","level":"info","event":"Filling up the DagBag from /opt/airflow/dags/salse2s3.py","logger":"airflow.models.dagbag.DagBag","filename":"dagbag.py","lineno":593}
{"timestamp":"2025-10-16T20:15:10.978781Z","level":"warning","event":"The `airflow.decorators.dag` attribute is deprecated. Please use `'airflow.sdk.dag'`.","category":"DeprecatedImportWarning","filename":"/opt/airflow/dags/salse2s3.py","lineno":7,"logger":"py.warnings"}
{"timestamp":"2025-10-16T20:15:10.978849Z","level":"warning","event":"The `airflow.decorators.task` attribute is deprecated. Please use `'airflow.sdk.task'`.","category":"DeprecatedImportWarning","filename":"/opt/airflow/dags/salse2s3.py","lineno":7,"logger":"py.warnings"}
{"timestamp":"2025-10-16T20:15:41.423237Z","level":"info","event":"Filling up the DagBag from /opt/airflow/dags/salse2s3.py","logger":"airflow.models.dagbag.DagBag","filename":"dagbag.py","lineno":593}
{"timestamp":"2025-10-16T20:15:41.443483Z","level":"warning","event":"The `airflow.decorators.dag` attribute is deprecated. Please use `'airflow.sdk.dag'`.","category":"DeprecatedImportWarning","filename":"/opt/airflow/dags/salse2s3.py","lineno":7,"logger":"py.warnings"}
{"timestamp":"2025-10-16T20:15:41.443575Z","level":"warning","event":"The `airflow.decorators.task` attribute is deprecated. Please use `'airflow.sdk.task'`.","category":"DeprecatedImportWarning","filename":"/opt/airflow/dags/salse2s3.py","lineno":7,"logger":"py.warnings"}
{"timestamp":"2025-10-16T20:16:11.817701Z","level":"info","event":"Filling up the DagBag from /opt/airflow/dags/salse2s3.py","logger":"airflow.models.dagbag.DagBag","filename":"dagbag.py","lineno":593}
{"timestamp":"2025-10-16T20:16:11.839134Z","level":"warning","event":"The `airflow.decorators.dag` attribute is deprecated. Please use `'airflow.sdk.dag'`.","category":"DeprecatedImportWarning","filename":"/opt/airflow/dags/salse2s3.py","lineno":7,"logger":"py.warnings"}
{"timestamp":"2025-10-16T20:16:11.839230Z","level":"warning","event":"The `airflow.decorators.task` attribute is deprecated. Please use `'airflow.sdk.task'`.","category":"DeprecatedImportWarning","filename":"/opt/airflow/dags/salse2s3.py","lineno":7,"logger":"py.warnings"}
{"timestamp":"2025-10-16T20:16:42.266540Z","level":"info","event":"Filling up the DagBag from /opt/airflow/dags/salse2s3.py","logger":"airflow.models.dagbag.DagBag","filename":"dagbag.py","lineno":593}
{"timestamp":"2025-10-16T20:16:42.284816Z","level":"warning","event":"The `airflow.decorators.dag` attribute is deprecated. Please use `'airflow.sdk.dag'`.","category":"DeprecatedImportWarning","filename":"/opt/airflow/dags/salse2s3.py","lineno":7,"logger":"py.warnings"}
{"timestamp":"2025-10-16T20:16:42.284873Z","level":"warning","event":"The `airflow.decorators.task` attribute is deprecated. Please use `'airflow.sdk.task'`.","category":"DeprecatedImportWarning","filename":"/opt/airflow/dags/salse2s3.py","lineno":7,"logger":"py.warnings"}
{"timestamp":"2025-10-16T20:17:12.624530Z","level":"info","event":"Filling up the DagBag from /opt/airflow/dags/salse2s3.py","logger":"airflow.models.dagbag.DagBag","filename":"dagbag.py","lineno":593}
{"timestamp":"2025-10-16T20:17:12.639458Z","level":"warning","event":"The `airflow.decorators.dag` attribute is deprecated. Please use `'airflow.sdk.dag'`.","category":"DeprecatedImportWarning","filename":"/opt/airflow/dags/salse2s3.py","lineno":7,"logger":"py.warnings"}
{"timestamp":"2025-10-16T20:17:12.639655Z","level":"warning","event":"The `airflow.decorators.task` attribute is deprecated. Please use `'airflow.sdk.task'`.","category":"DeprecatedImportWarning","filename":"/opt/airflow/dags/salse2s3.py","lineno":7,"logger":"py.warnings"}
{"timestamp":"2025-10-16T20:17:43.084110Z","level":"info","event":"Filling up the DagBag from /opt/airflow/dags/salse2s3.py","logger":"airflow.models.dagbag.DagBag","filename":"dagbag.py","lineno":593}
{"timestamp":"2025-10-16T20:17:43.103768Z","level":"warning","event":"The `airflow.decorators.dag` attribute is deprecated. Please use `'airflow.sdk.dag'`.","category":"DeprecatedImportWarning","filename":"/opt/airflow/dags/salse2s3.py","lineno":7,"logger":"py.warnings"}
{"timestamp":"2025-10-16T20:17:43.103854Z","level":"warning","event":"The `airflow.decorators.task` attribute is deprecated. Please use `'airflow.sdk.task'`.","category":"DeprecatedImportWarning","filename":"/opt/airflow/dags/salse2s3.py","lineno":7,"logger":"py.warnings"}
{"timestamp":"2025-10-16T20:18:13.509982Z","level":"info","event":"Filling up the DagBag from /opt/airflow/dags/salse2s3.py","logger":"airflow.models.dagbag.DagBag","filename":"dagbag.py","lineno":593}
{"timestamp":"2025-10-16T20:18:13.526115Z","level":"warning","event":"The `airflow.decorators.dag` attribute is deprecated. Please use `'airflow.sdk.dag'`.","category":"DeprecatedImportWarning","filename":"/opt/airflow/dags/salse2s3.py","lineno":7,"logger":"py.warnings"}
{"timestamp":"2025-10-16T20:18:13.526172Z","level":"warning","event":"The `airflow.decorators.task` attribute is deprecated. Please use `'airflow.sdk.task'`.","category":"DeprecatedImportWarning","filename":"/opt/airflow/dags/salse2s3.py","lineno":7,"logger":"py.warnings"}
{"timestamp":"2025-10-16T20:18:44.010567Z","level":"info","event":"Filling up the DagBag from /opt/airflow/dags/salse2s3.py","logger":"airflow.models.dagbag.DagBag","filename":"dagbag.py","lineno":593}
{"timestamp":"2025-10-16T20:18:44.048826Z","level":"warning","event":"The `airflow.decorators.dag` attribute is deprecated. Please use `'airflow.sdk.dag'`.","category":"DeprecatedImportWarning","filename":"/opt/airflow/dags/salse2s3.py","lineno":7,"logger":"py.warnings"}
{"timestamp":"2025-10-16T20:18:44.048958Z","level":"warning","event":"The `airflow.decorators.task` attribute is deprecated. Please use `'airflow.sdk.task'`.","category":"DeprecatedImportWarning","filename":"/opt/airflow/dags/salse2s3.py","lineno":7,"logger":"py.warnings"}
{"timestamp":"2025-10-16T20:19:14.483875Z","level":"info","event":"Filling up the DagBag from /opt/airflow/dags/salse2s3.py","logger":"airflow.models.dagbag.DagBag","filename":"dagbag.py","lineno":593}
{"timestamp":"2025-10-16T20:19:14.506544Z","level":"warning","event":"The `airflow.decorators.dag` attribute is deprecated. Please use `'airflow.sdk.dag'`.","category":"DeprecatedImportWarning","filename":"/opt/airflow/dags/salse2s3.py","lineno":7,"logger":"py.warnings"}
{"timestamp":"2025-10-16T20:19:14.506632Z","level":"warning","event":"The `airflow.decorators.task` attribute is deprecated. Please use `'airflow.sdk.task'`.","category":"DeprecatedImportWarning","filename":"/opt/airflow/dags/salse2s3.py","lineno":7,"logger":"py.warnings"}
{"timestamp":"2025-10-16T20:19:44.977104Z","level":"info","event":"Filling up the DagBag from /opt/airflow/dags/salse2s3.py","logger":"airflow.models.dagbag.DagBag","filename":"dagbag.py","lineno":593}
{"timestamp":"2025-10-16T20:19:45.009557Z","level":"warning","event":"The `airflow.decorators.dag` attribute is deprecated. Please use `'airflow.sdk.dag'`.","category":"DeprecatedImportWarning","filename":"/opt/airflow/dags/salse2s3.py","lineno":7,"logger":"py.warnings"}
{"timestamp":"2025-10-16T20:19:45.009809Z","level":"warning","event":"The `airflow.decorators.task` attribute is deprecated. Please use `'airflow.sdk.task'`.","category":"DeprecatedImportWarning","filename":"/opt/airflow/dags/salse2s3.py","lineno":7,"logger":"py.warnings"}
{"timestamp":"2025-10-16T20:20:08.809625Z","level":"info","event":"Filling up the DagBag from /opt/airflow/dags/salse2s3.py","logger":"airflow.models.dagbag.DagBag","filename":"dagbag.py","lineno":593}
{"timestamp":"2025-10-16T20:20:08.848507Z","level":"warning","event":"The `airflow.decorators.dag` attribute is deprecated. Please use `'airflow.sdk.dag'`.","category":"DeprecatedImportWarning","filename":"/opt/airflow/dags/salse2s3.py","lineno":7,"logger":"py.warnings"}
{"timestamp":"2025-10-16T20:20:08.848623Z","level":"warning","event":"The `airflow.decorators.task` attribute is deprecated. Please use `'airflow.sdk.task'`.","category":"DeprecatedImportWarning","filename":"/opt/airflow/dags/salse2s3.py","lineno":7,"logger":"py.warnings"}
{"timestamp":"2025-10-16T20:20:34.611026Z","level":"info","event":"Filling up the DagBag from /opt/airflow/dags/salse2s3.py","logger":"airflow.models.dagbag.DagBag","filename":"dagbag.py","lineno":593}
{"timestamp":"2025-10-16T20:20:34.641238Z","level":"warning","event":"The `airflow.decorators.dag` attribute is deprecated. Please use `'airflow.sdk.dag'`.","category":"DeprecatedImportWarning","filename":"/opt/airflow/dags/salse2s3.py","lineno":7,"logger":"py.warnings"}
{"timestamp":"2025-10-16T20:20:34.641304Z","level":"warning","event":"The `airflow.decorators.task` attribute is deprecated. Please use `'airflow.sdk.task'`.","category":"DeprecatedImportWarning","filename":"/opt/airflow/dags/salse2s3.py","lineno":7,"logger":"py.warnings"}
{"timestamp":"2025-10-16T20:21:05.031046Z","level":"info","event":"Filling up the DagBag from /opt/airflow/dags/salse2s3.py","logger":"airflow.models.dagbag.DagBag","filename":"dagbag.py","lineno":593}
{"timestamp":"2025-10-16T20:21:05.049009Z","level":"warning","event":"The `airflow.decorators.dag` attribute is deprecated. Please use `'airflow.sdk.dag'`.","category":"DeprecatedImportWarning","filename":"/opt/airflow/dags/salse2s3.py","lineno":7,"logger":"py.warnings"}
{"timestamp":"2025-10-16T20:21:05.049069Z","level":"warning","event":"The `airflow.decorators.task` attribute is deprecated. Please use `'airflow.sdk.task'`.","category":"DeprecatedImportWarning","filename":"/opt/airflow/dags/salse2s3.py","lineno":7,"logger":"py.warnings"}
{"timestamp":"2025-10-16T20:21:35.473243Z","level":"info","event":"Filling up the DagBag from /opt/airflow/dags/salse2s3.py","logger":"airflow.models.dagbag.DagBag","filename":"dagbag.py","lineno":593}
{"timestamp":"2025-10-16T20:21:35.490463Z","level":"warning","event":"The `airflow.decorators.dag` attribute is deprecated. Please use `'airflow.sdk.dag'`.","category":"DeprecatedImportWarning","filename":"/opt/airflow/dags/salse2s3.py","lineno":7,"logger":"py.warnings"}
{"timestamp":"2025-10-16T20:21:35.490522Z","level":"warning","event":"The `airflow.decorators.task` attribute is deprecated. Please use `'airflow.sdk.task'`.","category":"DeprecatedImportWarning","filename":"/opt/airflow/dags/salse2s3.py","lineno":7,"logger":"py.warnings"}
{"timestamp":"2025-10-16T20:22:05.907494Z","level":"info","event":"Filling up the DagBag from /opt/airflow/dags/salse2s3.py","logger":"airflow.models.dagbag.DagBag","filename":"dagbag.py","lineno":593}
{"timestamp":"2025-10-16T20:22:05.928140Z","level":"warning","event":"The `airflow.decorators.dag` attribute is deprecated. Please use `'airflow.sdk.dag'`.","category":"DeprecatedImportWarning","filename":"/opt/airflow/dags/salse2s3.py","lineno":7,"logger":"py.warnings"}
{"timestamp":"2025-10-16T20:22:05.928205Z","level":"warning","event":"The `airflow.decorators.task` attribute is deprecated. Please use `'airflow.sdk.task'`.","category":"DeprecatedImportWarning","filename":"/opt/airflow/dags/salse2s3.py","lineno":7,"logger":"py.warnings"}
{"timestamp":"2025-10-16T20:22:36.333454Z","level":"info","event":"Filling up the DagBag from /opt/airflow/dags/salse2s3.py","logger":"airflow.models.dagbag.DagBag","filename":"dagbag.py","lineno":593}
{"timestamp":"2025-10-16T20:22:36.351237Z","level":"warning","event":"The `airflow.decorators.dag` attribute is deprecated. Please use `'airflow.sdk.dag'`.","category":"DeprecatedImportWarning","filename":"/opt/airflow/dags/salse2s3.py","lineno":7,"logger":"py.warnings"}
{"timestamp":"2025-10-16T20:22:36.351296Z","level":"warning","event":"The `airflow.decorators.task` attribute is deprecated. Please use `'airflow.sdk.task'`.","category":"DeprecatedImportWarning","filename":"/opt/airflow/dags/salse2s3.py","lineno":7,"logger":"py.warnings"}
{"timestamp":"2025-10-16T20:23:06.854633Z","level":"info","event":"Filling up the DagBag from /opt/airflow/dags/salse2s3.py","logger":"airflow.models.dagbag.DagBag","filename":"dagbag.py","lineno":593}
{"timestamp":"2025-10-16T20:23:06.880694Z","level":"warning","event":"The `airflow.decorators.dag` attribute is deprecated. Please use `'airflow.sdk.dag'`.","category":"DeprecatedImportWarning","filename":"/opt/airflow/dags/salse2s3.py","lineno":7,"logger":"py.warnings"}
{"timestamp":"2025-10-16T20:23:06.880771Z","level":"warning","event":"The `airflow.decorators.task` attribute is deprecated. Please use `'airflow.sdk.task'`.","category":"DeprecatedImportWarning","filename":"/opt/airflow/dags/salse2s3.py","lineno":7,"logger":"py.warnings"}
{"timestamp":"2025-10-16T20:23:37.294952Z","level":"info","event":"Filling up the DagBag from /opt/airflow/dags/salse2s3.py","logger":"airflow.models.dagbag.DagBag","filename":"dagbag.py","lineno":593}
{"timestamp":"2025-10-16T20:23:37.315801Z","level":"warning","event":"The `airflow.decorators.dag` attribute is deprecated. Please use `'airflow.sdk.dag'`.","category":"DeprecatedImportWarning","filename":"/opt/airflow/dags/salse2s3.py","lineno":7,"logger":"py.warnings"}
{"timestamp":"2025-10-16T20:23:37.315867Z","level":"warning","event":"The `airflow.decorators.task` attribute is deprecated. Please use `'airflow.sdk.task'`.","category":"DeprecatedImportWarning","filename":"/opt/airflow/dags/salse2s3.py","lineno":7,"logger":"py.warnings"}
{"timestamp":"2025-10-16T20:24:07.686089Z","level":"info","event":"Filling up the DagBag from /opt/airflow/dags/salse2s3.py","logger":"airflow.models.dagbag.DagBag","filename":"dagbag.py","lineno":593}
{"timestamp":"2025-10-16T20:24:07.707647Z","level":"warning","event":"The `airflow.decorators.dag` attribute is deprecated. Please use `'airflow.sdk.dag'`.","category":"DeprecatedImportWarning","filename":"/opt/airflow/dags/salse2s3.py","lineno":7,"logger":"py.warnings"}
{"timestamp":"2025-10-16T20:24:07.707849Z","level":"warning","event":"The `airflow.decorators.task` attribute is deprecated. Please use `'airflow.sdk.task'`.","category":"DeprecatedImportWarning","filename":"/opt/airflow/dags/salse2s3.py","lineno":7,"logger":"py.warnings"}
{"timestamp":"2025-10-16T20:24:38.127745Z","level":"info","event":"Filling up the DagBag from /opt/airflow/dags/salse2s3.py","logger":"airflow.models.dagbag.DagBag","filename":"dagbag.py","lineno":593}
{"timestamp":"2025-10-16T20:24:38.149757Z","level":"warning","event":"The `airflow.decorators.dag` attribute is deprecated. Please use `'airflow.sdk.dag'`.","category":"DeprecatedImportWarning","filename":"/opt/airflow/dags/salse2s3.py","lineno":7,"logger":"py.warnings"}
{"timestamp":"2025-10-16T20:24:38.149978Z","level":"warning","event":"The `airflow.decorators.task` attribute is deprecated. Please use `'airflow.sdk.task'`.","category":"DeprecatedImportWarning","filename":"/opt/airflow/dags/salse2s3.py","lineno":7,"logger":"py.warnings"}
{"timestamp":"2025-10-16T20:25:08.540866Z","level":"info","event":"Filling up the DagBag from /opt/airflow/dags/salse2s3.py","logger":"airflow.models.dagbag.DagBag","filename":"dagbag.py","lineno":593}
{"timestamp":"2025-10-16T20:25:08.560637Z","level":"warning","event":"The `airflow.decorators.dag` attribute is deprecated. Please use `'airflow.sdk.dag'`.","category":"DeprecatedImportWarning","filename":"/opt/airflow/dags/salse2s3.py","lineno":7,"logger":"py.warnings"}
{"timestamp":"2025-10-16T20:25:08.560708Z","level":"warning","event":"The `airflow.decorators.task` attribute is deprecated. Please use `'airflow.sdk.task'`.","category":"DeprecatedImportWarning","filename":"/opt/airflow/dags/salse2s3.py","lineno":7,"logger":"py.warnings"}
{"timestamp":"2025-10-16T20:25:38.961628Z","level":"info","event":"Filling up the DagBag from /opt/airflow/dags/salse2s3.py","logger":"airflow.models.dagbag.DagBag","filename":"dagbag.py","lineno":593}
{"timestamp":"2025-10-16T20:25:38.981532Z","level":"warning","event":"The `airflow.decorators.dag` attribute is deprecated. Please use `'airflow.sdk.dag'`.","category":"DeprecatedImportWarning","filename":"/opt/airflow/dags/salse2s3.py","lineno":7,"logger":"py.warnings"}
{"timestamp":"2025-10-16T20:25:38.981609Z","level":"warning","event":"The `airflow.decorators.task` attribute is deprecated. Please use `'airflow.sdk.task'`.","category":"DeprecatedImportWarning","filename":"/opt/airflow/dags/salse2s3.py","lineno":7,"logger":"py.warnings"}
{"timestamp":"2025-10-16T20:26:09.333628Z","level":"info","event":"Filling up the DagBag from /opt/airflow/dags/salse2s3.py","logger":"airflow.models.dagbag.DagBag","filename":"dagbag.py","lineno":593}
{"timestamp":"2025-10-16T20:26:09.355074Z","level":"warning","event":"The `airflow.decorators.dag` attribute is deprecated. Please use `'airflow.sdk.dag'`.","category":"DeprecatedImportWarning","filename":"/opt/airflow/dags/salse2s3.py","lineno":7,"logger":"py.warnings"}
{"timestamp":"2025-10-16T20:26:09.355142Z","level":"warning","event":"The `airflow.decorators.task` attribute is deprecated. Please use `'airflow.sdk.task'`.","category":"DeprecatedImportWarning","filename":"/opt/airflow/dags/salse2s3.py","lineno":7,"logger":"py.warnings"}
{"timestamp":"2025-10-16T20:26:39.803393Z","level":"info","event":"Filling up the DagBag from /opt/airflow/dags/salse2s3.py","logger":"airflow.models.dagbag.DagBag","filename":"dagbag.py","lineno":593}
{"timestamp":"2025-10-16T20:26:39.827137Z","level":"warning","event":"The `airflow.decorators.dag` attribute is deprecated. Please use `'airflow.sdk.dag'`.","category":"DeprecatedImportWarning","filename":"/opt/airflow/dags/salse2s3.py","lineno":7,"logger":"py.warnings"}
{"timestamp":"2025-10-16T20:26:39.827337Z","level":"warning","event":"The `airflow.decorators.task` attribute is deprecated. Please use `'airflow.sdk.task'`.","category":"DeprecatedImportWarning","filename":"/opt/airflow/dags/salse2s3.py","lineno":7,"logger":"py.warnings"}
{"timestamp":"2025-10-16T20:27:10.280165Z","level":"info","event":"Filling up the DagBag from /opt/airflow/dags/salse2s3.py","logger":"airflow.models.dagbag.DagBag","filename":"dagbag.py","lineno":593}
{"timestamp":"2025-10-16T20:27:10.301522Z","level":"warning","event":"The `airflow.decorators.dag` attribute is deprecated. Please use `'airflow.sdk.dag'`.","category":"DeprecatedImportWarning","filename":"/opt/airflow/dags/salse2s3.py","lineno":7,"logger":"py.warnings"}
{"timestamp":"2025-10-16T20:27:10.301610Z","level":"warning","event":"The `airflow.decorators.task` attribute is deprecated. Please use `'airflow.sdk.task'`.","category":"DeprecatedImportWarning","filename":"/opt/airflow/dags/salse2s3.py","lineno":7,"logger":"py.warnings"}
{"timestamp":"2025-10-16T20:27:40.712253Z","level":"info","event":"Filling up the DagBag from /opt/airflow/dags/salse2s3.py","logger":"airflow.models.dagbag.DagBag","filename":"dagbag.py","lineno":593}
{"timestamp":"2025-10-16T20:27:40.731562Z","level":"warning","event":"The `airflow.decorators.dag` attribute is deprecated. Please use `'airflow.sdk.dag'`.","category":"DeprecatedImportWarning","filename":"/opt/airflow/dags/salse2s3.py","lineno":7,"logger":"py.warnings"}
{"timestamp":"2025-10-16T20:27:40.731642Z","level":"warning","event":"The `airflow.decorators.task` attribute is deprecated. Please use `'airflow.sdk.task'`.","category":"DeprecatedImportWarning","filename":"/opt/airflow/dags/salse2s3.py","lineno":7,"logger":"py.warnings"}
{"timestamp":"2025-10-16T20:28:11.200357Z","level":"info","event":"Filling up the DagBag from /opt/airflow/dags/salse2s3.py","logger":"airflow.models.dagbag.DagBag","filename":"dagbag.py","lineno":593}
{"timestamp":"2025-10-16T20:28:11.218840Z","level":"warning","event":"The `airflow.decorators.dag` attribute is deprecated. Please use `'airflow.sdk.dag'`.","category":"DeprecatedImportWarning","filename":"/opt/airflow/dags/salse2s3.py","lineno":7,"logger":"py.warnings"}
{"timestamp":"2025-10-16T20:28:11.219029Z","level":"warning","event":"The `airflow.decorators.task` attribute is deprecated. Please use `'airflow.sdk.task'`.","category":"DeprecatedImportWarning","filename":"/opt/airflow/dags/salse2s3.py","lineno":7,"logger":"py.warnings"}
{"timestamp":"2025-10-16T20:28:41.681314Z","level":"info","event":"Filling up the DagBag from /opt/airflow/dags/salse2s3.py","logger":"airflow.models.dagbag.DagBag","filename":"dagbag.py","lineno":593}
{"timestamp":"2025-10-16T20:28:41.708031Z","level":"warning","event":"The `airflow.decorators.dag` attribute is deprecated. Please use `'airflow.sdk.dag'`.","category":"DeprecatedImportWarning","filename":"/opt/airflow/dags/salse2s3.py","lineno":7,"logger":"py.warnings"}
{"timestamp":"2025-10-16T20:28:41.708104Z","level":"warning","event":"The `airflow.decorators.task` attribute is deprecated. Please use `'airflow.sdk.task'`.","category":"DeprecatedImportWarning","filename":"/opt/airflow/dags/salse2s3.py","lineno":7,"logger":"py.warnings"}
{"timestamp":"2025-10-16T20:29:12.135216Z","level":"info","event":"Filling up the DagBag from /opt/airflow/dags/salse2s3.py","logger":"airflow.models.dagbag.DagBag","filename":"dagbag.py","lineno":593}
{"timestamp":"2025-10-16T20:29:12.152911Z","level":"warning","event":"The `airflow.decorators.dag` attribute is deprecated. Please use `'airflow.sdk.dag'`.","category":"DeprecatedImportWarning","filename":"/opt/airflow/dags/salse2s3.py","lineno":7,"logger":"py.warnings"}
{"timestamp":"2025-10-16T20:29:12.152983Z","level":"warning","event":"The `airflow.decorators.task` attribute is deprecated. Please use `'airflow.sdk.task'`.","category":"DeprecatedImportWarning","filename":"/opt/airflow/dags/salse2s3.py","lineno":7,"logger":"py.warnings"}
{"timestamp":"2025-10-16T20:29:42.545893Z","level":"info","event":"Filling up the DagBag from /opt/airflow/dags/salse2s3.py","logger":"airflow.models.dagbag.DagBag","filename":"dagbag.py","lineno":593}
{"timestamp":"2025-10-16T20:29:42.562617Z","level":"warning","event":"The `airflow.decorators.dag` attribute is deprecated. Please use `'airflow.sdk.dag'`.","category":"DeprecatedImportWarning","filename":"/opt/airflow/dags/salse2s3.py","lineno":7,"logger":"py.warnings"}
{"timestamp":"2025-10-16T20:29:42.562684Z","level":"warning","event":"The `airflow.decorators.task` attribute is deprecated. Please use `'airflow.sdk.task'`.","category":"DeprecatedImportWarning","filename":"/opt/airflow/dags/salse2s3.py","lineno":7,"logger":"py.warnings"}
{"timestamp":"2025-10-16T20:30:12.994638Z","level":"info","event":"Filling up the DagBag from /opt/airflow/dags/salse2s3.py","logger":"airflow.models.dagbag.DagBag","filename":"dagbag.py","lineno":593}
{"timestamp":"2025-10-16T20:30:13.019996Z","level":"warning","event":"The `airflow.decorators.dag` attribute is deprecated. Please use `'airflow.sdk.dag'`.","category":"DeprecatedImportWarning","filename":"/opt/airflow/dags/salse2s3.py","lineno":7,"logger":"py.warnings"}
{"timestamp":"2025-10-16T20:30:13.020100Z","level":"warning","event":"The `airflow.decorators.task` attribute is deprecated. Please use `'airflow.sdk.task'`.","category":"DeprecatedImportWarning","filename":"/opt/airflow/dags/salse2s3.py","lineno":7,"logger":"py.warnings"}
{"timestamp":"2025-10-16T20:30:43.492788Z","level":"info","event":"Filling up the DagBag from /opt/airflow/dags/salse2s3.py","logger":"airflow.models.dagbag.DagBag","filename":"dagbag.py","lineno":593}
{"timestamp":"2025-10-16T20:30:43.512151Z","level":"warning","event":"The `airflow.decorators.dag` attribute is deprecated. Please use `'airflow.sdk.dag'`.","category":"DeprecatedImportWarning","filename":"/opt/airflow/dags/salse2s3.py","lineno":7,"logger":"py.warnings"}
{"timestamp":"2025-10-16T20:30:43.512320Z","level":"warning","event":"The `airflow.decorators.task` attribute is deprecated. Please use `'airflow.sdk.task'`.","category":"DeprecatedImportWarning","filename":"/opt/airflow/dags/salse2s3.py","lineno":7,"logger":"py.warnings"}
{"timestamp":"2025-10-16T20:31:13.864039Z","level":"info","event":"Filling up the DagBag from /opt/airflow/dags/salse2s3.py","logger":"airflow.models.dagbag.DagBag","filename":"dagbag.py","lineno":593}
{"timestamp":"2025-10-16T20:31:13.879861Z","level":"warning","event":"The `airflow.decorators.dag` attribute is deprecated. Please use `'airflow.sdk.dag'`.","category":"DeprecatedImportWarning","filename":"/opt/airflow/dags/salse2s3.py","lineno":7,"logger":"py.warnings"}
{"timestamp":"2025-10-16T20:31:13.880046Z","level":"warning","event":"The `airflow.decorators.task` attribute is deprecated. Please use `'airflow.sdk.task'`.","category":"DeprecatedImportWarning","filename":"/opt/airflow/dags/salse2s3.py","lineno":7,"logger":"py.warnings"}
{"timestamp":"2025-10-16T20:31:44.275121Z","level":"info","event":"Filling up the DagBag from /opt/airflow/dags/salse2s3.py","logger":"airflow.models.dagbag.DagBag","filename":"dagbag.py","lineno":593}
{"timestamp":"2025-10-16T20:31:44.293635Z","level":"warning","event":"The `airflow.decorators.dag` attribute is deprecated. Please use `'airflow.sdk.dag'`.","category":"DeprecatedImportWarning","filename":"/opt/airflow/dags/salse2s3.py","lineno":7,"logger":"py.warnings"}
{"timestamp":"2025-10-16T20:31:44.293705Z","level":"warning","event":"The `airflow.decorators.task` attribute is deprecated. Please use `'airflow.sdk.task'`.","category":"DeprecatedImportWarning","filename":"/opt/airflow/dags/salse2s3.py","lineno":7,"logger":"py.warnings"}
{"timestamp":"2025-10-16T20:32:14.654433Z","level":"info","event":"Filling up the DagBag from /opt/airflow/dags/salse2s3.py","logger":"airflow.models.dagbag.DagBag","filename":"dagbag.py","lineno":593}
{"timestamp":"2025-10-16T20:32:14.669481Z","level":"warning","event":"The `airflow.decorators.dag` attribute is deprecated. Please use `'airflow.sdk.dag'`.","category":"DeprecatedImportWarning","filename":"/opt/airflow/dags/salse2s3.py","lineno":7,"logger":"py.warnings"}
{"timestamp":"2025-10-16T20:32:14.669686Z","level":"warning","event":"The `airflow.decorators.task` attribute is deprecated. Please use `'airflow.sdk.task'`.","category":"DeprecatedImportWarning","filename":"/opt/airflow/dags/salse2s3.py","lineno":7,"logger":"py.warnings"}
{"timestamp":"2025-10-16T20:32:45.087925Z","level":"info","event":"Filling up the DagBag from /opt/airflow/dags/salse2s3.py","logger":"airflow.models.dagbag.DagBag","filename":"dagbag.py","lineno":593}
{"timestamp":"2025-10-16T20:32:45.105577Z","level":"warning","event":"The `airflow.decorators.dag` attribute is deprecated. Please use `'airflow.sdk.dag'`.","category":"DeprecatedImportWarning","filename":"/opt/airflow/dags/salse2s3.py","lineno":7,"logger":"py.warnings"}
{"timestamp":"2025-10-16T20:32:45.105642Z","level":"warning","event":"The `airflow.decorators.task` attribute is deprecated. Please use `'airflow.sdk.task'`.","category":"DeprecatedImportWarning","filename":"/opt/airflow/dags/salse2s3.py","lineno":7,"logger":"py.warnings"}
{"timestamp":"2025-10-16T20:33:15.462406Z","level":"info","event":"Filling up the DagBag from /opt/airflow/dags/salse2s3.py","logger":"airflow.models.dagbag.DagBag","filename":"dagbag.py","lineno":593}
{"timestamp":"2025-10-16T20:33:15.482001Z","level":"warning","event":"The `airflow.decorators.dag` attribute is deprecated. Please use `'airflow.sdk.dag'`.","category":"DeprecatedImportWarning","filename":"/opt/airflow/dags/salse2s3.py","lineno":7,"logger":"py.warnings"}
{"timestamp":"2025-10-16T20:33:15.482203Z","level":"warning","event":"The `airflow.decorators.task` attribute is deprecated. Please use `'airflow.sdk.task'`.","category":"DeprecatedImportWarning","filename":"/opt/airflow/dags/salse2s3.py","lineno":7,"logger":"py.warnings"}
{"timestamp":"2025-10-16T20:33:45.862556Z","level":"info","event":"Filling up the DagBag from /opt/airflow/dags/salse2s3.py","logger":"airflow.models.dagbag.DagBag","filename":"dagbag.py","lineno":593}
{"timestamp":"2025-10-16T20:33:45.881007Z","level":"warning","event":"The `airflow.decorators.dag` attribute is deprecated. Please use `'airflow.sdk.dag'`.","category":"DeprecatedImportWarning","filename":"/opt/airflow/dags/salse2s3.py","lineno":7,"logger":"py.warnings"}
{"timestamp":"2025-10-16T20:33:45.881079Z","level":"warning","event":"The `airflow.decorators.task` attribute is deprecated. Please use `'airflow.sdk.task'`.","category":"DeprecatedImportWarning","filename":"/opt/airflow/dags/salse2s3.py","lineno":7,"logger":"py.warnings"}
{"timestamp":"2025-10-16T20:34:16.291716Z","level":"info","event":"Filling up the DagBag from /opt/airflow/dags/salse2s3.py","logger":"airflow.models.dagbag.DagBag","filename":"dagbag.py","lineno":593}
{"timestamp":"2025-10-16T20:34:16.309401Z","level":"warning","event":"The `airflow.decorators.dag` attribute is deprecated. Please use `'airflow.sdk.dag'`.","category":"DeprecatedImportWarning","filename":"/opt/airflow/dags/salse2s3.py","lineno":7,"logger":"py.warnings"}
{"timestamp":"2025-10-16T20:34:16.309464Z","level":"warning","event":"The `airflow.decorators.task` attribute is deprecated. Please use `'airflow.sdk.task'`.","category":"DeprecatedImportWarning","filename":"/opt/airflow/dags/salse2s3.py","lineno":7,"logger":"py.warnings"}
{"timestamp":"2025-10-16T20:34:46.680683Z","level":"info","event":"Filling up the DagBag from /opt/airflow/dags/salse2s3.py","logger":"airflow.models.dagbag.DagBag","filename":"dagbag.py","lineno":593}
{"timestamp":"2025-10-16T20:34:46.696437Z","level":"warning","event":"The `airflow.decorators.dag` attribute is deprecated. Please use `'airflow.sdk.dag'`.","category":"DeprecatedImportWarning","filename":"/opt/airflow/dags/salse2s3.py","lineno":7,"logger":"py.warnings"}
{"timestamp":"2025-10-16T20:34:46.696499Z","level":"warning","event":"The `airflow.decorators.task` attribute is deprecated. Please use `'airflow.sdk.task'`.","category":"DeprecatedImportWarning","filename":"/opt/airflow/dags/salse2s3.py","lineno":7,"logger":"py.warnings"}
{"timestamp":"2025-10-16T20:35:17.062983Z","level":"info","event":"Filling up the DagBag from /opt/airflow/dags/salse2s3.py","logger":"airflow.models.dagbag.DagBag","filename":"dagbag.py","lineno":593}
{"timestamp":"2025-10-16T20:35:17.080834Z","level":"warning","event":"The `airflow.decorators.dag` attribute is deprecated. Please use `'airflow.sdk.dag'`.","category":"DeprecatedImportWarning","filename":"/opt/airflow/dags/salse2s3.py","lineno":7,"logger":"py.warnings"}
{"timestamp":"2025-10-16T20:35:17.080905Z","level":"warning","event":"The `airflow.decorators.task` attribute is deprecated. Please use `'airflow.sdk.task'`.","category":"DeprecatedImportWarning","filename":"/opt/airflow/dags/salse2s3.py","lineno":7,"logger":"py.warnings"}
{"timestamp":"2025-10-16T20:35:47.301221Z","level":"info","event":"Filling up the DagBag from /opt/airflow/dags/salse2s3.py","logger":"airflow.models.dagbag.DagBag","filename":"dagbag.py","lineno":593}
{"timestamp":"2025-10-16T20:35:47.325222Z","level":"warning","event":"The `airflow.decorators.dag` attribute is deprecated. Please use `'airflow.sdk.dag'`.","category":"DeprecatedImportWarning","filename":"/opt/airflow/dags/salse2s3.py","lineno":7,"logger":"py.warnings"}
{"timestamp":"2025-10-16T20:35:47.325394Z","level":"warning","event":"The `airflow.decorators.task` attribute is deprecated. Please use `'airflow.sdk.task'`.","category":"DeprecatedImportWarning","filename":"/opt/airflow/dags/salse2s3.py","lineno":7,"logger":"py.warnings"}
{"timestamp":"2025-10-16T20:36:17.872642Z","level":"info","event":"Filling up the DagBag from /opt/airflow/dags/salse2s3.py","logger":"airflow.models.dagbag.DagBag","filename":"dagbag.py","lineno":593}
{"timestamp":"2025-10-16T20:36:17.886574Z","level":"warning","event":"The `airflow.decorators.dag` attribute is deprecated. Please use `'airflow.sdk.dag'`.","category":"DeprecatedImportWarning","filename":"/opt/airflow/dags/salse2s3.py","lineno":7,"logger":"py.warnings"}
{"timestamp":"2025-10-16T20:36:17.886638Z","level":"warning","event":"The `airflow.decorators.task` attribute is deprecated. Please use `'airflow.sdk.task'`.","category":"DeprecatedImportWarning","filename":"/opt/airflow/dags/salse2s3.py","lineno":7,"logger":"py.warnings"}
{"timestamp":"2025-10-16T20:36:48.352706Z","level":"info","event":"Filling up the DagBag from /opt/airflow/dags/salse2s3.py","logger":"airflow.models.dagbag.DagBag","filename":"dagbag.py","lineno":593}
{"timestamp":"2025-10-16T20:36:48.379710Z","level":"warning","event":"The `airflow.decorators.dag` attribute is deprecated. Please use `'airflow.sdk.dag'`.","category":"DeprecatedImportWarning","filename":"/opt/airflow/dags/salse2s3.py","lineno":7,"logger":"py.warnings"}
{"timestamp":"2025-10-16T20:36:48.379957Z","level":"warning","event":"The `airflow.decorators.task` attribute is deprecated. Please use `'airflow.sdk.task'`.","category":"DeprecatedImportWarning","filename":"/opt/airflow/dags/salse2s3.py","lineno":7,"logger":"py.warnings"}
{"timestamp":"2025-10-16T20:51:56.614494Z","level":"info","event":"Filling up the DagBag from /opt/airflow/dags/salse2s3.py","logger":"airflow.models.dagbag.DagBag","filename":"dagbag.py","lineno":593}
{"timestamp":"2025-10-16T20:51:56.625365Z","level":"warning","event":"The `airflow.decorators.dag` attribute is deprecated. Please use `'airflow.sdk.dag'`.","category":"DeprecatedImportWarning","filename":"/opt/airflow/dags/salse2s3.py","lineno":7,"logger":"py.warnings"}
{"timestamp":"2025-10-16T20:51:56.625445Z","level":"warning","event":"The `airflow.decorators.task` attribute is deprecated. Please use `'airflow.sdk.task'`.","category":"DeprecatedImportWarning","filename":"/opt/airflow/dags/salse2s3.py","lineno":7,"logger":"py.warnings"}
{"timestamp":"2025-10-16T20:52:27.047533Z","level":"info","event":"Filling up the DagBag from /opt/airflow/dags/salse2s3.py","logger":"airflow.models.dagbag.DagBag","filename":"dagbag.py","lineno":593}
{"timestamp":"2025-10-16T20:52:27.061655Z","level":"warning","event":"The `airflow.decorators.dag` attribute is deprecated. Please use `'airflow.sdk.dag'`.","category":"DeprecatedImportWarning","filename":"/opt/airflow/dags/salse2s3.py","lineno":7,"logger":"py.warnings"}
{"timestamp":"2025-10-16T20:52:27.061719Z","level":"warning","event":"The `airflow.decorators.task` attribute is deprecated. Please use `'airflow.sdk.task'`.","category":"DeprecatedImportWarning","filename":"/opt/airflow/dags/salse2s3.py","lineno":7,"logger":"py.warnings"}
{"timestamp":"2025-10-16T21:07:58.106791Z","level":"info","event":"Filling up the DagBag from /opt/airflow/dags/salse2s3.py","logger":"airflow.models.dagbag.DagBag","filename":"dagbag.py","lineno":593}
{"timestamp":"2025-10-16T21:07:58.122150Z","level":"warning","event":"The `airflow.decorators.dag` attribute is deprecated. Please use `'airflow.sdk.dag'`.","category":"DeprecatedImportWarning","filename":"/opt/airflow/dags/salse2s3.py","lineno":7,"logger":"py.warnings"}
{"timestamp":"2025-10-16T21:07:58.122310Z","level":"warning","event":"The `airflow.decorators.task` attribute is deprecated. Please use `'airflow.sdk.task'`.","category":"DeprecatedImportWarning","filename":"/opt/airflow/dags/salse2s3.py","lineno":7,"logger":"py.warnings"}
{"timestamp":"2025-10-16T21:25:19.105345Z","level":"info","event":"Filling up the DagBag from /opt/airflow/dags/salse2s3.py","logger":"airflow.models.dagbag.DagBag","filename":"dagbag.py","lineno":593}
{"timestamp":"2025-10-16T21:25:19.121107Z","level":"warning","event":"The `airflow.decorators.dag` attribute is deprecated. Please use `'airflow.sdk.dag'`.","category":"DeprecatedImportWarning","filename":"/opt/airflow/dags/salse2s3.py","lineno":7,"logger":"py.warnings"}
{"timestamp":"2025-10-16T21:25:19.121311Z","level":"warning","event":"The `airflow.decorators.task` attribute is deprecated. Please use `'airflow.sdk.task'`.","category":"DeprecatedImportWarning","filename":"/opt/airflow/dags/salse2s3.py","lineno":7,"logger":"py.warnings"}
{"timestamp":"2025-10-16T21:25:49.606474Z","level":"info","event":"Filling up the DagBag from /opt/airflow/dags/salse2s3.py","logger":"airflow.models.dagbag.DagBag","filename":"dagbag.py","lineno":593}
{"timestamp":"2025-10-16T21:25:49.624386Z","level":"warning","event":"The `airflow.decorators.dag` attribute is deprecated. Please use `'airflow.sdk.dag'`.","category":"DeprecatedImportWarning","filename":"/opt/airflow/dags/salse2s3.py","lineno":7,"logger":"py.warnings"}
{"timestamp":"2025-10-16T21:25:49.624445Z","level":"warning","event":"The `airflow.decorators.task` attribute is deprecated. Please use `'airflow.sdk.task'`.","category":"DeprecatedImportWarning","filename":"/opt/airflow/dags/salse2s3.py","lineno":7,"logger":"py.warnings"}
{"timestamp":"2025-10-16T21:42:05.981308Z","level":"info","event":"Filling up the DagBag from /opt/airflow/dags/salse2s3.py","logger":"airflow.models.dagbag.DagBag","filename":"dagbag.py","lineno":593}
{"timestamp":"2025-10-16T21:42:06.004480Z","level":"warning","event":"The `airflow.decorators.dag` attribute is deprecated. Please use `'airflow.sdk.dag'`.","category":"DeprecatedImportWarning","filename":"/opt/airflow/dags/salse2s3.py","lineno":7,"logger":"py.warnings"}
{"timestamp":"2025-10-16T21:42:06.004552Z","level":"warning","event":"The `airflow.decorators.task` attribute is deprecated. Please use `'airflow.sdk.task'`.","category":"DeprecatedImportWarning","filename":"/opt/airflow/dags/salse2s3.py","lineno":7,"logger":"py.warnings"}
{"timestamp":"2025-10-16T21:59:25.848158Z","level":"info","event":"Filling up the DagBag from /opt/airflow/dags/salse2s3.py","logger":"airflow.models.dagbag.DagBag","filename":"dagbag.py","lineno":593}
{"timestamp":"2025-10-16T21:59:25.869437Z","level":"warning","event":"The `airflow.decorators.dag` attribute is deprecated. Please use `'airflow.sdk.dag'`.","category":"DeprecatedImportWarning","filename":"/opt/airflow/dags/salse2s3.py","lineno":7,"logger":"py.warnings"}
{"timestamp":"2025-10-16T21:59:25.869497Z","level":"warning","event":"The `airflow.decorators.task` attribute is deprecated. Please use `'airflow.sdk.task'`.","category":"DeprecatedImportWarning","filename":"/opt/airflow/dags/salse2s3.py","lineno":7,"logger":"py.warnings"}
{"timestamp":"2025-10-16T21:59:56.377917Z","level":"info","event":"Filling up the DagBag from /opt/airflow/dags/salse2s3.py","logger":"airflow.models.dagbag.DagBag","filename":"dagbag.py","lineno":593}
{"timestamp":"2025-10-16T21:59:56.397658Z","level":"warning","event":"The `airflow.decorators.dag` attribute is deprecated. Please use `'airflow.sdk.dag'`.","category":"DeprecatedImportWarning","filename":"/opt/airflow/dags/salse2s3.py","lineno":7,"logger":"py.warnings"}
{"timestamp":"2025-10-16T21:59:56.397844Z","level":"warning","event":"The `airflow.decorators.task` attribute is deprecated. Please use `'airflow.sdk.task'`.","category":"DeprecatedImportWarning","filename":"/opt/airflow/dags/salse2s3.py","lineno":7,"logger":"py.warnings"}
{"timestamp":"2025-10-16T22:00:26.867413Z","level":"info","event":"Filling up the DagBag from /opt/airflow/dags/salse2s3.py","logger":"airflow.models.dagbag.DagBag","filename":"dagbag.py","lineno":593}
{"timestamp":"2025-10-16T22:00:26.885812Z","level":"warning","event":"The `airflow.decorators.dag` attribute is deprecated. Please use `'airflow.sdk.dag'`.","category":"DeprecatedImportWarning","filename":"/opt/airflow/dags/salse2s3.py","lineno":7,"logger":"py.warnings"}
{"timestamp":"2025-10-16T22:00:26.885973Z","level":"warning","event":"The `airflow.decorators.task` attribute is deprecated. Please use `'airflow.sdk.task'`.","category":"DeprecatedImportWarning","filename":"/opt/airflow/dags/salse2s3.py","lineno":7,"logger":"py.warnings"}
{"timestamp":"2025-10-16T22:00:57.380002Z","level":"info","event":"Filling up the DagBag from /opt/airflow/dags/salse2s3.py","logger":"airflow.models.dagbag.DagBag","filename":"dagbag.py","lineno":593}
{"timestamp":"2025-10-16T22:00:57.416494Z","level":"warning","event":"The `airflow.decorators.dag` attribute is deprecated. Please use `'airflow.sdk.dag'`.","category":"DeprecatedImportWarning","filename":"/opt/airflow/dags/salse2s3.py","lineno":7,"logger":"py.warnings"}
{"timestamp":"2025-10-16T22:00:57.416562Z","level":"warning","event":"The `airflow.decorators.task` attribute is deprecated. Please use `'airflow.sdk.task'`.","category":"DeprecatedImportWarning","filename":"/opt/airflow/dags/salse2s3.py","lineno":7,"logger":"py.warnings"}
{"timestamp":"2025-10-16T22:01:27.861780Z","level":"info","event":"Filling up the DagBag from /opt/airflow/dags/salse2s3.py","logger":"airflow.models.dagbag.DagBag","filename":"dagbag.py","lineno":593}
{"timestamp":"2025-10-16T22:01:27.879090Z","level":"warning","event":"The `airflow.decorators.dag` attribute is deprecated. Please use `'airflow.sdk.dag'`.","category":"DeprecatedImportWarning","filename":"/opt/airflow/dags/salse2s3.py","lineno":7,"logger":"py.warnings"}
{"timestamp":"2025-10-16T22:01:27.879244Z","level":"warning","event":"The `airflow.decorators.task` attribute is deprecated. Please use `'airflow.sdk.task'`.","category":"DeprecatedImportWarning","filename":"/opt/airflow/dags/salse2s3.py","lineno":7,"logger":"py.warnings"}
{"timestamp":"2025-10-16T22:01:58.322509Z","level":"info","event":"Filling up the DagBag from /opt/airflow/dags/salse2s3.py","logger":"airflow.models.dagbag.DagBag","filename":"dagbag.py","lineno":593}
{"timestamp":"2025-10-16T22:01:58.336625Z","level":"warning","event":"The `airflow.decorators.dag` attribute is deprecated. Please use `'airflow.sdk.dag'`.","category":"DeprecatedImportWarning","filename":"/opt/airflow/dags/salse2s3.py","lineno":7,"logger":"py.warnings"}
{"timestamp":"2025-10-16T22:01:58.336800Z","level":"warning","event":"The `airflow.decorators.task` attribute is deprecated. Please use `'airflow.sdk.task'`.","category":"DeprecatedImportWarning","filename":"/opt/airflow/dags/salse2s3.py","lineno":7,"logger":"py.warnings"}
{"timestamp":"2025-10-16T22:20:09.200876Z","level":"info","event":"Filling up the DagBag from /opt/airflow/dags/salse2s3.py","logger":"airflow.models.dagbag.DagBag","filename":"dagbag.py","lineno":593}
{"timestamp":"2025-10-16T22:20:09.222412Z","level":"warning","event":"The `airflow.decorators.dag` attribute is deprecated. Please use `'airflow.sdk.dag'`.","category":"DeprecatedImportWarning","filename":"/opt/airflow/dags/salse2s3.py","lineno":7,"logger":"py.warnings"}
{"timestamp":"2025-10-16T22:20:09.222599Z","level":"warning","event":"The `airflow.decorators.task` attribute is deprecated. Please use `'airflow.sdk.task'`.","category":"DeprecatedImportWarning","filename":"/opt/airflow/dags/salse2s3.py","lineno":7,"logger":"py.warnings"}
{"timestamp":"2025-10-16T22:20:39.669420Z","level":"info","event":"Filling up the DagBag from /opt/airflow/dags/salse2s3.py","logger":"airflow.models.dagbag.DagBag","filename":"dagbag.py","lineno":593}
{"timestamp":"2025-10-16T22:20:39.686961Z","level":"warning","event":"The `airflow.decorators.dag` attribute is deprecated. Please use `'airflow.sdk.dag'`.","category":"DeprecatedImportWarning","filename":"/opt/airflow/dags/salse2s3.py","lineno":7,"logger":"py.warnings"}
{"timestamp":"2025-10-16T22:20:39.687125Z","level":"warning","event":"The `airflow.decorators.task` attribute is deprecated. Please use `'airflow.sdk.task'`.","category":"DeprecatedImportWarning","filename":"/opt/airflow/dags/salse2s3.py","lineno":7,"logger":"py.warnings"}
{"timestamp":"2025-10-16T22:21:10.087304Z","level":"info","event":"Filling up the DagBag from /opt/airflow/dags/salse2s3.py","logger":"airflow.models.dagbag.DagBag","filename":"dagbag.py","lineno":593}
{"timestamp":"2025-10-16T22:21:10.100072Z","level":"warning","event":"The `airflow.decorators.dag` attribute is deprecated. Please use `'airflow.sdk.dag'`.","category":"DeprecatedImportWarning","filename":"/opt/airflow/dags/salse2s3.py","lineno":7,"logger":"py.warnings"}
{"timestamp":"2025-10-16T22:21:10.100253Z","level":"warning","event":"The `airflow.decorators.task` attribute is deprecated. Please use `'airflow.sdk.task'`.","category":"DeprecatedImportWarning","filename":"/opt/airflow/dags/salse2s3.py","lineno":7,"logger":"py.warnings"}
{"timestamp":"2025-10-16T22:21:40.618152Z","level":"info","event":"Filling up the DagBag from /opt/airflow/dags/salse2s3.py","logger":"airflow.models.dagbag.DagBag","filename":"dagbag.py","lineno":593}
{"timestamp":"2025-10-16T22:21:40.635146Z","level":"warning","event":"The `airflow.decorators.dag` attribute is deprecated. Please use `'airflow.sdk.dag'`.","category":"DeprecatedImportWarning","filename":"/opt/airflow/dags/salse2s3.py","lineno":7,"logger":"py.warnings"}
{"timestamp":"2025-10-16T22:21:40.635316Z","level":"warning","event":"The `airflow.decorators.task` attribute is deprecated. Please use `'airflow.sdk.task'`.","category":"DeprecatedImportWarning","filename":"/opt/airflow/dags/salse2s3.py","lineno":7,"logger":"py.warnings"}
{"timestamp":"2025-10-16T22:22:11.136854Z","level":"info","event":"Filling up the DagBag from /opt/airflow/dags/salse2s3.py","logger":"airflow.models.dagbag.DagBag","filename":"dagbag.py","lineno":593}
{"timestamp":"2025-10-16T22:22:11.152046Z","level":"warning","event":"The `airflow.decorators.dag` attribute is deprecated. Please use `'airflow.sdk.dag'`.","category":"DeprecatedImportWarning","filename":"/opt/airflow/dags/salse2s3.py","lineno":7,"logger":"py.warnings"}
{"timestamp":"2025-10-16T22:22:11.152105Z","level":"warning","event":"The `airflow.decorators.task` attribute is deprecated. Please use `'airflow.sdk.task'`.","category":"DeprecatedImportWarning","filename":"/opt/airflow/dags/salse2s3.py","lineno":7,"logger":"py.warnings"}
{"timestamp":"2025-10-16T22:22:41.616710Z","level":"info","event":"Filling up the DagBag from /opt/airflow/dags/salse2s3.py","logger":"airflow.models.dagbag.DagBag","filename":"dagbag.py","lineno":593}
{"timestamp":"2025-10-16T22:22:41.635978Z","level":"warning","event":"The `airflow.decorators.dag` attribute is deprecated. Please use `'airflow.sdk.dag'`.","category":"DeprecatedImportWarning","filename":"/opt/airflow/dags/salse2s3.py","lineno":7,"logger":"py.warnings"}
{"timestamp":"2025-10-16T22:22:41.636061Z","level":"warning","event":"The `airflow.decorators.task` attribute is deprecated. Please use `'airflow.sdk.task'`.","category":"DeprecatedImportWarning","filename":"/opt/airflow/dags/salse2s3.py","lineno":7,"logger":"py.warnings"}
{"timestamp":"2025-10-16T22:23:12.096892Z","level":"info","event":"Filling up the DagBag from /opt/airflow/dags/salse2s3.py","logger":"airflow.models.dagbag.DagBag","filename":"dagbag.py","lineno":593}
{"timestamp":"2025-10-16T22:23:12.112689Z","level":"warning","event":"The `airflow.decorators.dag` attribute is deprecated. Please use `'airflow.sdk.dag'`.","category":"DeprecatedImportWarning","filename":"/opt/airflow/dags/salse2s3.py","lineno":7,"logger":"py.warnings"}
{"timestamp":"2025-10-16T22:23:12.112746Z","level":"warning","event":"The `airflow.decorators.task` attribute is deprecated. Please use `'airflow.sdk.task'`.","category":"DeprecatedImportWarning","filename":"/opt/airflow/dags/salse2s3.py","lineno":7,"logger":"py.warnings"}
{"timestamp":"2025-10-16T22:23:42.594717Z","level":"info","event":"Filling up the DagBag from /opt/airflow/dags/salse2s3.py","logger":"airflow.models.dagbag.DagBag","filename":"dagbag.py","lineno":593}
{"timestamp":"2025-10-16T22:23:42.609895Z","level":"warning","event":"The `airflow.decorators.dag` attribute is deprecated. Please use `'airflow.sdk.dag'`.","category":"DeprecatedImportWarning","filename":"/opt/airflow/dags/salse2s3.py","lineno":7,"logger":"py.warnings"}
{"timestamp":"2025-10-16T22:23:42.610079Z","level":"warning","event":"The `airflow.decorators.task` attribute is deprecated. Please use `'airflow.sdk.task'`.","category":"DeprecatedImportWarning","filename":"/opt/airflow/dags/salse2s3.py","lineno":7,"logger":"py.warnings"}
{"timestamp":"2025-10-16T22:24:13.069821Z","level":"info","event":"Filling up the DagBag from /opt/airflow/dags/salse2s3.py","logger":"airflow.models.dagbag.DagBag","filename":"dagbag.py","lineno":593}
{"timestamp":"2025-10-16T22:24:13.083678Z","level":"warning","event":"The `airflow.decorators.dag` attribute is deprecated. Please use `'airflow.sdk.dag'`.","category":"DeprecatedImportWarning","filename":"/opt/airflow/dags/salse2s3.py","lineno":7,"logger":"py.warnings"}
{"timestamp":"2025-10-16T22:24:13.083743Z","level":"warning","event":"The `airflow.decorators.task` attribute is deprecated. Please use `'airflow.sdk.task'`.","category":"DeprecatedImportWarning","filename":"/opt/airflow/dags/salse2s3.py","lineno":7,"logger":"py.warnings"}
{"timestamp":"2025-10-16T22:24:43.510633Z","level":"info","event":"Filling up the DagBag from /opt/airflow/dags/salse2s3.py","logger":"airflow.models.dagbag.DagBag","filename":"dagbag.py","lineno":593}
{"timestamp":"2025-10-16T22:24:43.524571Z","level":"warning","event":"The `airflow.decorators.dag` attribute is deprecated. Please use `'airflow.sdk.dag'`.","category":"DeprecatedImportWarning","filename":"/opt/airflow/dags/salse2s3.py","lineno":7,"logger":"py.warnings"}
{"timestamp":"2025-10-16T22:24:43.524637Z","level":"warning","event":"The `airflow.decorators.task` attribute is deprecated. Please use `'airflow.sdk.task'`.","category":"DeprecatedImportWarning","filename":"/opt/airflow/dags/salse2s3.py","lineno":7,"logger":"py.warnings"}
{"timestamp":"2025-10-16T22:37:04.520328Z","level":"info","event":"Filling up the DagBag from /opt/airflow/dags/salse2s3.py","logger":"airflow.models.dagbag.DagBag","filename":"dagbag.py","lineno":593}
{"timestamp":"2025-10-16T22:37:04.540635Z","level":"warning","event":"The `airflow.decorators.dag` attribute is deprecated. Please use `'airflow.sdk.dag'`.","category":"DeprecatedImportWarning","filename":"/opt/airflow/dags/salse2s3.py","lineno":7,"logger":"py.warnings"}
{"timestamp":"2025-10-16T22:37:04.540690Z","level":"warning","event":"The `airflow.decorators.task` attribute is deprecated. Please use `'airflow.sdk.task'`.","category":"DeprecatedImportWarning","filename":"/opt/airflow/dags/salse2s3.py","lineno":7,"logger":"py.warnings"}
{"timestamp":"2025-10-16T22:53:19.367025Z","level":"info","event":"Filling up the DagBag from /opt/airflow/dags/salse2s3.py","logger":"airflow.models.dagbag.DagBag","filename":"dagbag.py","lineno":593}
{"timestamp":"2025-10-16T22:53:19.386204Z","level":"warning","event":"The `airflow.decorators.dag` attribute is deprecated. Please use `'airflow.sdk.dag'`.","category":"DeprecatedImportWarning","filename":"/opt/airflow/dags/salse2s3.py","lineno":7,"logger":"py.warnings"}
{"timestamp":"2025-10-16T22:53:19.386269Z","level":"warning","event":"The `airflow.decorators.task` attribute is deprecated. Please use `'airflow.sdk.task'`.","category":"DeprecatedImportWarning","filename":"/opt/airflow/dags/salse2s3.py","lineno":7,"logger":"py.warnings"}
{"timestamp":"2025-10-16T22:53:49.928585Z","level":"info","event":"Filling up the DagBag from /opt/airflow/dags/salse2s3.py","logger":"airflow.models.dagbag.DagBag","filename":"dagbag.py","lineno":593}
{"timestamp":"2025-10-16T22:53:49.950289Z","level":"warning","event":"The `airflow.decorators.dag` attribute is deprecated. Please use `'airflow.sdk.dag'`.","category":"DeprecatedImportWarning","filename":"/opt/airflow/dags/salse2s3.py","lineno":7,"logger":"py.warnings"}
{"timestamp":"2025-10-16T22:53:49.950543Z","level":"warning","event":"The `airflow.decorators.task` attribute is deprecated. Please use `'airflow.sdk.task'`.","category":"DeprecatedImportWarning","filename":"/opt/airflow/dags/salse2s3.py","lineno":7,"logger":"py.warnings"}
{"timestamp":"2025-10-16T23:09:34.812529Z","level":"info","event":"Filling up the DagBag from /opt/airflow/dags/salse2s3.py","logger":"airflow.models.dagbag.DagBag","filename":"dagbag.py","lineno":593}
{"timestamp":"2025-10-16T23:09:34.830431Z","level":"warning","event":"The `airflow.decorators.dag` attribute is deprecated. Please use `'airflow.sdk.dag'`.","category":"DeprecatedImportWarning","filename":"/opt/airflow/dags/salse2s3.py","lineno":7,"logger":"py.warnings"}
{"timestamp":"2025-10-16T23:09:34.830594Z","level":"warning","event":"The `airflow.decorators.task` attribute is deprecated. Please use `'airflow.sdk.task'`.","category":"DeprecatedImportWarning","filename":"/opt/airflow/dags/salse2s3.py","lineno":7,"logger":"py.warnings"}
{"timestamp":"2025-10-16T23:10:05.255098Z","level":"info","event":"Filling up the DagBag from /opt/airflow/dags/salse2s3.py","logger":"airflow.models.dagbag.DagBag","filename":"dagbag.py","lineno":593}
{"timestamp":"2025-10-16T23:10:05.272927Z","level":"warning","event":"The `airflow.decorators.dag` attribute is deprecated. Please use `'airflow.sdk.dag'`.","category":"DeprecatedImportWarning","filename":"/opt/airflow/dags/salse2s3.py","lineno":7,"logger":"py.warnings"}
{"timestamp":"2025-10-16T23:10:05.273102Z","level":"warning","event":"The `airflow.decorators.task` attribute is deprecated. Please use `'airflow.sdk.task'`.","category":"DeprecatedImportWarning","filename":"/opt/airflow/dags/salse2s3.py","lineno":7,"logger":"py.warnings"}
{"timestamp":"2025-10-16T23:10:35.724946Z","level":"info","event":"Filling up the DagBag from /opt/airflow/dags/salse2s3.py","logger":"airflow.models.dagbag.DagBag","filename":"dagbag.py","lineno":593}
{"timestamp":"2025-10-16T23:10:35.746837Z","level":"warning","event":"The `airflow.decorators.dag` attribute is deprecated. Please use `'airflow.sdk.dag'`.","category":"DeprecatedImportWarning","filename":"/opt/airflow/dags/salse2s3.py","lineno":7,"logger":"py.warnings"}
{"timestamp":"2025-10-16T23:10:35.747015Z","level":"warning","event":"The `airflow.decorators.task` attribute is deprecated. Please use `'airflow.sdk.task'`.","category":"DeprecatedImportWarning","filename":"/opt/airflow/dags/salse2s3.py","lineno":7,"logger":"py.warnings"}
{"timestamp":"2025-10-16T23:11:06.231622Z","level":"info","event":"Filling up the DagBag from /opt/airflow/dags/salse2s3.py","logger":"airflow.models.dagbag.DagBag","filename":"dagbag.py","lineno":593}
{"timestamp":"2025-10-16T23:11:06.248540Z","level":"warning","event":"The `airflow.decorators.dag` attribute is deprecated. Please use `'airflow.sdk.dag'`.","category":"DeprecatedImportWarning","filename":"/opt/airflow/dags/salse2s3.py","lineno":7,"logger":"py.warnings"}
{"timestamp":"2025-10-16T23:11:06.248600Z","level":"warning","event":"The `airflow.decorators.task` attribute is deprecated. Please use `'airflow.sdk.task'`.","category":"DeprecatedImportWarning","filename":"/opt/airflow/dags/salse2s3.py","lineno":7,"logger":"py.warnings"}
{"timestamp":"2025-10-16T23:11:36.675503Z","level":"info","event":"Filling up the DagBag from /opt/airflow/dags/salse2s3.py","logger":"airflow.models.dagbag.DagBag","filename":"dagbag.py","lineno":593}
{"timestamp":"2025-10-16T23:11:36.693118Z","level":"warning","event":"The `airflow.decorators.dag` attribute is deprecated. Please use `'airflow.sdk.dag'`.","category":"DeprecatedImportWarning","filename":"/opt/airflow/dags/salse2s3.py","lineno":7,"logger":"py.warnings"}
{"timestamp":"2025-10-16T23:11:36.693273Z","level":"warning","event":"The `airflow.decorators.task` attribute is deprecated. Please use `'airflow.sdk.task'`.","category":"DeprecatedImportWarning","filename":"/opt/airflow/dags/salse2s3.py","lineno":7,"logger":"py.warnings"}
{"timestamp":"2025-10-16T23:12:07.122079Z","level":"info","event":"Filling up the DagBag from /opt/airflow/dags/salse2s3.py","logger":"airflow.models.dagbag.DagBag","filename":"dagbag.py","lineno":593}
{"timestamp":"2025-10-16T23:12:07.136924Z","level":"warning","event":"The `airflow.decorators.dag` attribute is deprecated. Please use `'airflow.sdk.dag'`.","category":"DeprecatedImportWarning","filename":"/opt/airflow/dags/salse2s3.py","lineno":7,"logger":"py.warnings"}
{"timestamp":"2025-10-16T23:12:07.136983Z","level":"warning","event":"The `airflow.decorators.task` attribute is deprecated. Please use `'airflow.sdk.task'`.","category":"DeprecatedImportWarning","filename":"/opt/airflow/dags/salse2s3.py","lineno":7,"logger":"py.warnings"}
{"timestamp":"2025-10-16T23:12:37.535764Z","level":"info","event":"Filling up the DagBag from /opt/airflow/dags/salse2s3.py","logger":"airflow.models.dagbag.DagBag","filename":"dagbag.py","lineno":593}
{"timestamp":"2025-10-16T23:12:37.550638Z","level":"warning","event":"The `airflow.decorators.dag` attribute is deprecated. Please use `'airflow.sdk.dag'`.","category":"DeprecatedImportWarning","filename":"/opt/airflow/dags/salse2s3.py","lineno":7,"logger":"py.warnings"}
{"timestamp":"2025-10-16T23:12:37.550707Z","level":"warning","event":"The `airflow.decorators.task` attribute is deprecated. Please use `'airflow.sdk.task'`.","category":"DeprecatedImportWarning","filename":"/opt/airflow/dags/salse2s3.py","lineno":7,"logger":"py.warnings"}
{"timestamp":"2025-10-16T23:13:07.951528Z","level":"info","event":"Filling up the DagBag from /opt/airflow/dags/salse2s3.py","logger":"airflow.models.dagbag.DagBag","filename":"dagbag.py","lineno":593}
{"timestamp":"2025-10-16T23:13:07.962372Z","level":"warning","event":"The `airflow.decorators.dag` attribute is deprecated. Please use `'airflow.sdk.dag'`.","category":"DeprecatedImportWarning","filename":"/opt/airflow/dags/salse2s3.py","lineno":7,"logger":"py.warnings"}
{"timestamp":"2025-10-16T23:13:07.962426Z","level":"warning","event":"The `airflow.decorators.task` attribute is deprecated. Please use `'airflow.sdk.task'`.","category":"DeprecatedImportWarning","filename":"/opt/airflow/dags/salse2s3.py","lineno":7,"logger":"py.warnings"}
{"timestamp":"2025-10-16T23:13:38.385612Z","level":"info","event":"Filling up the DagBag from /opt/airflow/dags/salse2s3.py","logger":"airflow.models.dagbag.DagBag","filename":"dagbag.py","lineno":593}
{"timestamp":"2025-10-16T23:13:38.401020Z","level":"warning","event":"The `airflow.decorators.dag` attribute is deprecated. Please use `'airflow.sdk.dag'`.","category":"DeprecatedImportWarning","filename":"/opt/airflow/dags/salse2s3.py","lineno":7,"logger":"py.warnings"}
{"timestamp":"2025-10-16T23:13:38.401277Z","level":"warning","event":"The `airflow.decorators.task` attribute is deprecated. Please use `'airflow.sdk.task'`.","category":"DeprecatedImportWarning","filename":"/opt/airflow/dags/salse2s3.py","lineno":7,"logger":"py.warnings"}
{"timestamp":"2025-10-16T23:14:08.810961Z","level":"info","event":"Filling up the DagBag from /opt/airflow/dags/salse2s3.py","logger":"airflow.models.dagbag.DagBag","filename":"dagbag.py","lineno":593}
{"timestamp":"2025-10-16T23:14:08.827837Z","level":"warning","event":"The `airflow.decorators.dag` attribute is deprecated. Please use `'airflow.sdk.dag'`.","category":"DeprecatedImportWarning","filename":"/opt/airflow/dags/salse2s3.py","lineno":7,"logger":"py.warnings"}
{"timestamp":"2025-10-16T23:14:08.827898Z","level":"warning","event":"The `airflow.decorators.task` attribute is deprecated. Please use `'airflow.sdk.task'`.","category":"DeprecatedImportWarning","filename":"/opt/airflow/dags/salse2s3.py","lineno":7,"logger":"py.warnings"}
{"timestamp":"2025-10-16T23:14:39.189924Z","level":"info","event":"Filling up the DagBag from /opt/airflow/dags/salse2s3.py","logger":"airflow.models.dagbag.DagBag","filename":"dagbag.py","lineno":593}
{"timestamp":"2025-10-16T23:14:39.201823Z","level":"warning","event":"The `airflow.decorators.dag` attribute is deprecated. Please use `'airflow.sdk.dag'`.","category":"DeprecatedImportWarning","filename":"/opt/airflow/dags/salse2s3.py","lineno":7,"logger":"py.warnings"}
{"timestamp":"2025-10-16T23:14:39.201899Z","level":"warning","event":"The `airflow.decorators.task` attribute is deprecated. Please use `'airflow.sdk.task'`.","category":"DeprecatedImportWarning","filename":"/opt/airflow/dags/salse2s3.py","lineno":7,"logger":"py.warnings"}
{"timestamp":"2025-10-16T23:15:09.652842Z","level":"info","event":"Filling up the DagBag from /opt/airflow/dags/salse2s3.py","logger":"airflow.models.dagbag.DagBag","filename":"dagbag.py","lineno":593}
{"timestamp":"2025-10-16T23:15:09.668091Z","level":"warning","event":"The `airflow.decorators.dag` attribute is deprecated. Please use `'airflow.sdk.dag'`.","category":"DeprecatedImportWarning","filename":"/opt/airflow/dags/salse2s3.py","lineno":7,"logger":"py.warnings"}
{"timestamp":"2025-10-16T23:15:09.668157Z","level":"warning","event":"The `airflow.decorators.task` attribute is deprecated. Please use `'airflow.sdk.task'`.","category":"DeprecatedImportWarning","filename":"/opt/airflow/dags/salse2s3.py","lineno":7,"logger":"py.warnings"}
{"timestamp":"2025-10-16T23:15:40.088246Z","level":"info","event":"Filling up the DagBag from /opt/airflow/dags/salse2s3.py","logger":"airflow.models.dagbag.DagBag","filename":"dagbag.py","lineno":593}
{"timestamp":"2025-10-16T23:15:40.107866Z","level":"warning","event":"The `airflow.decorators.dag` attribute is deprecated. Please use `'airflow.sdk.dag'`.","category":"DeprecatedImportWarning","filename":"/opt/airflow/dags/salse2s3.py","lineno":7,"logger":"py.warnings"}
{"timestamp":"2025-10-16T23:15:40.108053Z","level":"warning","event":"The `airflow.decorators.task` attribute is deprecated. Please use `'airflow.sdk.task'`.","category":"DeprecatedImportWarning","filename":"/opt/airflow/dags/salse2s3.py","lineno":7,"logger":"py.warnings"}
{"timestamp":"2025-10-16T23:16:10.523480Z","level":"info","event":"Filling up the DagBag from /opt/airflow/dags/salse2s3.py","logger":"airflow.models.dagbag.DagBag","filename":"dagbag.py","lineno":593}
{"timestamp":"2025-10-16T23:16:10.536457Z","level":"warning","event":"The `airflow.decorators.dag` attribute is deprecated. Please use `'airflow.sdk.dag'`.","category":"DeprecatedImportWarning","filename":"/opt/airflow/dags/salse2s3.py","lineno":7,"logger":"py.warnings"}
{"timestamp":"2025-10-16T23:16:10.536621Z","level":"warning","event":"The `airflow.decorators.task` attribute is deprecated. Please use `'airflow.sdk.task'`.","category":"DeprecatedImportWarning","filename":"/opt/airflow/dags/salse2s3.py","lineno":7,"logger":"py.warnings"}
{"timestamp":"2025-10-16T23:16:40.931221Z","level":"info","event":"Filling up the DagBag from /opt/airflow/dags/salse2s3.py","logger":"airflow.models.dagbag.DagBag","filename":"dagbag.py","lineno":593}
{"timestamp":"2025-10-16T23:16:40.945773Z","level":"warning","event":"The `airflow.decorators.dag` attribute is deprecated. Please use `'airflow.sdk.dag'`.","category":"DeprecatedImportWarning","filename":"/opt/airflow/dags/salse2s3.py","lineno":7,"logger":"py.warnings"}
{"timestamp":"2025-10-16T23:16:40.945954Z","level":"warning","event":"The `airflow.decorators.task` attribute is deprecated. Please use `'airflow.sdk.task'`.","category":"DeprecatedImportWarning","filename":"/opt/airflow/dags/salse2s3.py","lineno":7,"logger":"py.warnings"}
{"timestamp":"2025-10-16T23:17:11.311362Z","level":"info","event":"Filling up the DagBag from /opt/airflow/dags/salse2s3.py","logger":"airflow.models.dagbag.DagBag","filename":"dagbag.py","lineno":593}
{"timestamp":"2025-10-16T23:17:11.329306Z","level":"warning","event":"The `airflow.decorators.dag` attribute is deprecated. Please use `'airflow.sdk.dag'`.","category":"DeprecatedImportWarning","filename":"/opt/airflow/dags/salse2s3.py","lineno":7,"logger":"py.warnings"}
{"timestamp":"2025-10-16T23:17:11.329485Z","level":"warning","event":"The `airflow.decorators.task` attribute is deprecated. Please use `'airflow.sdk.task'`.","category":"DeprecatedImportWarning","filename":"/opt/airflow/dags/salse2s3.py","lineno":7,"logger":"py.warnings"}
{"timestamp":"2025-10-16T23:17:41.822352Z","level":"info","event":"Filling up the DagBag from /opt/airflow/dags/salse2s3.py","logger":"airflow.models.dagbag.DagBag","filename":"dagbag.py","lineno":593}
{"timestamp":"2025-10-16T23:17:41.844581Z","level":"warning","event":"The `airflow.decorators.dag` attribute is deprecated. Please use `'airflow.sdk.dag'`.","category":"DeprecatedImportWarning","filename":"/opt/airflow/dags/salse2s3.py","lineno":7,"logger":"py.warnings"}
{"timestamp":"2025-10-16T23:17:41.844653Z","level":"warning","event":"The `airflow.decorators.task` attribute is deprecated. Please use `'airflow.sdk.task'`.","category":"DeprecatedImportWarning","filename":"/opt/airflow/dags/salse2s3.py","lineno":7,"logger":"py.warnings"}
{"timestamp":"2025-10-16T23:18:12.320415Z","level":"info","event":"Filling up the DagBag from /opt/airflow/dags/salse2s3.py","logger":"airflow.models.dagbag.DagBag","filename":"dagbag.py","lineno":593}
{"timestamp":"2025-10-16T23:18:12.338316Z","level":"warning","event":"The `airflow.decorators.dag` attribute is deprecated. Please use `'airflow.sdk.dag'`.","category":"DeprecatedImportWarning","filename":"/opt/airflow/dags/salse2s3.py","lineno":7,"logger":"py.warnings"}
{"timestamp":"2025-10-16T23:18:12.338491Z","level":"warning","event":"The `airflow.decorators.task` attribute is deprecated. Please use `'airflow.sdk.task'`.","category":"DeprecatedImportWarning","filename":"/opt/airflow/dags/salse2s3.py","lineno":7,"logger":"py.warnings"}
{"timestamp":"2025-10-16T23:18:42.785447Z","level":"info","event":"Filling up the DagBag from /opt/airflow/dags/salse2s3.py","logger":"airflow.models.dagbag.DagBag","filename":"dagbag.py","lineno":593}
{"timestamp":"2025-10-16T23:18:42.802461Z","level":"warning","event":"The `airflow.decorators.dag` attribute is deprecated. Please use `'airflow.sdk.dag'`.","category":"DeprecatedImportWarning","filename":"/opt/airflow/dags/salse2s3.py","lineno":7,"logger":"py.warnings"}
{"timestamp":"2025-10-16T23:18:42.802631Z","level":"warning","event":"The `airflow.decorators.task` attribute is deprecated. Please use `'airflow.sdk.task'`.","category":"DeprecatedImportWarning","filename":"/opt/airflow/dags/salse2s3.py","lineno":7,"logger":"py.warnings"}
{"timestamp":"2025-10-16T23:19:13.264968Z","level":"info","event":"Filling up the DagBag from /opt/airflow/dags/salse2s3.py","logger":"airflow.models.dagbag.DagBag","filename":"dagbag.py","lineno":593}
{"timestamp":"2025-10-16T23:19:13.281132Z","level":"warning","event":"The `airflow.decorators.dag` attribute is deprecated. Please use `'airflow.sdk.dag'`.","category":"DeprecatedImportWarning","filename":"/opt/airflow/dags/salse2s3.py","lineno":7,"logger":"py.warnings"}
{"timestamp":"2025-10-16T23:19:13.281194Z","level":"warning","event":"The `airflow.decorators.task` attribute is deprecated. Please use `'airflow.sdk.task'`.","category":"DeprecatedImportWarning","filename":"/opt/airflow/dags/salse2s3.py","lineno":7,"logger":"py.warnings"}
{"timestamp":"2025-10-16T23:19:43.704172Z","level":"info","event":"Filling up the DagBag from /opt/airflow/dags/salse2s3.py","logger":"airflow.models.dagbag.DagBag","filename":"dagbag.py","lineno":593}
{"timestamp":"2025-10-16T23:19:43.720060Z","level":"warning","event":"The `airflow.decorators.dag` attribute is deprecated. Please use `'airflow.sdk.dag'`.","category":"DeprecatedImportWarning","filename":"/opt/airflow/dags/salse2s3.py","lineno":7,"logger":"py.warnings"}
{"timestamp":"2025-10-16T23:19:43.720429Z","level":"warning","event":"The `airflow.decorators.task` attribute is deprecated. Please use `'airflow.sdk.task'`.","category":"DeprecatedImportWarning","filename":"/opt/airflow/dags/salse2s3.py","lineno":7,"logger":"py.warnings"}
{"timestamp":"2025-10-16T23:20:14.202579Z","level":"info","event":"Filling up the DagBag from /opt/airflow/dags/salse2s3.py","logger":"airflow.models.dagbag.DagBag","filename":"dagbag.py","lineno":593}
{"timestamp":"2025-10-16T23:20:14.220268Z","level":"warning","event":"The `airflow.decorators.dag` attribute is deprecated. Please use `'airflow.sdk.dag'`.","category":"DeprecatedImportWarning","filename":"/opt/airflow/dags/salse2s3.py","lineno":7,"logger":"py.warnings"}
{"timestamp":"2025-10-16T23:20:14.220323Z","level":"warning","event":"The `airflow.decorators.task` attribute is deprecated. Please use `'airflow.sdk.task'`.","category":"DeprecatedImportWarning","filename":"/opt/airflow/dags/salse2s3.py","lineno":7,"logger":"py.warnings"}
{"timestamp":"2025-10-16T23:20:44.674855Z","level":"info","event":"Filling up the DagBag from /opt/airflow/dags/salse2s3.py","logger":"airflow.models.dagbag.DagBag","filename":"dagbag.py","lineno":593}
{"timestamp":"2025-10-16T23:20:44.688299Z","level":"warning","event":"The `airflow.decorators.dag` attribute is deprecated. Please use `'airflow.sdk.dag'`.","category":"DeprecatedImportWarning","filename":"/opt/airflow/dags/salse2s3.py","lineno":7,"logger":"py.warnings"}
{"timestamp":"2025-10-16T23:20:44.688472Z","level":"warning","event":"The `airflow.decorators.task` attribute is deprecated. Please use `'airflow.sdk.task'`.","category":"DeprecatedImportWarning","filename":"/opt/airflow/dags/salse2s3.py","lineno":7,"logger":"py.warnings"}
{"timestamp":"2025-10-16T23:21:15.100757Z","level":"info","event":"Filling up the DagBag from /opt/airflow/dags/salse2s3.py","logger":"airflow.models.dagbag.DagBag","filename":"dagbag.py","lineno":593}
{"timestamp":"2025-10-16T23:21:15.117009Z","level":"warning","event":"The `airflow.decorators.dag` attribute is deprecated. Please use `'airflow.sdk.dag'`.","category":"DeprecatedImportWarning","filename":"/opt/airflow/dags/salse2s3.py","lineno":7,"logger":"py.warnings"}
{"timestamp":"2025-10-16T23:21:15.117071Z","level":"warning","event":"The `airflow.decorators.task` attribute is deprecated. Please use `'airflow.sdk.task'`.","category":"DeprecatedImportWarning","filename":"/opt/airflow/dags/salse2s3.py","lineno":7,"logger":"py.warnings"}
{"timestamp":"2025-10-16T23:21:45.617380Z","level":"info","event":"Filling up the DagBag from /opt/airflow/dags/salse2s3.py","logger":"airflow.models.dagbag.DagBag","filename":"dagbag.py","lineno":593}
{"timestamp":"2025-10-16T23:21:45.635639Z","level":"warning","event":"The `airflow.decorators.dag` attribute is deprecated. Please use `'airflow.sdk.dag'`.","category":"DeprecatedImportWarning","filename":"/opt/airflow/dags/salse2s3.py","lineno":7,"logger":"py.warnings"}
{"timestamp":"2025-10-16T23:21:45.635839Z","level":"warning","event":"The `airflow.decorators.task` attribute is deprecated. Please use `'airflow.sdk.task'`.","category":"DeprecatedImportWarning","filename":"/opt/airflow/dags/salse2s3.py","lineno":7,"logger":"py.warnings"}
{"timestamp":"2025-10-16T23:22:16.054061Z","level":"info","event":"Filling up the DagBag from /opt/airflow/dags/salse2s3.py","logger":"airflow.models.dagbag.DagBag","filename":"dagbag.py","lineno":593}
{"timestamp":"2025-10-16T23:22:16.069949Z","level":"warning","event":"The `airflow.decorators.dag` attribute is deprecated. Please use `'airflow.sdk.dag'`.","category":"DeprecatedImportWarning","filename":"/opt/airflow/dags/salse2s3.py","lineno":7,"logger":"py.warnings"}
{"timestamp":"2025-10-16T23:22:16.070138Z","level":"warning","event":"The `airflow.decorators.task` attribute is deprecated. Please use `'airflow.sdk.task'`.","category":"DeprecatedImportWarning","filename":"/opt/airflow/dags/salse2s3.py","lineno":7,"logger":"py.warnings"}
{"timestamp":"2025-10-16T23:22:46.504257Z","level":"info","event":"Filling up the DagBag from /opt/airflow/dags/salse2s3.py","logger":"airflow.models.dagbag.DagBag","filename":"dagbag.py","lineno":593}
{"timestamp":"2025-10-16T23:22:46.521967Z","level":"warning","event":"The `airflow.decorators.dag` attribute is deprecated. Please use `'airflow.sdk.dag'`.","category":"DeprecatedImportWarning","filename":"/opt/airflow/dags/salse2s3.py","lineno":7,"logger":"py.warnings"}
{"timestamp":"2025-10-16T23:22:46.522141Z","level":"warning","event":"The `airflow.decorators.task` attribute is deprecated. Please use `'airflow.sdk.task'`.","category":"DeprecatedImportWarning","filename":"/opt/airflow/dags/salse2s3.py","lineno":7,"logger":"py.warnings"}
{"timestamp":"2025-10-16T23:23:16.857864Z","level":"info","event":"Filling up the DagBag from /opt/airflow/dags/salse2s3.py","logger":"airflow.models.dagbag.DagBag","filename":"dagbag.py","lineno":593}
{"timestamp":"2025-10-16T23:23:16.872568Z","level":"warning","event":"The `airflow.decorators.dag` attribute is deprecated. Please use `'airflow.sdk.dag'`.","category":"DeprecatedImportWarning","filename":"/opt/airflow/dags/salse2s3.py","lineno":7,"logger":"py.warnings"}
{"timestamp":"2025-10-16T23:23:16.872630Z","level":"warning","event":"The `airflow.decorators.task` attribute is deprecated. Please use `'airflow.sdk.task'`.","category":"DeprecatedImportWarning","filename":"/opt/airflow/dags/salse2s3.py","lineno":7,"logger":"py.warnings"}
{"timestamp":"2025-10-16T23:23:47.258406Z","level":"info","event":"Filling up the DagBag from /opt/airflow/dags/salse2s3.py","logger":"airflow.models.dagbag.DagBag","filename":"dagbag.py","lineno":593}
{"timestamp":"2025-10-16T23:23:47.272952Z","level":"warning","event":"The `airflow.decorators.dag` attribute is deprecated. Please use `'airflow.sdk.dag'`.","category":"DeprecatedImportWarning","filename":"/opt/airflow/dags/salse2s3.py","lineno":7,"logger":"py.warnings"}
{"timestamp":"2025-10-16T23:23:47.273125Z","level":"warning","event":"The `airflow.decorators.task` attribute is deprecated. Please use `'airflow.sdk.task'`.","category":"DeprecatedImportWarning","filename":"/opt/airflow/dags/salse2s3.py","lineno":7,"logger":"py.warnings"}
{"timestamp":"2025-10-16T23:24:17.752982Z","level":"info","event":"Filling up the DagBag from /opt/airflow/dags/salse2s3.py","logger":"airflow.models.dagbag.DagBag","filename":"dagbag.py","lineno":593}
{"timestamp":"2025-10-16T23:24:17.769227Z","level":"warning","event":"The `airflow.decorators.dag` attribute is deprecated. Please use `'airflow.sdk.dag'`.","category":"DeprecatedImportWarning","filename":"/opt/airflow/dags/salse2s3.py","lineno":7,"logger":"py.warnings"}
{"timestamp":"2025-10-16T23:24:17.769396Z","level":"warning","event":"The `airflow.decorators.task` attribute is deprecated. Please use `'airflow.sdk.task'`.","category":"DeprecatedImportWarning","filename":"/opt/airflow/dags/salse2s3.py","lineno":7,"logger":"py.warnings"}
{"timestamp":"2025-10-16T23:39:38.964701Z","level":"info","event":"Filling up the DagBag from /opt/airflow/dags/salse2s3.py","logger":"airflow.models.dagbag.DagBag","filename":"dagbag.py","lineno":593}
{"timestamp":"2025-10-16T23:39:38.976880Z","level":"warning","event":"The `airflow.decorators.dag` attribute is deprecated. Please use `'airflow.sdk.dag'`.","category":"DeprecatedImportWarning","filename":"/opt/airflow/dags/salse2s3.py","lineno":7,"logger":"py.warnings"}
{"timestamp":"2025-10-16T23:39:38.977044Z","level":"warning","event":"The `airflow.decorators.task` attribute is deprecated. Please use `'airflow.sdk.task'`.","category":"DeprecatedImportWarning","filename":"/opt/airflow/dags/salse2s3.py","lineno":7,"logger":"py.warnings"}
{"timestamp":"2025-10-16T23:40:09.446055Z","level":"info","event":"Filling up the DagBag from /opt/airflow/dags/salse2s3.py","logger":"airflow.models.dagbag.DagBag","filename":"dagbag.py","lineno":593}
{"timestamp":"2025-10-16T23:40:09.464259Z","level":"warning","event":"The `airflow.decorators.dag` attribute is deprecated. Please use `'airflow.sdk.dag'`.","category":"DeprecatedImportWarning","filename":"/opt/airflow/dags/salse2s3.py","lineno":7,"logger":"py.warnings"}
{"timestamp":"2025-10-16T23:40:09.464440Z","level":"warning","event":"The `airflow.decorators.task` attribute is deprecated. Please use `'airflow.sdk.task'`.","category":"DeprecatedImportWarning","filename":"/opt/airflow/dags/salse2s3.py","lineno":7,"logger":"py.warnings"}
{"timestamp":"2025-10-16T23:40:40.005079Z","level":"info","event":"Filling up the DagBag from /opt/airflow/dags/salse2s3.py","logger":"airflow.models.dagbag.DagBag","filename":"dagbag.py","lineno":593}
{"timestamp":"2025-10-16T23:40:40.022166Z","level":"warning","event":"The `airflow.decorators.dag` attribute is deprecated. Please use `'airflow.sdk.dag'`.","category":"DeprecatedImportWarning","filename":"/opt/airflow/dags/salse2s3.py","lineno":7,"logger":"py.warnings"}
{"timestamp":"2025-10-16T23:40:40.022324Z","level":"warning","event":"The `airflow.decorators.task` attribute is deprecated. Please use `'airflow.sdk.task'`.","category":"DeprecatedImportWarning","filename":"/opt/airflow/dags/salse2s3.py","lineno":7,"logger":"py.warnings"}
{"timestamp":"2025-10-16T23:41:10.491892Z","level":"info","event":"Filling up the DagBag from /opt/airflow/dags/salse2s3.py","logger":"airflow.models.dagbag.DagBag","filename":"dagbag.py","lineno":593}
{"timestamp":"2025-10-16T23:41:10.506673Z","level":"warning","event":"The `airflow.decorators.dag` attribute is deprecated. Please use `'airflow.sdk.dag'`.","category":"DeprecatedImportWarning","filename":"/opt/airflow/dags/salse2s3.py","lineno":7,"logger":"py.warnings"}
{"timestamp":"2025-10-16T23:41:10.506846Z","level":"warning","event":"The `airflow.decorators.task` attribute is deprecated. Please use `'airflow.sdk.task'`.","category":"DeprecatedImportWarning","filename":"/opt/airflow/dags/salse2s3.py","lineno":7,"logger":"py.warnings"}
{"timestamp":"2025-10-16T23:41:41.021579Z","level":"info","event":"Filling up the DagBag from /opt/airflow/dags/salse2s3.py","logger":"airflow.models.dagbag.DagBag","filename":"dagbag.py","lineno":593}
{"timestamp":"2025-10-16T23:41:41.036605Z","level":"warning","event":"The `airflow.decorators.dag` attribute is deprecated. Please use `'airflow.sdk.dag'`.","category":"DeprecatedImportWarning","filename":"/opt/airflow/dags/salse2s3.py","lineno":7,"logger":"py.warnings"}
{"timestamp":"2025-10-16T23:41:41.036786Z","level":"warning","event":"The `airflow.decorators.task` attribute is deprecated. Please use `'airflow.sdk.task'`.","category":"DeprecatedImportWarning","filename":"/opt/airflow/dags/salse2s3.py","lineno":7,"logger":"py.warnings"}
{"timestamp":"2025-10-16T23:42:11.499491Z","level":"info","event":"Filling up the DagBag from /opt/airflow/dags/salse2s3.py","logger":"airflow.models.dagbag.DagBag","filename":"dagbag.py","lineno":593}
{"timestamp":"2025-10-16T23:42:11.509774Z","level":"warning","event":"The `airflow.decorators.dag` attribute is deprecated. Please use `'airflow.sdk.dag'`.","category":"DeprecatedImportWarning","filename":"/opt/airflow/dags/salse2s3.py","lineno":7,"logger":"py.warnings"}
{"timestamp":"2025-10-16T23:42:11.509913Z","level":"warning","event":"The `airflow.decorators.task` attribute is deprecated. Please use `'airflow.sdk.task'`.","category":"DeprecatedImportWarning","filename":"/opt/airflow/dags/salse2s3.py","lineno":7,"logger":"py.warnings"}
{"timestamp":"2025-10-16T23:42:41.965446Z","level":"info","event":"Filling up the DagBag from /opt/airflow/dags/salse2s3.py","logger":"airflow.models.dagbag.DagBag","filename":"dagbag.py","lineno":593}
{"timestamp":"2025-10-16T23:42:41.978057Z","level":"warning","event":"The `airflow.decorators.dag` attribute is deprecated. Please use `'airflow.sdk.dag'`.","category":"DeprecatedImportWarning","filename":"/opt/airflow/dags/salse2s3.py","lineno":7,"logger":"py.warnings"}
{"timestamp":"2025-10-16T23:42:41.978896Z","level":"warning","event":"The `airflow.decorators.task` attribute is deprecated. Please use `'airflow.sdk.task'`.","category":"DeprecatedImportWarning","filename":"/opt/airflow/dags/salse2s3.py","lineno":7,"logger":"py.warnings"}
{"timestamp":"2025-10-16T23:43:12.448636Z","level":"info","event":"Filling up the DagBag from /opt/airflow/dags/salse2s3.py","logger":"airflow.models.dagbag.DagBag","filename":"dagbag.py","lineno":593}
{"timestamp":"2025-10-16T23:43:12.464565Z","level":"warning","event":"The `airflow.decorators.dag` attribute is deprecated. Please use `'airflow.sdk.dag'`.","category":"DeprecatedImportWarning","filename":"/opt/airflow/dags/salse2s3.py","lineno":7,"logger":"py.warnings"}
{"timestamp":"2025-10-16T23:43:12.464730Z","level":"warning","event":"The `airflow.decorators.task` attribute is deprecated. Please use `'airflow.sdk.task'`.","category":"DeprecatedImportWarning","filename":"/opt/airflow/dags/salse2s3.py","lineno":7,"logger":"py.warnings"}
{"timestamp":"2025-10-16T23:43:42.944391Z","level":"info","event":"Filling up the DagBag from /opt/airflow/dags/salse2s3.py","logger":"airflow.models.dagbag.DagBag","filename":"dagbag.py","lineno":593}
{"timestamp":"2025-10-16T23:43:42.959446Z","level":"warning","event":"The `airflow.decorators.dag` attribute is deprecated. Please use `'airflow.sdk.dag'`.","category":"DeprecatedImportWarning","filename":"/opt/airflow/dags/salse2s3.py","lineno":7,"logger":"py.warnings"}
{"timestamp":"2025-10-16T23:43:42.959643Z","level":"warning","event":"The `airflow.decorators.task` attribute is deprecated. Please use `'airflow.sdk.task'`.","category":"DeprecatedImportWarning","filename":"/opt/airflow/dags/salse2s3.py","lineno":7,"logger":"py.warnings"}
{"timestamp":"2025-10-16T23:52:27.001100Z","level":"info","event":"Filling up the DagBag from /opt/airflow/dags/salse2s3.py","logger":"airflow.models.dagbag.DagBag","filename":"dagbag.py","lineno":593}
{"timestamp":"2025-10-16T23:52:27.017954Z","level":"warning","event":"The `airflow.decorators.dag` attribute is deprecated. Please use `'airflow.sdk.dag'`.","category":"DeprecatedImportWarning","filename":"/opt/airflow/dags/salse2s3.py","lineno":7,"logger":"py.warnings"}
{"timestamp":"2025-10-16T23:52:27.018014Z","level":"warning","event":"The `airflow.decorators.task` attribute is deprecated. Please use `'airflow.sdk.task'`.","category":"DeprecatedImportWarning","filename":"/opt/airflow/dags/salse2s3.py","lineno":7,"logger":"py.warnings"}
{"timestamp":"2025-10-16T23:52:57.444711Z","level":"info","event":"Filling up the DagBag from /opt/airflow/dags/salse2s3.py","logger":"airflow.models.dagbag.DagBag","filename":"dagbag.py","lineno":593}
{"timestamp":"2025-10-16T23:52:57.457989Z","level":"warning","event":"The `airflow.decorators.dag` attribute is deprecated. Please use `'airflow.sdk.dag'`.","category":"DeprecatedImportWarning","filename":"/opt/airflow/dags/salse2s3.py","lineno":7,"logger":"py.warnings"}
{"timestamp":"2025-10-16T23:52:57.458054Z","level":"warning","event":"The `airflow.decorators.task` attribute is deprecated. Please use `'airflow.sdk.task'`.","category":"DeprecatedImportWarning","filename":"/opt/airflow/dags/salse2s3.py","lineno":7,"logger":"py.warnings"}
